adcode,city,name_zh,name_en,income,income_kind,school,college_hc,poverty_inv,income_mix,high_skill,inclusion,transit,pop_wan,source,note_zh,note_en
osm15716134,beijing,东华门街道,Donghuamen Subdistrict,96429,cny_pc,90,78,88,62,86,28,95,8.9,compiled,轮廓为 OSM admin_level=8，裁入既有东城区多边形，非民政原件。收入和学校等指标沿用所在区的公开数字，不是街道公报。人口按该区常住人口做面积分摊。,"Outline is OSM admin_level 8 clipped into the existing Dongcheng polygon, not a civil-affairs original. Income and covariates are the parent district figures, not a street bulletin. Population is an area share of the district total."
osm15716132,beijing,景山街道,Jingshan Subdistrict,96429,cny_pc,90,78,88,62,86,28,95,2.9,compiled,轮廓为 OSM admin_level=8，裁入既有东城区多边形，非民政原件。收入和学校等指标沿用所在区的公开数字，不是街道公报。人口按该区常住人口做面积分摊。,"Outline is OSM admin_level 8 clipped into the existing Dongcheng polygon, not a civil-affairs original. Income and covariates are the parent district figures, not a street bulletin. Population is an area share of the district total."
osm15716130,beijing,交道口街道,Jiaodaokou Subdistrict,96429,cny_pc,90,78,88,62,86,28,95,2.5,compiled,轮廓为 OSM admin_level=8，裁入既有东城区多边形，非民政原件。收入和学校等指标沿用所在区的公开数字，不是街道公报。人口按该区常住人口做面积分摊。,"Outline is OSM admin_level 8 clipped into the existing Dongcheng polygon, not a civil-affairs original. Income and covariates are the parent district figures, not a street bulletin. Population is an area share of the district total."
osm15716129,beijing,安定门街道,Andingmen Subdistrict,96429,cny_pc,90,78,88,62,86,28,95,3.2,compiled,轮廓为 OSM admin_level=8，裁入既有东城区多边形，非民政原件。收入和学校等指标沿用所在区的公开数字，不是街道公报。人口按该区常住人口做面积分摊。,"Outline is OSM admin_level 8 clipped into the existing Dongcheng polygon, not a civil-affairs original. Income and covariates are the parent district figures, not a street bulletin. Population is an area share of the district total."
osm15716131,beijing,北新桥街道,Beixinqiao Subdistrict,96429,cny_pc,90,78,88,62,86,28,95,4.4,compiled,轮廓为 OSM admin_level=8，裁入既有东城区多边形，非民政原件。收入和学校等指标沿用所在区的公开数字，不是街道公报。人口按该区常住人口做面积分摊。,"Outline is OSM admin_level 8 clipped into the existing Dongcheng polygon, not a civil-affairs original. Income and covariates are the parent district figures, not a street bulletin. Population is an area share of the district total."
osm15716133,beijing,东四街道,Dongsi Subdistrict,96429,cny_pc,90,78,88,62,86,28,95,2.5,compiled,轮廓为 OSM admin_level=8，裁入既有东城区多边形，非民政原件。收入和学校等指标沿用所在区的公开数字，不是街道公报。人口按该区常住人口做面积分摊。,"Outline is OSM admin_level 8 clipped into the existing Dongcheng polygon, not a civil-affairs original. Income and covariates are the parent district figures, not a street bulletin. Population is an area share of the district total."
osm15716135,beijing,朝阳门街道,Chaoyangmen Subdistrict,96429,cny_pc,90,78,88,62,86,28,95,2.0,compiled,轮廓为 OSM admin_level=8，裁入既有东城区多边形，非民政原件。收入和学校等指标沿用所在区的公开数字，不是街道公报。人口按该区常住人口做面积分摊。,"Outline is OSM admin_level 8 clipped into the existing Dongcheng polygon, not a civil-affairs original. Income and covariates are the parent district figures, not a street bulletin. Population is an area share of the district total."
osm15716136,beijing,建国门街道,Jianguomen Subdistrict,96429,cny_pc,90,78,88,62,86,28,95,4.5,compiled,轮廓为 OSM admin_level=8，裁入既有东城区多边形，非民政原件。收入和学校等指标沿用所在区的公开数字，不是街道公报。人口按该区常住人口做面积分摊。,"Outline is OSM admin_level 8 clipped into the existing Dongcheng polygon, not a civil-affairs original. Income and covariates are the parent district figures, not a street bulletin. Population is an area share of the district total."
osm15716128,beijing,东直门街道,Dongzhimen Subdistrict,96429,cny_pc,90,78,88,62,86,28,95,3.6,compiled,轮廓为 OSM admin_level=8，裁入既有东城区多边形，非民政原件。收入和学校等指标沿用所在区的公开数字，不是街道公报。人口按该区常住人口做面积分摊。,"Outline is OSM admin_level 8 clipped into the existing Dongcheng polygon, not a civil-affairs original. Income and covariates are the parent district figures, not a street bulletin. Population is an area share of the district total."
osm13298685,beijing,和平里街道,Hepingli Subdistrict,96429,cny_pc,90,78,88,62,86,28,95,8.3,compiled,轮廓为 OSM admin_level=8，裁入既有东城区多边形，非民政原件。收入和学校等指标沿用所在区的公开数字，不是街道公报。人口按该区常住人口做面积分摊。,"Outline is OSM admin_level 8 clipped into the existing Dongcheng polygon, not a civil-affairs original. Income and covariates are the parent district figures, not a street bulletin. Population is an area share of the district total."
osm15716141,beijing,前门街道,Qianmen Subdistrict,96429,cny_pc,90,78,88,62,86,28,95,1.8,compiled,轮廓为 OSM admin_level=8，裁入既有东城区多边形，非民政原件。收入和学校等指标沿用所在区的公开数字，不是街道公报。人口按该区常住人口做面积分摊。,"Outline is OSM admin_level 8 clipped into the existing Dongcheng polygon, not a civil-affairs original. Income and covariates are the parent district figures, not a street bulletin. Population is an area share of the district total."
osm15716142,beijing,崇文门外街道,Chongwenmenwai Subdistrict,96429,cny_pc,90,78,88,62,86,28,95,2.0,compiled,轮廓为 OSM admin_level=8，裁入既有东城区多边形，非民政原件。收入和学校等指标沿用所在区的公开数字，不是街道公报。人口按该区常住人口做面积分摊。,"Outline is OSM admin_level 8 clipped into the existing Dongcheng polygon, not a civil-affairs original. Income and covariates are the parent district figures, not a street bulletin. Population is an area share of the district total."
osm15716137,beijing,东花市街道,Donghuashi Subdistrict,96429,cny_pc,90,78,88,62,86,28,95,3.3,compiled,轮廓为 OSM admin_level=8，裁入既有东城区多边形，非民政原件。收入和学校等指标沿用所在区的公开数字，不是街道公报。人口按该区常住人口做面积分摊。,"Outline is OSM admin_level 8 clipped into the existing Dongcheng polygon, not a civil-affairs original. Income and covariates are the parent district figures, not a street bulletin. Population is an area share of the district total."
osm15716140,beijing,龙潭街道,Longtan Subdistrict,96429,cny_pc,90,78,88,62,86,28,95,5.2,compiled,轮廓为 OSM admin_level=8，裁入既有东城区多边形，非民政原件。收入和学校等指标沿用所在区的公开数字，不是街道公报。人口按该区常住人口做面积分摊。,"Outline is OSM admin_level 8 clipped into the existing Dongcheng polygon, not a civil-affairs original. Income and covariates are the parent district figures, not a street bulletin. Population is an area share of the district total."
osm15716139,beijing,体育馆路街道,Tiyuguanlu Subdistrict,96429,cny_pc,90,78,88,62,86,28,95,3.2,compiled,轮廓为 OSM admin_level=8，裁入既有东城区多边形，非民政原件。收入和学校等指标沿用所在区的公开数字，不是街道公报。人口按该区常住人口做面积分摊。,"Outline is OSM admin_level 8 clipped into the existing Dongcheng polygon, not a civil-affairs original. Income and covariates are the parent district figures, not a street bulletin. Population is an area share of the district total."
osm15716138,beijing,天坛街道,Tiantan Subdistrict,96429,cny_pc,90,78,88,62,86,28,95,6.9,compiled,轮廓为 OSM admin_level=8，裁入既有东城区多边形，非民政原件。收入和学校等指标沿用所在区的公开数字，不是街道公报。人口按该区常住人口做面积分摊。,"Outline is OSM admin_level 8 clipped into the existing Dongcheng polygon, not a civil-affairs original. Income and covariates are the parent district figures, not a street bulletin. Population is an area share of the district total."
osm15715291,beijing,永定门外街道,Yongdingmenwai Subdistrict,96429,cny_pc,90,78,88,62,86,28,95,5.6,compiled,轮廓为 OSM admin_level=8，裁入既有东城区多边形，非民政原件。收入和学校等指标沿用所在区的公开数字，不是街道公报。人口按该区常住人口做面积分摊。,"Outline is OSM admin_level 8 clipped into the existing Dongcheng polygon, not a civil-affairs original. Income and covariates are the parent district figures, not a street bulletin. Population is an area share of the district total."
osm13210714,beijing,西长安街街道,Xichang'anjie Subdistrict,104187,cny_pc,95,80,92,58,94,22,96,9.2,compiled,轮廓为 OSM admin_level=8，裁入既有西城区多边形，非民政原件。收入和学校等指标沿用所在区的公开数字，不是街道公报。人口按该区常住人口做面积分摊。,"Outline is OSM admin_level 8 clipped into the existing Xicheng polygon, not a civil-affairs original. Income and covariates are the parent district figures, not a street bulletin. Population is an area share of the district total."
osm13202425,beijing,新街口街道,Xinjiekou Subdistrict,104187,cny_pc,95,80,92,58,94,22,96,7.8,compiled,轮廓为 OSM admin_level=8，裁入既有西城区多边形，非民政原件。收入和学校等指标沿用所在区的公开数字，不是街道公报。人口按该区常住人口做面积分摊。,"Outline is OSM admin_level 8 clipped into the existing Xicheng polygon, not a civil-affairs original. Income and covariates are the parent district figures, not a street bulletin. Population is an area share of the district total."
osm13210712,beijing,月坛街道,Yuetan Subdistrict,104187,cny_pc,95,80,92,58,94,22,96,8.9,compiled,轮廓为 OSM admin_level=8，裁入既有西城区多边形，非民政原件。收入和学校等指标沿用所在区的公开数字，不是街道公报。人口按该区常住人口做面积分摊。,"Outline is OSM admin_level 8 clipped into the existing Xicheng polygon, not a civil-affairs original. Income and covariates are the parent district figures, not a street bulletin. Population is an area share of the district total."
osm13202424,beijing,展览路街道,Zhanlanlu Subdistrict,104187,cny_pc,95,80,92,58,94,22,96,12.0,compiled,轮廓为 OSM admin_level=8，裁入既有西城区多边形，非民政原件。收入和学校等指标沿用所在区的公开数字，不是街道公报。人口按该区常住人口做面积分摊。,"Outline is OSM admin_level 8 clipped into the existing Xicheng polygon, not a civil-affairs original. Income and covariates are the parent district figures, not a street bulletin. Population is an area share of the district total."
osm13202423,beijing,德胜街道,Desheng Subdistrict,104187,cny_pc,95,80,92,58,94,22,96,9.1,compiled,轮廓为 OSM admin_level=8，裁入既有西城区多边形，非民政原件。收入和学校等指标沿用所在区的公开数字，不是街道公报。人口按该区常住人口做面积分摊。,"Outline is OSM admin_level 8 clipped into the existing Xicheng polygon, not a civil-affairs original. Income and covariates are the parent district figures, not a street bulletin. Population is an area share of the district total."
osm13210713,beijing,金融街街道,Financial Street Subdistrict,104187,cny_pc,95,80,92,58,94,22,96,8.6,compiled,轮廓为 OSM admin_level=8，裁入既有西城区多边形，非民政原件。收入和学校等指标沿用所在区的公开数字，不是街道公报。人口按该区常住人口做面积分摊。,"Outline is OSM admin_level 8 clipped into the existing Xicheng polygon, not a civil-affairs original. Income and covariates are the parent district figures, not a street bulletin. Population is an area share of the district total."
osm13202426,beijing,什刹海街道,Shichahai Subdistrict,104187,cny_pc,95,80,92,58,94,22,96,12.5,compiled,轮廓为 OSM admin_level=8，裁入既有西城区多边形，非民政原件。收入和学校等指标沿用所在区的公开数字，不是街道公报。人口按该区常住人口做面积分摊。,"Outline is OSM admin_level 8 clipped into the existing Xicheng polygon, not a civil-affairs original. Income and covariates are the parent district figures, not a street bulletin. Population is an area share of the district total."
osm13210719,beijing,大栅栏街道,Dashilanr Subdistrict,104187,cny_pc,95,80,92,58,94,22,96,2.7,compiled,轮廓为 OSM admin_level=8，裁入既有西城区多边形，非民政原件。收入和学校等指标沿用所在区的公开数字，不是街道公报。人口按该区常住人口做面积分摊。,"Outline is OSM admin_level 8 clipped into the existing Xicheng polygon, not a civil-affairs original. Income and covariates are the parent district figures, not a street bulletin. Population is an area share of the district total."
osm13202422,beijing,天桥街道,Tianqiao Subdistrict,104187,cny_pc,95,80,92,58,94,22,96,4.5,compiled,轮廓为 OSM admin_level=8，裁入既有西城区多边形，非民政原件。收入和学校等指标沿用所在区的公开数字，不是街道公报。人口按该区常住人口做面积分摊。,"Outline is OSM admin_level 8 clipped into the existing Xicheng polygon, not a civil-affairs original. Income and covariates are the parent district figures, not a street bulletin. Population is an area share of the district total."
osm13210718,beijing,椿树街道,Chunshu Subdistrict,104187,cny_pc,95,80,92,58,94,22,96,2.2,compiled,轮廓为 OSM admin_level=8，裁入既有西城区多边形，非民政原件。收入和学校等指标沿用所在区的公开数字，不是街道公报。人口按该区常住人口做面积分摊。,"Outline is OSM admin_level 8 clipped into the existing Xicheng polygon, not a civil-affairs original. Income and covariates are the parent district figures, not a street bulletin. Population is an area share of the district total."
osm13202421,beijing,陶然亭街道,Taoranting Subdistrict,104187,cny_pc,95,80,92,58,94,22,96,4.8,compiled,轮廓为 OSM admin_level=8，裁入既有西城区多边形，非民政原件。收入和学校等指标沿用所在区的公开数字，不是街道公报。人口按该区常住人口做面积分摊。,"Outline is OSM admin_level 8 clipped into the existing Xicheng polygon, not a civil-affairs original. Income and covariates are the parent district figures, not a street bulletin. Population is an area share of the district total."
osm13210716,beijing,广安门内街道,Guanganmennei Subdistrict,104187,cny_pc,95,80,92,58,94,22,96,5.3,compiled,轮廓为 OSM admin_level=8，裁入既有西城区多边形，非民政原件。收入和学校等指标沿用所在区的公开数字，不是街道公报。人口按该区常住人口做面积分摊。,"Outline is OSM admin_level 8 clipped into the existing Xicheng polygon, not a civil-affairs original. Income and covariates are the parent district figures, not a street bulletin. Population is an area share of the district total."
osm13210717,beijing,牛街街道,Niujie,104187,cny_pc,95,80,92,58,94,22,96,3.1,compiled,轮廓为 OSM admin_level=8，裁入既有西城区多边形，非民政原件。收入和学校等指标沿用所在区的公开数字，不是街道公报。人口按该区常住人口做面积分摊。,"Outline is OSM admin_level 8 clipped into the existing Xicheng polygon, not a civil-affairs original. Income and covariates are the parent district figures, not a street bulletin. Population is an area share of the district total."
osm13202420,beijing,白纸坊街道,Baizhifang Subdistrict,104187,cny_pc,95,80,92,58,94,22,96,6.7,compiled,轮廓为 OSM admin_level=8，裁入既有西城区多边形，非民政原件。收入和学校等指标沿用所在区的公开数字，不是街道公报。人口按该区常住人口做面积分摊。,"Outline is OSM admin_level 8 clipped into the existing Xicheng polygon, not a civil-affairs original. Income and covariates are the parent district figures, not a street bulletin. Population is an area share of the district total."
osm13210715,beijing,广安门外街道,Guanganmenwai Subdistrict,104187,cny_pc,95,80,92,58,94,22,96,12.2,compiled,轮廓为 OSM admin_level=8，裁入既有西城区多边形，非民政原件。收入和学校等指标沿用所在区的公开数字，不是街道公报。人口按该区常住人口做面积分摊。,"Outline is OSM admin_level 8 clipped into the existing Xicheng polygon, not a civil-affairs original. Income and covariates are the parent district figures, not a street bulletin. Population is an area share of the district total."
osm15887516,beijing,建外街道,Jianwai Subdistrict,92501,cny_pc,86,72,82,70,90,40,92,2.9,compiled,轮廓为 OSM admin_level=8，裁入既有朝阳区多边形，非民政原件。收入和学校等指标沿用所在区的公开数字，不是街道公报。人口按该区常住人口做面积分摊。,"Outline is OSM admin_level 8 clipped into the existing Chaoyang polygon, not a civil-affairs original. Income and covariates are the parent district figures, not a street bulletin. Population is an area share of the district total."
osm15887514,beijing,朝外街道,Chaowai Subdistrict,92501,cny_pc,86,72,82,70,90,40,92,1.6,compiled,轮廓为 OSM admin_level=8，裁入既有朝阳区多边形，非民政原件。收入和学校等指标沿用所在区的公开数字，不是街道公报。人口按该区常住人口做面积分摊。,"Outline is OSM admin_level 8 clipped into the existing Chaoyang polygon, not a civil-affairs original. Income and covariates are the parent district figures, not a street bulletin. Population is an area share of the district total."
osm18259905,beijing,呼家楼街道,呼家楼街道,92501,cny_pc,86,72,82,70,90,40,92,2.1,compiled,轮廓为 OSM admin_level=8，裁入既有朝阳区多边形，非民政原件。收入和学校等指标沿用所在区的公开数字，不是街道公报。人口按该区常住人口做面积分摊。,"Outline is OSM admin_level 8 clipped into the existing Chaoyang polygon, not a civil-affairs original. Income and covariates are the parent district figures, not a street bulletin. Population is an area share of the district total."
osm18259896,beijing,左家庄街道,左家庄街道,92501,cny_pc,86,72,82,70,90,40,92,2.4,compiled,轮廓为 OSM admin_level=8，裁入既有朝阳区多边形，非民政原件。收入和学校等指标沿用所在区的公开数字，不是街道公报。人口按该区常住人口做面积分摊。,"Outline is OSM admin_level 8 clipped into the existing Chaoyang polygon, not a civil-affairs original. Income and covariates are the parent district figures, not a street bulletin. Population is an area share of the district total."
osm15887515,beijing,三里屯街道,Sanlitun Subdistrict,92501,cny_pc,86,72,82,70,90,40,92,2.3,compiled,轮廓为 OSM admin_level=8，裁入既有朝阳区多边形，非民政原件。收入和学校等指标沿用所在区的公开数字，不是街道公报。人口按该区常住人口做面积分摊。,"Outline is OSM admin_level 8 clipped into the existing Chaoyang polygon, not a civil-affairs original. Income and covariates are the parent district figures, not a street bulletin. Population is an area share of the district total."
osm18259895,beijing,香河园街道,香河园街道,92501,cny_pc,86,72,82,70,90,40,92,1.3,compiled,轮廓为 OSM admin_level=8，裁入既有朝阳区多边形，非民政原件。收入和学校等指标沿用所在区的公开数字，不是街道公报。人口按该区常住人口做面积分摊。,"Outline is OSM admin_level 8 clipped into the existing Chaoyang polygon, not a civil-affairs original. Income and covariates are the parent district figures, not a street bulletin. Population is an area share of the district total."
osm18259894,beijing,和平街街道,和平街街道,92501,cny_pc,86,72,82,70,90,40,92,2.4,compiled,轮廓为 OSM admin_level=8，裁入既有朝阳区多边形，非民政原件。收入和学校等指标沿用所在区的公开数字，不是街道公报。人口按该区常住人口做面积分摊。,"Outline is OSM admin_level 8 clipped into the existing Chaoyang polygon, not a civil-affairs original. Income and covariates are the parent district figures, not a street bulletin. Population is an area share of the district total."
osm18259893,beijing,安贞街道,安贞街道,92501,cny_pc,86,72,82,70,90,40,92,1.6,compiled,轮廓为 OSM admin_level=8，裁入既有朝阳区多边形，非民政原件。收入和学校等指标沿用所在区的公开数字，不是街道公报。人口按该区常住人口做面积分摊。,"Outline is OSM admin_level 8 clipped into the existing Chaoyang polygon, not a civil-affairs original. Income and covariates are the parent district figures, not a street bulletin. Population is an area share of the district total."
osm18259891,beijing,亚运村街道,亚运村街道,92501,cny_pc,86,72,82,70,90,40,92,4.0,compiled,轮廓为 OSM admin_level=8，裁入既有朝阳区多边形，非民政原件。收入和学校等指标沿用所在区的公开数字，不是街道公报。人口按该区常住人口做面积分摊。,"Outline is OSM admin_level 8 clipped into the existing Chaoyang polygon, not a civil-affairs original. Income and covariates are the parent district figures, not a street bulletin. Population is an area share of the district total."
osm18259892,beijing,小关街道,小关街道,92501,cny_pc,86,72,82,70,90,40,92,1.9,compiled,轮廓为 OSM admin_level=8，裁入既有朝阳区多边形，非民政原件。收入和学校等指标沿用所在区的公开数字，不是街道公报。人口按该区常住人口做面积分摊。,"Outline is OSM admin_level 8 clipped into the existing Chaoyang polygon, not a civil-affairs original. Income and covariates are the parent district figures, not a street bulletin. Population is an area share of the district total."
osm18259886,beijing,酒仙桥街道,酒仙桥街道,92501,cny_pc,86,72,82,70,90,40,92,3.5,compiled,轮廓为 OSM admin_level=8，裁入既有朝阳区多边形，非民政原件。收入和学校等指标沿用所在区的公开数字，不是街道公报。人口按该区常住人口做面积分摊。,"Outline is OSM admin_level 8 clipped into the existing Chaoyang polygon, not a civil-affairs original. Income and covariates are the parent district figures, not a street bulletin. Population is an area share of the district total."
osm18259897,beijing,麦子店街道,Maizidian,92501,cny_pc,86,72,82,70,90,40,92,4.8,compiled,轮廓为 OSM admin_level=8，裁入既有朝阳区多边形，非民政原件。收入和学校等指标沿用所在区的公开数字，不是街道公报。人口按该区常住人口做面积分摊。,"Outline is OSM admin_level 8 clipped into the existing Chaoyang polygon, not a civil-affairs original. Income and covariates are the parent district figures, not a street bulletin. Population is an area share of the district total."
osm14918350,beijing,首都机场街道,首都机场街道,92501,cny_pc,86,72,82,70,90,40,92,7.1,compiled,轮廓为 OSM admin_level=8，裁入既有朝阳区多边形，非民政原件。收入和学校等指标沿用所在区的公开数字，不是街道公报。人口按该区常住人口做面积分摊。,"Outline is OSM admin_level 8 clipped into the existing Chaoyang polygon, not a civil-affairs original. Income and covariates are the parent district figures, not a street bulletin. Population is an area share of the district total."
osm18259874,beijing,三间房乡,三间房乡,92501,cny_pc,86,72,82,70,90,40,92,6.4,compiled,轮廓为 OSM admin_level=8，裁入既有朝阳区多边形，非民政原件。收入和学校等指标沿用所在区的公开数字，不是街道公报。人口按该区常住人口做面积分摊。,"Outline is OSM admin_level 8 clipped into the existing Chaoyang polygon, not a civil-affairs original. Income and covariates are the parent district figures, not a street bulletin. Population is an area share of the district total."
osm18259879,beijing,东坝乡,东坝乡,92501,cny_pc,86,72,82,70,90,40,92,18.2,compiled,轮廓为 OSM admin_level=8，裁入既有朝阳区多边形，非民政原件。收入和学校等指标沿用所在区的公开数字，不是街道公报。人口按该区常住人口做面积分摊。,"Outline is OSM admin_level 8 clipped into the existing Chaoyang polygon, not a civil-affairs original. Income and covariates are the parent district figures, not a street bulletin. Population is an area share of the district total."
osm18259888,beijing,东湖街道,东湖街道,92501,cny_pc,86,72,82,70,90,40,92,3.1,compiled,轮廓为 OSM admin_level=8，裁入既有朝阳区多边形，非民政原件。收入和学校等指标沿用所在区的公开数字，不是街道公报。人口按该区常住人口做面积分摊。,"Outline is OSM admin_level 8 clipped into the existing Chaoyang polygon, not a civil-affairs original. Income and covariates are the parent district figures, not a street bulletin. Population is an area share of the district total."
osm18259878,beijing,东风乡,东风乡,92501,cny_pc,86,72,82,70,90,40,92,5.5,compiled,轮廓为 OSM admin_level=8，裁入既有朝阳区多边形，非民政原件。收入和学校等指标沿用所在区的公开数字，不是街道公报。人口按该区常住人口做面积分摊。,"Outline is OSM admin_level 8 clipped into the existing Chaoyang polygon, not a civil-affairs original. Income and covariates are the parent district figures, not a street bulletin. Population is an area share of the district total."
osm18259904,beijing,团结湖街道,Tuanjiehu,92501,cny_pc,86,72,82,70,90,40,92,0.9,compiled,轮廓为 OSM admin_level=8，裁入既有朝阳区多边形，非民政原件。收入和学校等指标沿用所在区的公开数字，不是街道公报。人口按该区常住人口做面积分摊。,"Outline is OSM admin_level 8 clipped into the existing Chaoyang polygon, not a civil-affairs original. Income and covariates are the parent district figures, not a street bulletin. Population is an area share of the district total."
osm18259899,beijing,六里屯街道,Liulitun,92501,cny_pc,86,72,82,70,90,40,92,2.4,compiled,轮廓为 OSM admin_level=8，裁入既有朝阳区多边形，非民政原件。收入和学校等指标沿用所在区的公开数字，不是街道公报。人口按该区常住人口做面积分摊。,"Outline is OSM admin_level 8 clipped into the existing Chaoyang polygon, not a civil-affairs original. Income and covariates are the parent district figures, not a street bulletin. Population is an area share of the district total."
osm18259898,beijing,八里庄街道,八里庄街道,92501,cny_pc,86,72,82,70,90,40,92,2.9,compiled,轮廓为 OSM admin_level=8，裁入既有朝阳区多边形，非民政原件。收入和学校等指标沿用所在区的公开数字，不是街道公报。人口按该区常住人口做面积分摊。,"Outline is OSM admin_level 8 clipped into the existing Chaoyang polygon, not a civil-affairs original. Income and covariates are the parent district figures, not a street bulletin. Population is an area share of the district total."
osm18259901,beijing,双井街道,双井街道,92501,cny_pc,86,72,82,70,90,40,92,3.7,compiled,轮廓为 OSM admin_level=8，裁入既有朝阳区多边形，非民政原件。收入和学校等指标沿用所在区的公开数字，不是街道公报。人口按该区常住人口做面积分摊。,"Outline is OSM admin_level 8 clipped into the existing Chaoyang polygon, not a civil-affairs original. Income and covariates are the parent district figures, not a street bulletin. Population is an area share of the district total."
osm18259902,beijing,劲松街道,劲松街道,92501,cny_pc,86,72,82,70,90,40,92,2.8,compiled,轮廓为 OSM admin_level=8，裁入既有朝阳区多边形，非民政原件。收入和学校等指标沿用所在区的公开数字，不是街道公报。人口按该区常住人口做面积分摊。,"Outline is OSM admin_level 8 clipped into the existing Chaoyang polygon, not a civil-affairs original. Income and covariates are the parent district figures, not a street bulletin. Population is an area share of the district total."
osm18259903,beijing,潘家园街道,潘家园街道,92501,cny_pc,86,72,82,70,90,40,92,2.1,compiled,轮廓为 OSM admin_level=8，裁入既有朝阳区多边形，非民政原件。收入和学校等指标沿用所在区的公开数字，不是街道公报。人口按该区常住人口做面积分摊。,"Outline is OSM admin_level 8 clipped into the existing Chaoyang polygon, not a civil-affairs original. Income and covariates are the parent district figures, not a street bulletin. Population is an area share of the district total."
osm18259900,beijing,垡头街道,垡头街道,92501,cny_pc,86,72,82,70,90,40,92,3.2,compiled,轮廓为 OSM admin_level=8，裁入既有朝阳区多边形，非民政原件。收入和学校等指标沿用所在区的公开数字，不是街道公报。人口按该区常住人口做面积分摊。,"Outline is OSM admin_level 8 clipped into the existing Chaoyang polygon, not a civil-affairs original. Income and covariates are the parent district figures, not a street bulletin. Population is an area share of the district total."
osm18259869,beijing,南磨房乡,南磨房乡,92501,cny_pc,86,72,82,70,90,40,92,6.8,compiled,轮廓为 OSM admin_level=8，裁入既有朝阳区多边形，非民政原件。收入和学校等指标沿用所在区的公开数字，不是街道公报。人口按该区常住人口做面积分摊。,"Outline is OSM admin_level 8 clipped into the existing Chaoyang polygon, not a civil-affairs original. Income and covariates are the parent district figures, not a street bulletin. Population is an area share of the district total."
osm18259873,beijing,高碑店乡,高碑店乡,92501,cny_pc,86,72,82,70,90,40,92,11.2,compiled,轮廓为 OSM admin_level=8，裁入既有朝阳区多边形，非民政原件。收入和学校等指标沿用所在区的公开数字，不是街道公报。人口按该区常住人口做面积分摊。,"Outline is OSM admin_level 8 clipped into the existing Chaoyang polygon, not a civil-affairs original. Income and covariates are the parent district figures, not a street bulletin. Population is an area share of the district total."
osm18259884,beijing,将台乡,将台乡,92501,cny_pc,86,72,82,70,90,40,92,8.6,compiled,轮廓为 OSM admin_level=8，裁入既有朝阳区多边形，非民政原件。收入和学校等指标沿用所在区的公开数字，不是街道公报。人口按该区常住人口做面积分摊。,"Outline is OSM admin_level 8 clipped into the existing Chaoyang polygon, not a civil-affairs original. Income and covariates are the parent district figures, not a street bulletin. Population is an area share of the district total."
osm18259885,beijing,太阳宫乡,太阳宫乡,92501,cny_pc,86,72,82,70,90,40,92,4.3,compiled,轮廓为 OSM admin_level=8，裁入既有朝阳区多边形，非民政原件。收入和学校等指标沿用所在区的公开数字，不是街道公报。人口按该区常住人口做面积分摊。,"Outline is OSM admin_level 8 clipped into the existing Chaoyang polygon, not a civil-affairs original. Income and covariates are the parent district figures, not a street bulletin. Population is an area share of the district total."
osm18259889,beijing,大屯街道,大屯街道,92501,cny_pc,86,72,82,70,90,40,92,7.4,compiled,轮廓为 OSM admin_level=8，裁入既有朝阳区多边形，非民政原件。收入和学校等指标沿用所在区的公开数字，不是街道公报。人口按该区常住人口做面积分摊。,"Outline is OSM admin_level 8 clipped into the existing Chaoyang polygon, not a civil-affairs original. Income and covariates are the parent district figures, not a street bulletin. Population is an area share of the district total."
osm18259887,beijing,望京街道,望京街道,92501,cny_pc,86,72,82,70,90,40,92,7.3,compiled,轮廓为 OSM admin_level=8，裁入既有朝阳区多边形，非民政原件。收入和学校等指标沿用所在区的公开数字，不是街道公报。人口按该区常住人口做面积分摊。,"Outline is OSM admin_level 8 clipped into the existing Chaoyang polygon, not a civil-affairs original. Income and covariates are the parent district figures, not a street bulletin. Population is an area share of the district total."
osm18259867,beijing,小红门乡,小红门乡,92501,cny_pc,86,72,82,70,90,40,92,8.9,compiled,轮廓为 OSM admin_level=8，裁入既有朝阳区多边形，非民政原件。收入和学校等指标沿用所在区的公开数字，不是街道公报。人口按该区常住人口做面积分摊。,"Outline is OSM admin_level 8 clipped into the existing Chaoyang polygon, not a civil-affairs original. Income and covariates are the parent district figures, not a street bulletin. Population is an area share of the district total."
osm18259868,beijing,十八里店乡,十八里店乡,92501,cny_pc,86,72,82,70,90,40,92,18.5,compiled,轮廓为 OSM admin_level=8，裁入既有朝阳区多边形，非民政原件。收入和学校等指标沿用所在区的公开数字，不是街道公报。人口按该区常住人口做面积分摊。,"Outline is OSM admin_level 8 clipped into the existing Chaoyang polygon, not a civil-affairs original. Income and covariates are the parent district figures, not a street bulletin. Population is an area share of the district total."
osm18259877,beijing,平房乡,平房乡,92501,cny_pc,86,72,82,70,90,40,92,11.2,compiled,轮廓为 OSM admin_level=8，裁入既有朝阳区多边形，非民政原件。收入和学校等指标沿用所在区的公开数字，不是街道公报。人口按该区常住人口做面积分摊。,"Outline is OSM admin_level 8 clipped into the existing Chaoyang polygon, not a civil-affairs original. Income and covariates are the parent district figures, not a street bulletin. Population is an area share of the district total."
osm18259890,beijing,奥运村街道,奥运村街道,92501,cny_pc,86,72,82,70,90,40,92,14.4,compiled,轮廓为 OSM admin_level=8，裁入既有朝阳区多边形，非民政原件。收入和学校等指标沿用所在区的公开数字，不是街道公报。人口按该区常住人口做面积分摊。,"Outline is OSM admin_level 8 clipped into the existing Chaoyang polygon, not a civil-affairs original. Income and covariates are the parent district figures, not a street bulletin. Population is an area share of the district total."
osm18259883,beijing,来广营乡,来广营乡,92501,cny_pc,86,72,82,70,90,40,92,15.8,compiled,轮廓为 OSM admin_level=8，裁入既有朝阳区多边形，非民政原件。收入和学校等指标沿用所在区的公开数字，不是街道公报。人口按该区常住人口做面积分摊。,"Outline is OSM admin_level 8 clipped into the existing Chaoyang polygon, not a civil-affairs original. Income and covariates are the parent district figures, not a street bulletin. Population is an area share of the district total."
osm18259876,beijing,常营回族乡,常营回族乡,92501,cny_pc,86,72,82,70,90,40,92,6.8,compiled,轮廓为 OSM admin_level=8，裁入既有朝阳区多边形，非民政原件。收入和学校等指标沿用所在区的公开数字，不是街道公报。人口按该区常住人口做面积分摊。,"Outline is OSM admin_level 8 clipped into the existing Chaoyang polygon, not a civil-affairs original. Income and covariates are the parent district figures, not a street bulletin. Population is an area share of the district total."
osm18259875,beijing,管庄乡,管庄乡,92501,cny_pc,86,72,82,70,90,40,92,7.8,compiled,轮廓为 OSM admin_level=8，裁入既有朝阳区多边形，非民政原件。收入和学校等指标沿用所在区的公开数字，不是街道公报。人口按该区常住人口做面积分摊。,"Outline is OSM admin_level 8 clipped into the existing Chaoyang polygon, not a civil-affairs original. Income and covariates are the parent district figures, not a street bulletin. Population is an area share of the district total."
osm18259880,beijing,金盏乡,金盏乡,92501,cny_pc,86,72,82,70,90,40,92,37.7,compiled,轮廓为 OSM admin_level=8，裁入既有朝阳区多边形，非民政原件。收入和学校等指标沿用所在区的公开数字，不是街道公报。人口按该区常住人口做面积分摊。,"Outline is OSM admin_level 8 clipped into the existing Chaoyang polygon, not a civil-affairs original. Income and covariates are the parent district figures, not a street bulletin. Population is an area share of the district total."
osm18259882,beijing,孙河乡,孙河乡,92501,cny_pc,86,72,82,70,90,40,92,26.3,compiled,轮廓为 OSM admin_level=8，裁入既有朝阳区多边形，非民政原件。收入和学校等指标沿用所在区的公开数字，不是街道公报。人口按该区常住人口做面积分摊。,"Outline is OSM admin_level 8 clipped into the existing Chaoyang polygon, not a civil-affairs original. Income and covariates are the parent district figures, not a street bulletin. Population is an area share of the district total."
osm18259881,beijing,崔各庄乡,崔各庄乡,92501,cny_pc,86,72,82,70,90,40,92,23.0,compiled,轮廓为 OSM admin_level=8，裁入既有朝阳区多边形，非民政原件。收入和学校等指标沿用所在区的公开数字，不是街道公报。人口按该区常住人口做面积分摊。,"Outline is OSM admin_level 8 clipped into the existing Chaoyang polygon, not a civil-affairs original. Income and covariates are the parent district figures, not a street bulletin. Population is an area share of the district total."
osm18259872,beijing,黑庄户乡,黑庄户乡,92501,cny_pc,86,72,82,70,90,40,92,18.0,compiled,轮廓为 OSM admin_level=8，裁入既有朝阳区多边形，非民政原件。收入和学校等指标沿用所在区的公开数字，不是街道公报。人口按该区常住人口做面积分摊。,"Outline is OSM admin_level 8 clipped into the existing Chaoyang polygon, not a civil-affairs original. Income and covariates are the parent district figures, not a street bulletin. Population is an area share of the district total."
osm18259871,beijing,豆各庄乡,豆各庄乡,92501,cny_pc,86,72,82,70,90,40,92,10.4,compiled,轮廓为 OSM admin_level=8，裁入既有朝阳区多边形，非民政原件。收入和学校等指标沿用所在区的公开数字，不是街道公报。人口按该区常住人口做面积分摊。,"Outline is OSM admin_level 8 clipped into the existing Chaoyang polygon, not a civil-affairs original. Income and covariates are the parent district figures, not a street bulletin. Population is an area share of the district total."
osm18259870,beijing,王四营乡,王四营乡,92501,cny_pc,86,72,82,70,90,40,92,11.2,compiled,轮廓为 OSM admin_level=8，裁入既有朝阳区多边形，非民政原件。收入和学校等指标沿用所在区的公开数字，不是街道公报。人口按该区常住人口做面积分摊。,"Outline is OSM admin_level 8 clipped into the existing Chaoyang polygon, not a civil-affairs original. Income and covariates are the parent district figures, not a street bulletin. Population is an area share of the district total."
osm18233910,beijing,和义街道,和义街道,79326,cny_pc,72,55,70,68,65,48,82,4.4,compiled,轮廓为 OSM admin_level=8，裁入既有丰台区多边形，非民政原件。收入和学校等指标沿用所在区的公开数字，不是街道公报。人口按该区常住人口做面积分摊。,"Outline is OSM admin_level 8 clipped into the existing Fengtai polygon, not a civil-affairs original. Income and covariates are the parent district figures, not a street bulletin. Population is an area share of the district total."
osm18233909,beijing,东高地街道,东高地街道,79326,cny_pc,72,55,70,68,65,48,82,2.4,compiled,轮廓为 OSM admin_level=8，裁入既有丰台区多边形，非民政原件。收入和学校等指标沿用所在区的公开数字，不是街道公报。人口按该区常住人口做面积分摊。,"Outline is OSM admin_level 8 clipped into the existing Fengtai polygon, not a civil-affairs original. Income and covariates are the parent district figures, not a street bulletin. Population is an area share of the district total."
osm5696749,beijing,右安门街道,You'anmen,79326,cny_pc,72,55,70,68,65,48,82,2.7,compiled,轮廓为 OSM admin_level=8，裁入既有丰台区多边形，非民政原件。收入和学校等指标沿用所在区的公开数字，不是街道公报。人口按该区常住人口做面积分摊。,"Outline is OSM admin_level 8 clipped into the existing Fengtai polygon, not a civil-affairs original. Income and covariates are the parent district figures, not a street bulletin. Population is an area share of the district total."
osm18233904,beijing,太平桥街道,太平桥街道,79326,cny_pc,72,55,70,68,65,48,82,6.1,compiled,轮廓为 OSM admin_level=8，裁入既有丰台区多边形，非民政原件。收入和学校等指标沿用所在区的公开数字，不是街道公报。人口按该区常住人口做面积分摊。,"Outline is OSM admin_level 8 clipped into the existing Fengtai polygon, not a civil-affairs original. Income and covariates are the parent district figures, not a street bulletin. Population is an area share of the district total."
osm5696774,beijing,西罗园街道,Xiluoyuan,79326,cny_pc,72,55,70,68,65,48,82,2.7,compiled,轮廓为 OSM admin_level=8，裁入既有丰台区多边形，非民政原件。收入和学校等指标沿用所在区的公开数字，不是街道公报。人口按该区常住人口做面积分摊。,"Outline is OSM admin_level 8 clipped into the existing Fengtai polygon, not a civil-affairs original. Income and covariates are the parent district figures, not a street bulletin. Population is an area share of the district total."
osm12978283,beijing,大红门街道,Dahongmen Subdistrict,79326,cny_pc,72,55,70,68,65,48,82,4.0,compiled,轮廓为 OSM admin_level=8，裁入既有丰台区多边形，非民政原件。收入和学校等指标沿用所在区的公开数字，不是街道公报。人口按该区常住人口做面积分摊。,"Outline is OSM admin_level 8 clipped into the existing Fengtai polygon, not a civil-affairs original. Income and covariates are the parent district figures, not a street bulletin. Population is an area share of the district total."
osm18233908,beijing,南苑街道,南苑街道,79326,cny_pc,72,55,70,68,65,48,82,12.4,compiled,轮廓为 OSM admin_level=8，裁入既有丰台区多边形，非民政原件。收入和学校等指标沿用所在区的公开数字，不是街道公报。人口按该区常住人口做面积分摊。,"Outline is OSM admin_level 8 clipped into the existing Fengtai polygon, not a civil-affairs original. Income and covariates are the parent district figures, not a street bulletin. Population is an area share of the district total."
osm19798469,beijing,东铁匠营街道,东铁匠营街道,79326,cny_pc,72,55,70,68,65,48,82,1.9,compiled,轮廓为 OSM admin_level=8，裁入既有丰台区多边形，非民政原件。收入和学校等指标沿用所在区的公开数字，不是街道公报。人口按该区常住人口做面积分摊。,"Outline is OSM admin_level 8 clipped into the existing Fengtai polygon, not a civil-affairs original. Income and covariates are the parent district figures, not a street bulletin. Population is an area share of the district total."
osm18233903,beijing,六里桥街道,六里桥街道,79326,cny_pc,72,55,70,68,65,48,82,5.6,compiled,轮廓为 OSM admin_level=8，裁入既有丰台区多边形，非民政原件。收入和学校等指标沿用所在区的公开数字，不是街道公报。人口按该区常住人口做面积分摊。,"Outline is OSM admin_level 8 clipped into the existing Fengtai polygon, not a civil-affairs original. Income and covariates are the parent district figures, not a street bulletin. Population is an area share of the district total."
osm5696769,beijing,丰台街道,Fengtai,79326,cny_pc,72,55,70,68,65,48,82,3.6,compiled,轮廓为 OSM admin_level=8，裁入既有丰台区多边形，非民政原件。收入和学校等指标沿用所在区的公开数字，不是街道公报。人口按该区常住人口做面积分摊。,"Outline is OSM admin_level 8 clipped into the existing Fengtai polygon, not a civil-affairs original. Income and covariates are the parent district figures, not a street bulletin. Population is an area share of the district total."
osm18233905,beijing,新村街道,新村街道,79326,cny_pc,72,55,70,68,65,48,82,3.9,compiled,轮廓为 OSM admin_level=8，裁入既有丰台区多边形，非民政原件。收入和学校等指标沿用所在区的公开数字，不是街道公报。人口按该区常住人口做面积分摊。,"Outline is OSM admin_level 8 clipped into the existing Fengtai polygon, not a civil-affairs original. Income and covariates are the parent district figures, not a street bulletin. Population is an area share of the district total."
osm18233899,beijing,长辛店街道,长辛店街道,79326,cny_pc,72,55,70,68,65,48,82,9.3,compiled,轮廓为 OSM admin_level=8，裁入既有丰台区多边形，非民政原件。收入和学校等指标沿用所在区的公开数字，不是街道公报。人口按该区常住人口做面积分摊。,"Outline is OSM admin_level 8 clipped into the existing Fengtai polygon, not a civil-affairs original. Income and covariates are the parent district figures, not a street bulletin. Population is an area share of the district total."
osm18233898,beijing,云岗街道,云岗街道,79326,cny_pc,72,55,70,68,65,48,82,6.9,compiled,轮廓为 OSM admin_level=8，裁入既有丰台区多边形，非民政原件。收入和学校等指标沿用所在区的公开数字，不是街道公报。人口按该区常住人口做面积分摊。,"Outline is OSM admin_level 8 clipped into the existing Fengtai polygon, not a civil-affairs original. Income and covariates are the parent district figures, not a street bulletin. Population is an area share of the district total."
osm18233912,beijing,方庄街道,方庄街道,79326,cny_pc,72,55,70,68,65,48,82,2.1,compiled,轮廓为 OSM admin_level=8，裁入既有丰台区多边形，非民政原件。收入和学校等指标沿用所在区的公开数字，不是街道公报。人口按该区常住人口做面积分摊。,"Outline is OSM admin_level 8 clipped into the existing Fengtai polygon, not a civil-affairs original. Income and covariates are the parent district figures, not a street bulletin. Population is an area share of the district total."
osm18233900,beijing,宛平街道,宛平街道,79326,cny_pc,72,55,70,68,65,48,82,14.0,compiled,轮廓为 OSM admin_level=8，裁入既有丰台区多边形，非民政原件。收入和学校等指标沿用所在区的公开数字，不是街道公报。人口按该区常住人口做面积分摊。,"Outline is OSM admin_level 8 clipped into the existing Fengtai polygon, not a civil-affairs original. Income and covariates are the parent district figures, not a street bulletin. Population is an area share of the district total."
osm18233895,beijing,马家堡街道,马家堡街道,79326,cny_pc,72,55,70,68,65,48,82,2.7,compiled,轮廓为 OSM admin_level=8，裁入既有丰台区多边形，非民政原件。收入和学校等指标沿用所在区的公开数字，不是街道公报。人口按该区常住人口做面积分摊。,"Outline is OSM admin_level 8 clipped into the existing Fengtai polygon, not a civil-affairs original. Income and covariates are the parent district figures, not a street bulletin. Population is an area share of the district total."
osm18455340,beijing,卢沟桥街道,卢沟桥街道,79326,cny_pc,72,55,70,68,65,48,82,8.3,compiled,轮廓为 OSM admin_level=8，裁入既有丰台区多边形，非民政原件。收入和学校等指标沿用所在区的公开数字，不是街道公报。人口按该区常住人口做面积分摊。,"Outline is OSM admin_level 8 clipped into the existing Fengtai polygon, not a civil-affairs original. Income and covariates are the parent district figures, not a street bulletin. Population is an area share of the district total."
osm18233907,beijing,花乡街道,花乡街道,79326,cny_pc,72,55,70,68,65,48,82,13.4,compiled,轮廓为 OSM admin_level=8，裁入既有丰台区多边形，非民政原件。收入和学校等指标沿用所在区的公开数字，不是街道公报。人口按该区常住人口做面积分摊。,"Outline is OSM admin_level 8 clipped into the existing Fengtai polygon, not a civil-affairs original. Income and covariates are the parent district figures, not a street bulletin. Population is an area share of the district total."
osm18233911,beijing,成寿寺街道,成寿寺街道,79326,cny_pc,72,55,70,68,65,48,82,2.4,compiled,轮廓为 OSM admin_level=8，裁入既有丰台区多边形，非民政原件。收入和学校等指标沿用所在区的公开数字，不是街道公报。人口按该区常住人口做面积分摊。,"Outline is OSM admin_level 8 clipped into the existing Fengtai polygon, not a civil-affairs original. Income and covariates are the parent district figures, not a street bulletin. Population is an area share of the district total."
osm19798468,beijing,石榴庄街道,石榴庄街道,79326,cny_pc,72,55,70,68,65,48,82,2.1,compiled,轮廓为 OSM admin_level=8，裁入既有丰台区多边形，非民政原件。收入和学校等指标沿用所在区的公开数字，不是街道公报。人口按该区常住人口做面积分摊。,"Outline is OSM admin_level 8 clipped into the existing Fengtai polygon, not a civil-affairs original. Income and covariates are the parent district figures, not a street bulletin. Population is an area share of the district total."
osm18233906,beijing,玉泉营街道,玉泉营街道,79326,cny_pc,72,55,70,68,65,48,82,7.1,compiled,轮廓为 OSM admin_level=8，裁入既有丰台区多边形，非民政原件。收入和学校等指标沿用所在区的公开数字，不是街道公报。人口按该区常住人口做面积分摊。,"Outline is OSM admin_level 8 clipped into the existing Fengtai polygon, not a civil-affairs original. Income and covariates are the parent district figures, not a street bulletin. Population is an area share of the district total."
osm18233901,beijing,看丹街道,看丹街道,79326,cny_pc,72,55,70,68,65,48,82,10.0,compiled,轮廓为 OSM admin_level=8，裁入既有丰台区多边形，非民政原件。收入和学校等指标沿用所在区的公开数字，不是街道公报。人口按该区常住人口做面积分摊。,"Outline is OSM admin_level 8 clipped into the existing Fengtai polygon, not a civil-affairs original. Income and covariates are the parent district figures, not a street bulletin. Population is an area share of the district total."
osm18233902,beijing,五里店街道,五里店街道,79326,cny_pc,72,55,70,68,65,48,82,3.8,compiled,轮廓为 OSM admin_level=8，裁入既有丰台区多边形，非民政原件。收入和学校等指标沿用所在区的公开数字，不是街道公报。人口按该区常住人口做面积分摊。,"Outline is OSM admin_level 8 clipped into the existing Fengtai polygon, not a civil-affairs original. Income and covariates are the parent district figures, not a street bulletin. Population is an area share of the district total."
osm18455339,beijing,青塔街道,青塔街道,79326,cny_pc,72,55,70,68,65,48,82,2.9,compiled,轮廓为 OSM admin_level=8，裁入既有丰台区多边形，非民政原件。收入和学校等指标沿用所在区的公开数字，不是街道公报。人口按该区常住人口做面积分摊。,"Outline is OSM admin_level 8 clipped into the existing Fengtai polygon, not a civil-affairs original. Income and covariates are the parent district figures, not a street bulletin. Population is an area share of the district total."
osm18233897,beijing,王佐镇,Wangzuo Town,79326,cny_pc,72,55,70,68,65,48,82,37.6,compiled,轮廓为 OSM admin_level=8，裁入既有丰台区多边形，非民政原件。收入和学校等指标沿用所在区的公开数字，不是街道公报。人口按该区常住人口做面积分摊。,"Outline is OSM admin_level 8 clipped into the existing Fengtai polygon, not a civil-affairs original. Income and covariates are the parent district figures, not a street bulletin. Population is an area share of the district total."
osm18233896,beijing,北宫镇,北宫镇,79326,cny_pc,72,55,70,68,65,48,82,29.2,compiled,轮廓为 OSM admin_level=8，裁入既有丰台区多边形，非民政原件。收入和学校等指标沿用所在区的公开数字，不是街道公报。人口按该区常住人口做面积分摊。,"Outline is OSM admin_level 8 clipped into the existing Fengtai polygon, not a civil-affairs original. Income and covariates are the parent district figures, not a street bulletin. Population is an area share of the district total."
osm15887473,beijing,老山街道,老山街道,91354,cny_pc,74,58,78,64,70,42,80,2.8,compiled,轮廓为 OSM admin_level=8，裁入既有石景山区多边形，非民政原件。收入和学校等指标沿用所在区的公开数字，不是街道公报。人口按该区常住人口做面积分摊。,"Outline is OSM admin_level 8 clipped into the existing Shijingshan polygon, not a civil-affairs original. Income and covariates are the parent district figures, not a street bulletin. Population is an area share of the district total."
osm15887474,beijing,八宝山街道,八宝山街道,91354,cny_pc,74,58,78,64,70,42,80,2.1,compiled,轮廓为 OSM admin_level=8，裁入既有石景山区多边形，非民政原件。收入和学校等指标沿用所在区的公开数字，不是街道公报。人口按该区常住人口做面积分摊。,"Outline is OSM admin_level 8 clipped into the existing Shijingshan polygon, not a civil-affairs original. Income and covariates are the parent district figures, not a street bulletin. Population is an area share of the district total."
osm18233887,beijing,鲁谷街道,鲁谷街道,91354,cny_pc,74,58,78,64,70,42,80,4.3,compiled,轮廓为 OSM admin_level=8，裁入既有石景山区多边形，非民政原件。收入和学校等指标沿用所在区的公开数字，不是街道公报。人口按该区常住人口做面积分摊。,"Outline is OSM admin_level 8 clipped into the existing Shijingshan polygon, not a civil-affairs original. Income and covariates are the parent district figures, not a street bulletin. Population is an area share of the district total."
osm18233890,beijing,五里坨街道,五里坨街道,91354,cny_pc,74,58,78,64,70,42,80,16.2,compiled,轮廓为 OSM admin_level=8，裁入既有石景山区多边形，非民政原件。收入和学校等指标沿用所在区的公开数字，不是街道公报。人口按该区常住人口做面积分摊。,"Outline is OSM admin_level 8 clipped into the existing Shijingshan polygon, not a civil-affairs original. Income and covariates are the parent district figures, not a street bulletin. Population is an area share of the district total."
osm18233894,beijing,八角街道,八角街道,91354,cny_pc,74,58,78,64,70,42,80,5.0,compiled,轮廓为 OSM admin_level=8，裁入既有石景山区多边形，非民政原件。收入和学校等指标沿用所在区的公开数字，不是街道公报。人口按该区常住人口做面积分摊。,"Outline is OSM admin_level 8 clipped into the existing Shijingshan polygon, not a civil-affairs original. Income and covariates are the parent district figures, not a street bulletin. Population is an area share of the district total."
osm18233892,beijing,古城街道,古城街道,91354,cny_pc,74,58,78,64,70,42,80,10.0,compiled,轮廓为 OSM admin_level=8，裁入既有石景山区多边形，非民政原件。收入和学校等指标沿用所在区的公开数字，不是街道公报。人口按该区常住人口做面积分摊。,"Outline is OSM admin_level 8 clipped into the existing Shijingshan polygon, not a civil-affairs original. Income and covariates are the parent district figures, not a street bulletin. Population is an area share of the district total."
osm18233888,beijing,广宁街道,广宁街道,91354,cny_pc,74,58,78,64,70,42,80,3.8,compiled,轮廓为 OSM admin_level=8，裁入既有石景山区多边形，非民政原件。收入和学校等指标沿用所在区的公开数字，不是街道公报。人口按该区常住人口做面积分摊。,"Outline is OSM admin_level 8 clipped into the existing Shijingshan polygon, not a civil-affairs original. Income and covariates are the parent district figures, not a street bulletin. Population is an area share of the district total."
osm18233891,beijing,苹果园街道,苹果园街道,91354,cny_pc,74,58,78,64,70,42,80,9.8,compiled,轮廓为 OSM admin_level=8，裁入既有石景山区多边形，非民政原件。收入和学校等指标沿用所在区的公开数字，不是街道公报。人口按该区常住人口做面积分摊。,"Outline is OSM admin_level 8 clipped into the existing Shijingshan polygon, not a civil-affairs original. Income and covariates are the parent district figures, not a street bulletin. Population is an area share of the district total."
osm18233889,beijing,金顶街街道,金顶街街道,91354,cny_pc,74,58,78,64,70,42,80,2.8,compiled,轮廓为 OSM admin_level=8，裁入既有石景山区多边形，非民政原件。收入和学校等指标沿用所在区的公开数字，不是街道公报。人口按该区常住人口做面积分摊。,"Outline is OSM admin_level 8 clipped into the existing Shijingshan polygon, not a civil-affairs original. Income and covariates are the parent district figures, not a street bulletin. Population is an area share of the district total."
osm17145115,beijing,学院路街道,Xueyuanlu Subdistrict,101315,cny_pc,99,100,86,72,96,35,90,6.1,compiled,轮廓为 OSM admin_level=8，裁入既有海淀区多边形，非民政原件。收入和学校等指标沿用所在区的公开数字，不是街道公报。人口按该区常住人口做面积分摊。,"Outline is OSM admin_level 8 clipped into the existing Haidian polygon, not a civil-affairs original. Income and covariates are the parent district figures, not a street bulletin. Population is an area share of the district total."
osm7265045,beijing,花园路街道,Huayuanlu Subdistrict,101315,cny_pc,99,100,86,72,96,35,90,4.6,compiled,轮廓为 OSM admin_level=8，裁入既有海淀区多边形，非民政原件。收入和学校等指标沿用所在区的公开数字，不是街道公报。人口按该区常住人口做面积分摊。,"Outline is OSM admin_level 8 clipped into the existing Haidian polygon, not a civil-affairs original. Income and covariates are the parent district figures, not a street bulletin. Population is an area share of the district total."
osm17308234,beijing,燕园街道,燕园街道,101315,cny_pc,99,100,86,72,96,35,90,1.3,compiled,轮廓为 OSM admin_level=8，裁入既有海淀区多边形，非民政原件。收入和学校等指标沿用所在区的公开数字，不是街道公报。人口按该区常住人口做面积分摊。,"Outline is OSM admin_level 8 clipped into the existing Haidian polygon, not a civil-affairs original. Income and covariates are the parent district figures, not a street bulletin. Population is an area share of the district total."
osm18250354,beijing,海淀街道,海淀街道,101315,cny_pc,99,100,86,72,96,35,90,5.1,compiled,轮廓为 OSM admin_level=8，裁入既有海淀区多边形，非民政原件。收入和学校等指标沿用所在区的公开数字，不是街道公报。人口按该区常住人口做面积分摊。,"Outline is OSM admin_level 8 clipped into the existing Haidian polygon, not a civil-affairs original. Income and covariates are the parent district figures, not a street bulletin. Population is an area share of the district total."
osm18250343,beijing,清河街道,清河街道,101315,cny_pc,99,100,86,72,96,35,90,6.9,compiled,轮廓为 OSM admin_level=8，裁入既有海淀区多边形，非民政原件。收入和学校等指标沿用所在区的公开数字，不是街道公报。人口按该区常住人口做面积分摊。,"Outline is OSM admin_level 8 clipped into the existing Haidian polygon, not a civil-affairs original. Income and covariates are the parent district figures, not a street bulletin. Population is an area share of the district total."
osm18250346,beijing,香山街道,香山街道,101315,cny_pc,99,100,86,72,96,35,90,14.7,compiled,轮廓为 OSM admin_level=8，裁入既有海淀区多边形，非民政原件。收入和学校等指标沿用所在区的公开数字，不是街道公报。人口按该区常住人口做面积分摊。,"Outline is OSM admin_level 8 clipped into the existing Haidian polygon, not a civil-affairs original. Income and covariates are the parent district figures, not a street bulletin. Population is an area share of the district total."
osm18250344,beijing,上地街道,上地街道,101315,cny_pc,99,100,86,72,96,35,90,6.7,compiled,轮廓为 OSM admin_level=8，裁入既有海淀区多边形，非民政原件。收入和学校等指标沿用所在区的公开数字，不是街道公报。人口按该区常住人口做面积分摊。,"Outline is OSM admin_level 8 clipped into the existing Haidian polygon, not a civil-affairs original. Income and covariates are the parent district figures, not a street bulletin. Population is an area share of the district total."
osm18250352,beijing,曙光街道,曙光街道,101315,cny_pc,99,100,86,72,96,35,90,3.9,compiled,轮廓为 OSM admin_level=8，裁入既有海淀区多边形，非民政原件。收入和学校等指标沿用所在区的公开数字，不是街道公报。人口按该区常住人口做面积分摊。,"Outline is OSM admin_level 8 clipped into the existing Haidian polygon, not a civil-affairs original. Income and covariates are the parent district figures, not a street bulletin. Population is an area share of the district total."
osm17151665,beijing,清华园街道,清华园街道,101315,cny_pc,99,100,86,72,96,35,90,2.7,compiled,轮廓为 OSM admin_level=8，裁入既有海淀区多边形，非民政原件。收入和学校等指标沿用所在区的公开数字，不是街道公报。人口按该区常住人口做面积分摊。,"Outline is OSM admin_level 8 clipped into the existing Haidian polygon, not a civil-affairs original. Income and covariates are the parent district figures, not a street bulletin. Population is an area share of the district total."
osm18250349,beijing,万寿路街道,万寿路街道,101315,cny_pc,99,100,86,72,96,35,90,7.9,compiled,轮廓为 OSM admin_level=8，裁入既有海淀区多边形，非民政原件。收入和学校等指标沿用所在区的公开数字，不是街道公报。人口按该区常住人口做面积分摊。,"Outline is OSM admin_level 8 clipped into the existing Haidian polygon, not a civil-affairs original. Income and covariates are the parent district figures, not a street bulletin. Population is an area share of the district total."
osm18250342,beijing,西三旗街道,西三旗街道,101315,cny_pc,99,100,86,72,96,35,90,6.0,compiled,轮廓为 OSM admin_level=8，裁入既有海淀区多边形，非民政原件。收入和学校等指标沿用所在区的公开数字，不是街道公报。人口按该区常住人口做面积分摊。,"Outline is OSM admin_level 8 clipped into the existing Haidian polygon, not a civil-affairs original. Income and covariates are the parent district figures, not a street bulletin. Population is an area share of the district total."
osm18250353,beijing,青龙桥街道,青龙桥街道,101315,cny_pc,99,100,86,72,96,35,90,14.0,compiled,轮廓为 OSM admin_level=8，裁入既有海淀区多边形，非民政原件。收入和学校等指标沿用所在区的公开数字，不是街道公报。人口按该区常住人口做面积分摊。,"Outline is OSM admin_level 8 clipped into the existing Haidian polygon, not a civil-affairs original. Income and covariates are the parent district figures, not a street bulletin. Population is an area share of the district total."
osm18250345,beijing,马连洼街道,马连洼街道,101315,cny_pc,99,100,86,72,96,35,90,7.9,compiled,轮廓为 OSM admin_level=8，裁入既有海淀区多边形，非民政原件。收入和学校等指标沿用所在区的公开数字，不是街道公报。人口按该区常住人口做面积分摊。,"Outline is OSM admin_level 8 clipped into the existing Haidian polygon, not a civil-affairs original. Income and covariates are the parent district figures, not a street bulletin. Population is an area share of the district total."
osm18250355,beijing,中关村街道,中关村街道,101315,cny_pc,99,100,86,72,96,35,90,3.8,compiled,轮廓为 OSM admin_level=8，裁入既有海淀区多边形，非民政原件。收入和学校等指标沿用所在区的公开数字，不是街道公报。人口按该区常住人口做面积分摊。,"Outline is OSM admin_level 8 clipped into the existing Haidian polygon, not a civil-affairs original. Income and covariates are the parent district figures, not a street bulletin. Population is an area share of the district total."
osm18250350,beijing,八里庄街道,八里庄街道,101315,cny_pc,99,100,86,72,96,35,90,1.5,compiled,轮廓为 OSM admin_level=8，裁入既有海淀区多边形，非民政原件。收入和学校等指标沿用所在区的公开数字，不是街道公报。人口按该区常住人口做面积分摊。,"Outline is OSM admin_level 8 clipped into the existing Haidian polygon, not a civil-affairs original. Income and covariates are the parent district figures, not a street bulletin. Population is an area share of the district total."
osm18250356,beijing,北下关街道,北下关街道,101315,cny_pc,99,100,86,72,96,35,90,4.4,compiled,轮廓为 OSM admin_level=8，裁入既有海淀区多边形，非民政原件。收入和学校等指标沿用所在区的公开数字，不是街道公报。人口按该区常住人口做面积分摊。,"Outline is OSM admin_level 8 clipped into the existing Haidian polygon, not a civil-affairs original. Income and covariates are the parent district figures, not a street bulletin. Population is an area share of the district total."
osm18250348,beijing,永定路街道,永定路街道,101315,cny_pc,99,100,86,72,96,35,90,3.5,compiled,轮廓为 OSM admin_level=8，裁入既有海淀区多边形，非民政原件。收入和学校等指标沿用所在区的公开数字，不是街道公报。人口按该区常住人口做面积分摊。,"Outline is OSM admin_level 8 clipped into the existing Haidian polygon, not a civil-affairs original. Income and covariates are the parent district figures, not a street bulletin. Population is an area share of the district total."
osm18250357,beijing,甘家口街道,甘家口街道,101315,cny_pc,99,100,86,72,96,35,90,4.6,compiled,轮廓为 OSM admin_level=8，裁入既有海淀区多边形，非民政原件。收入和学校等指标沿用所在区的公开数字，不是街道公报。人口按该区常住人口做面积分摊。,"Outline is OSM admin_level 8 clipped into the existing Haidian polygon, not a civil-affairs original. Income and covariates are the parent district figures, not a street bulletin. Population is an area share of the district total."
osm18250347,beijing,田村路街道,田村路街道,101315,cny_pc,99,100,86,72,96,35,90,4.5,compiled,轮廓为 OSM admin_level=8，裁入既有海淀区多边形，非民政原件。收入和学校等指标沿用所在区的公开数字，不是街道公报。人口按该区常住人口做面积分摊。,"Outline is OSM admin_level 8 clipped into the existing Haidian polygon, not a civil-affairs original. Income and covariates are the parent district figures, not a street bulletin. Population is an area share of the district total."
osm18250351,beijing,紫竹院街道,紫竹院街道,101315,cny_pc,99,100,86,72,96,35,90,4.5,compiled,轮廓为 OSM admin_level=8，裁入既有海淀区多边形，非民政原件。收入和学校等指标沿用所在区的公开数字，不是街道公报。人口按该区常住人口做面积分摊。,"Outline is OSM admin_level 8 clipped into the existing Haidian polygon, not a civil-affairs original. Income and covariates are the parent district figures, not a street bulletin. Population is an area share of the district total."
osm18250358,beijing,羊坊店街道,羊坊店街道,101315,cny_pc,99,100,86,72,96,35,90,4.7,compiled,轮廓为 OSM admin_level=8，裁入既有海淀区多边形，非民政原件。收入和学校等指标沿用所在区的公开数字，不是街道公报。人口按该区常住人口做面积分摊。,"Outline is OSM admin_level 8 clipped into the existing Haidian polygon, not a civil-affairs original. Income and covariates are the parent district figures, not a street bulletin. Population is an area share of the district total."
osm7283797,beijing,北太平庄街道,北太平庄街道,101315,cny_pc,99,100,86,72,96,35,90,3.9,compiled,轮廓为 OSM admin_level=8，裁入既有海淀区多边形，非民政原件。收入和学校等指标沿用所在区的公开数字，不是街道公报。人口按该区常住人口做面积分摊。,"Outline is OSM admin_level 8 clipped into the existing Haidian polygon, not a civil-affairs original. Income and covariates are the parent district figures, not a street bulletin. Population is an area share of the district total."
osm18250340,beijing,海淀镇,海淀镇,101315,cny_pc,99,100,86,72,96,35,90,3.5,compiled,轮廓为 OSM admin_level=8，裁入既有海淀区多边形，非民政原件。收入和学校等指标沿用所在区的公开数字，不是街道公报。人口按该区常住人口做面积分摊。,"Outline is OSM admin_level 8 clipped into the existing Haidian polygon, not a civil-affairs original. Income and covariates are the parent district figures, not a street bulletin. Population is an area share of the district total."
osm18250337,beijing,温泉镇,温泉镇,101315,cny_pc,99,100,86,72,96,35,90,24.2,compiled,轮廓为 OSM admin_level=8，裁入既有海淀区多边形，非民政原件。收入和学校等指标沿用所在区的公开数字，不是街道公报。人口按该区常住人口做面积分摊。,"Outline is OSM admin_level 8 clipped into the existing Haidian polygon, not a civil-affairs original. Income and covariates are the parent district figures, not a street bulletin. Population is an area share of the district total."
osm18250335,beijing,上庄镇,上庄镇,101315,cny_pc,99,100,86,72,96,35,90,27.9,compiled,轮廓为 OSM admin_level=8，裁入既有海淀区多边形，非民政原件。收入和学校等指标沿用所在区的公开数字，不是街道公报。人口按该区常住人口做面积分摊。,"Outline is OSM admin_level 8 clipped into the existing Haidian polygon, not a civil-affairs original. Income and covariates are the parent district figures, not a street bulletin. Population is an area share of the district total."
osm18250341,beijing,东升镇,东升镇,101315,cny_pc,99,100,86,72,96,35,90,6.2,compiled,轮廓为 OSM admin_level=8，裁入既有海淀区多边形，非民政原件。收入和学校等指标沿用所在区的公开数字，不是街道公报。人口按该区常住人口做面积分摊。,"Outline is OSM admin_level 8 clipped into the existing Haidian polygon, not a civil-affairs original. Income and covariates are the parent district figures, not a street bulletin. Population is an area share of the district total."
osm18250339,beijing,四季青镇,四季青镇,101315,cny_pc,99,100,86,72,96,35,90,30.0,compiled,轮廓为 OSM admin_level=8，裁入既有海淀区多边形，非民政原件。收入和学校等指标沿用所在区的公开数字，不是街道公报。人口按该区常住人口做面积分摊。,"Outline is OSM admin_level 8 clipped into the existing Haidian polygon, not a civil-affairs original. Income and covariates are the parent district figures, not a street bulletin. Population is an area share of the district total."
osm18250336,beijing,苏家坨镇,苏家坨镇,101315,cny_pc,99,100,86,72,96,35,90,62.1,compiled,轮廓为 OSM admin_level=8，裁入既有海淀区多边形，非民政原件。收入和学校等指标沿用所在区的公开数字，不是街道公报。人口按该区常住人口做面积分摊。,"Outline is OSM admin_level 8 clipped into the existing Haidian polygon, not a civil-affairs original. Income and covariates are the parent district figures, not a street bulletin. Population is an area share of the district total."
osm18250338,beijing,西北旺镇,Xibeiwang,101315,cny_pc,99,100,86,72,96,35,90,36.4,compiled,轮廓为 OSM admin_level=8，裁入既有海淀区多边形，非民政原件。收入和学校等指标沿用所在区的公开数字，不是街道公报。人口按该区常住人口做面积分摊。,"Outline is OSM admin_level 8 clipped into the existing Haidian polygon, not a civil-affairs original. Income and covariates are the parent district figures, not a street bulletin. Population is an area share of the district total."
osm20186640,beijing,东辛房街道,东辛房街道,64700,cny_pc,58,35,55,60,40,52,55,0.1,compiled,轮廓为 OSM admin_level=8，裁入既有门头沟区多边形，非民政原件。收入和学校等指标沿用所在区的公开数字，不是街道公报。人口按该区常住人口做面积分摊。,"Outline is OSM admin_level 8 clipped into the existing Mentougou polygon, not a civil-affairs original. Income and covariates are the parent district figures, not a street bulletin. Population is an area share of the district total."
osm20186636,beijing,军庄镇,军庄镇,64700,cny_pc,58,35,55,60,40,52,55,0.9,compiled,轮廓为 OSM admin_level=8，裁入既有门头沟区多边形，非民政原件。收入和学校等指标沿用所在区的公开数字，不是街道公报。人口按该区常住人口做面积分摊。,"Outline is OSM admin_level 8 clipped into the existing Mentougou polygon, not a civil-affairs original. Income and covariates are the parent district figures, not a street bulletin. Population is an area share of the district total."
osm20186641,beijing,城子街道,城子街道,64700,cny_pc,58,35,55,60,40,52,55,0.1,compiled,轮廓为 OSM admin_level=8，裁入既有门头沟区多边形，非民政原件。收入和学校等指标沿用所在区的公开数字，不是街道公报。人口按该区常住人口做面积分摊。,"Outline is OSM admin_level 8 clipped into the existing Mentougou polygon, not a civil-affairs original. Income and covariates are the parent district figures, not a street bulletin. Population is an area share of the district total."
osm20186632,beijing,大台街道,大台街道,64700,cny_pc,58,35,55,60,40,52,55,2.1,compiled,轮廓为 OSM admin_level=8，裁入既有门头沟区多边形，非民政原件。收入和学校等指标沿用所在区的公开数字，不是街道公报。人口按该区常住人口做面积分摊。,"Outline is OSM admin_level 8 clipped into the existing Mentougou polygon, not a civil-affairs original. Income and covariates are the parent district figures, not a street bulletin. Population is an area share of the district total."
osm20186638,beijing,大峪街道,大峪街道,64700,cny_pc,58,35,55,60,40,52,55,0.1,compiled,轮廓为 OSM admin_level=8，裁入既有门头沟区多边形，非民政原件。收入和学校等指标沿用所在区的公开数字，不是街道公报。人口按该区常住人口做面积分摊。,"Outline is OSM admin_level 8 clipped into the existing Mentougou polygon, not a civil-affairs original. Income and covariates are the parent district figures, not a street bulletin. Population is an area share of the district total."
osm20186635,beijing,潭柘寺镇,潭柘寺镇,64700,cny_pc,58,35,55,60,40,52,55,2.2,compiled,轮廓为 OSM admin_level=8，裁入既有门头沟区多边形，非民政原件。收入和学校等指标沿用所在区的公开数字，不是街道公报。人口按该区常住人口做面积分摊。,"Outline is OSM admin_level 8 clipped into the existing Mentougou polygon, not a civil-affairs original. Income and covariates are the parent district figures, not a street bulletin. Population is an area share of the district total."
osm20186633,beijing,妙峰山镇,妙峰山镇,64700,cny_pc,58,35,55,60,40,52,55,3.0,compiled,轮廓为 OSM admin_level=8，裁入既有门头沟区多边形，非民政原件。收入和学校等指标沿用所在区的公开数字，不是街道公报。人口按该区常住人口做面积分摊。,"Outline is OSM admin_level 8 clipped into the existing Mentougou polygon, not a civil-affairs original. Income and covariates are the parent district figures, not a street bulletin. Population is an area share of the district total."
osm20186630,beijing,斋堂镇,斋堂镇,64700,cny_pc,58,35,55,60,40,52,55,10.5,compiled,轮廓为 OSM admin_level=8，裁入既有门头沟区多边形，非民政原件。收入和学校等指标沿用所在区的公开数字，不是街道公报。人口按该区常住人口做面积分摊。,"Outline is OSM admin_level 8 clipped into the existing Mentougou polygon, not a civil-affairs original. Income and covariates are the parent district figures, not a street bulletin. Population is an area share of the district total."
osm20186637,beijing,永定镇,永定镇,64700,cny_pc,58,35,55,60,40,52,55,1.0,compiled,轮廓为 OSM admin_level=8，裁入既有门头沟区多边形，非民政原件。收入和学校等指标沿用所在区的公开数字，不是街道公报。人口按该区常住人口做面积分摊。,"Outline is OSM admin_level 8 clipped into the existing Mentougou polygon, not a civil-affairs original. Income and covariates are the parent district figures, not a street bulletin. Population is an area share of the district total."
osm20186629,beijing,清水镇,清水镇,64700,cny_pc,58,35,55,60,40,52,55,9.1,compiled,轮廓为 OSM admin_level=8，裁入既有门头沟区多边形，非民政原件。收入和学校等指标沿用所在区的公开数字，不是街道公报。人口按该区常住人口做面积分摊。,"Outline is OSM admin_level 8 clipped into the existing Mentougou polygon, not a civil-affairs original. Income and covariates are the parent district figures, not a street bulletin. Population is an area share of the district total."
osm20186634,beijing,王平镇,王平镇,64700,cny_pc,58,35,55,60,40,52,55,2.1,compiled,轮廓为 OSM admin_level=8，裁入既有门头沟区多边形，非民政原件。收入和学校等指标沿用所在区的公开数字，不是街道公报。人口按该区常住人口做面积分摊。,"Outline is OSM admin_level 8 clipped into the existing Mentougou polygon, not a civil-affairs original. Income and covariates are the parent district figures, not a street bulletin. Population is an area share of the district total."
osm20186631,beijing,雁翅镇,雁翅镇,64700,cny_pc,58,35,55,60,40,52,55,7.1,compiled,轮廓为 OSM admin_level=8，裁入既有门头沟区多边形，非民政原件。收入和学校等指标沿用所在区的公开数字，不是街道公报。人口按该区常住人口做面积分摊。,"Outline is OSM admin_level 8 clipped into the existing Mentougou polygon, not a civil-affairs original. Income and covariates are the parent district figures, not a street bulletin. Population is an area share of the district total."
osm20186639,beijing,龙泉镇,龙泉镇,64700,cny_pc,58,35,55,60,40,52,55,1.0,compiled,轮廓为 OSM admin_level=8，裁入既有门头沟区多边形，非民政原件。收入和学校等指标沿用所在区的公开数字，不是街道公报。人口按该区常住人口做面积分摊。,"Outline is OSM admin_level 8 clipped into the existing Mentougou polygon, not a civil-affairs original. Income and covariates are the parent district figures, not a street bulletin. Population is an area share of the district total."
osm19798465,beijing,长阳镇,长阳镇,56000,cny_pc,55,38,50,58,42,55,52,6.3,compiled,轮廓为 OSM admin_level=8，裁入既有房山区多边形，非民政原件。收入和学校等指标沿用所在区的公开数字，不是街道公报。人口按该区常住人口做面积分摊。,"Outline is OSM admin_level 8 clipped into the existing Fangshan polygon, not a civil-affairs original. Income and covariates are the parent district figures, not a street bulletin. Population is an area share of the district total."
osm19798470,beijing,良乡镇,良乡镇,56000,cny_pc,55,38,50,58,42,55,52,1.7,compiled,轮廓为 OSM admin_level=8，裁入既有房山区多边形，非民政原件。收入和学校等指标沿用所在区的公开数字，不是街道公报。人口按该区常住人口做面积分摊。,"Outline is OSM admin_level 8 clipped into the existing Fangshan polygon, not a civil-affairs original. Income and covariates are the parent district figures, not a street bulletin. Population is an area share of the district total."
osm19798467,beijing,拱辰街道,拱辰街道,56000,cny_pc,55,38,50,58,42,55,52,1.8,compiled,轮廓为 OSM admin_level=8，裁入既有房山区多边形，非民政原件。收入和学校等指标沿用所在区的公开数字，不是街道公报。人口按该区常住人口做面积分摊。,"Outline is OSM admin_level 8 clipped into the existing Fangshan polygon, not a civil-affairs original. Income and covariates are the parent district figures, not a street bulletin. Population is an area share of the district total."
osm19798466,beijing,西潞街道,西潞街道,56000,cny_pc,55,38,50,58,42,55,52,0.7,compiled,轮廓为 OSM admin_level=8，裁入既有房山区多边形，非民政原件。收入和学校等指标沿用所在区的公开数字，不是街道公报。人口按该区常住人口做面积分摊。,"Outline is OSM admin_level 8 clipped into the existing Fangshan polygon, not a civil-affairs original. Income and covariates are the parent district figures, not a street bulletin. Population is an area share of the district total."
osm20175527,beijing,东风街道,东风街道,56000,cny_pc,55,38,50,58,42,55,52,1.0,compiled,轮廓为 OSM admin_level=8，裁入既有房山区多边形，非民政原件。收入和学校等指标沿用所在区的公开数字，不是街道公报。人口按该区常住人口做面积分摊。,"Outline is OSM admin_level 8 clipped into the existing Fangshan polygon, not a civil-affairs original. Income and covariates are the parent district figures, not a street bulletin. Population is an area share of the district total."
osm20175515,beijing,周口店镇,周口店镇,56000,cny_pc,55,38,50,58,42,55,52,8.0,compiled,轮廓为 OSM admin_level=8，裁入既有房山区多边形，非民政原件。收入和学校等指标沿用所在区的公开数字，不是街道公报。人口按该区常住人口做面积分摊。,"Outline is OSM admin_level 8 clipped into the existing Fangshan polygon, not a civil-affairs original. Income and covariates are the parent district figures, not a street bulletin. Population is an area share of the district total."
osm20175529,beijing,城关街道,城关街道,56000,cny_pc,55,38,50,58,42,55,52,3.5,compiled,轮廓为 OSM admin_level=8，裁入既有房山区多边形，非民政原件。收入和学校等指标沿用所在区的公开数字，不是街道公报。人口按该区常住人口做面积分摊。,"Outline is OSM admin_level 8 clipped into the existing Fangshan polygon, not a civil-affairs original. Income and covariates are the parent district figures, not a street bulletin. Population is an area share of the district total."
osm20175530,beijing,新镇街道,新镇街道,56000,cny_pc,55,38,50,58,42,55,52,0.1,compiled,轮廓为 OSM admin_level=8，裁入既有房山区多边形，非民政原件。收入和学校等指标沿用所在区的公开数字，不是街道公报。人口按该区常住人口做面积分摊。,"Outline is OSM admin_level 8 clipped into the existing Fangshan polygon, not a civil-affairs original. Income and covariates are the parent district figures, not a street bulletin. Population is an area share of the district total."
osm20175528,beijing,向阳街道,向阳街道,56000,cny_pc,55,38,50,58,42,55,52,0.6,compiled,轮廓为 OSM admin_level=8，裁入既有房山区多边形，非民政原件。收入和学校等指标沿用所在区的公开数字，不是街道公报。人口按该区常住人口做面积分摊。,"Outline is OSM admin_level 8 clipped into the existing Fangshan polygon, not a civil-affairs original. Income and covariates are the parent district figures, not a street bulletin. Population is an area share of the district total."
osm20175531,beijing,星城街道,星城街道,56000,cny_pc,55,38,50,58,42,55,52,0.1,compiled,轮廓为 OSM admin_level=8，裁入既有房山区多边形，非民政原件。收入和学校等指标沿用所在区的公开数字，不是街道公报。人口按该区常住人口做面积分摊。,"Outline is OSM admin_level 8 clipped into the existing Fangshan polygon, not a civil-affairs original. Income and covariates are the parent district figures, not a street bulletin. Population is an area share of the district total."
osm20175526,beijing,迎风街道,迎风街道,56000,cny_pc,55,38,50,58,42,55,52,0.9,compiled,轮廓为 OSM admin_level=8，裁入既有房山区多边形，非民政原件。收入和学校等指标沿用所在区的公开数字，不是街道公报。人口按该区常住人口做面积分摊。,"Outline is OSM admin_level 8 clipped into the existing Fangshan polygon, not a civil-affairs original. Income and covariates are the parent district figures, not a street bulletin. Population is an area share of the district total."
osm20175517,beijing,十渡镇,十渡镇,56000,cny_pc,55,38,50,58,42,55,52,12.5,compiled,轮廓为 OSM admin_level=8，裁入既有房山区多边形，非民政原件。收入和学校等指标沿用所在区的公开数字，不是街道公报。人口按该区常住人口做面积分摊。,"Outline is OSM admin_level 8 clipped into the existing Fangshan polygon, not a civil-affairs original. Income and covariates are the parent district figures, not a street bulletin. Population is an area share of the district total."
osm20175519,beijing,大石窝镇,大石窝镇,56000,cny_pc,55,38,50,58,42,55,52,6.0,compiled,轮廓为 OSM admin_level=8，裁入既有房山区多边形，非民政原件。收入和学校等指标沿用所在区的公开数字，不是街道公报。人口按该区常住人口做面积分摊。,"Outline is OSM admin_level 8 clipped into the existing Fangshan polygon, not a civil-affairs original. Income and covariates are the parent district figures, not a street bulletin. Population is an area share of the district total."
osm20175520,beijing,张坊镇,张坊镇,56000,cny_pc,55,38,50,58,42,55,52,8.0,compiled,轮廓为 OSM admin_level=8，裁入既有房山区多边形，非民政原件。收入和学校等指标沿用所在区的公开数字，不是街道公报。人口按该区常住人口做面积分摊。,"Outline is OSM admin_level 8 clipped into the existing Fangshan polygon, not a civil-affairs original. Income and covariates are the parent district figures, not a street bulletin. Population is an area share of the district total."
osm20175514,beijing,河北镇,河北镇,56000,cny_pc,55,38,50,58,42,55,52,4.5,compiled,轮廓为 OSM admin_level=8，裁入既有房山区多边形，非民政原件。收入和学校等指标沿用所在区的公开数字，不是街道公报。人口按该区常住人口做面积分摊。,"Outline is OSM admin_level 8 clipped into the existing Fangshan polygon, not a civil-affairs original. Income and covariates are the parent district figures, not a street bulletin. Population is an area share of the district total."
osm20175518,beijing,长沟镇,长沟镇,56000,cny_pc,55,38,50,58,42,55,52,2.6,compiled,轮廓为 OSM admin_level=8，裁入既有房山区多边形，非民政原件。收入和学校等指标沿用所在区的公开数字，不是街道公报。人口按该区常住人口做面积分摊。,"Outline is OSM admin_level 8 clipped into the existing Fangshan polygon, not a civil-affairs original. Income and covariates are the parent district figures, not a street bulletin. Population is an area share of the district total."
osm20175524,beijing,阎村镇,阎村镇,56000,cny_pc,55,38,50,58,42,55,52,3.1,compiled,轮廓为 OSM admin_level=8，裁入既有房山区多边形，非民政原件。收入和学校等指标沿用所在区的公开数字，不是街道公报。人口按该区常住人口做面积分摊。,"Outline is OSM admin_level 8 clipped into the existing Fangshan polygon, not a civil-affairs original. Income and covariates are the parent district figures, not a street bulletin. Population is an area share of the district total."
osm20175525,beijing,青龙湖镇,青龙湖镇,56000,cny_pc,55,38,50,58,42,55,52,6.3,compiled,轮廓为 OSM admin_level=8，裁入既有房山区多边形，非民政原件。收入和学校等指标沿用所在区的公开数字，不是街道公报。人口按该区常住人口做面积分摊。,"Outline is OSM admin_level 8 clipped into the existing Fangshan polygon, not a civil-affairs original. Income and covariates are the parent district figures, not a street bulletin. Population is an area share of the district total."
osm20175516,beijing,韩村河镇,韩村河镇,56000,cny_pc,55,38,50,58,42,55,52,6.6,compiled,轮廓为 OSM admin_level=8，裁入既有房山区多边形，非民政原件。收入和学校等指标沿用所在区的公开数字，不是街道公报。人口按该区常住人口做面积分摊。,"Outline is OSM admin_level 8 clipped into the existing Fangshan polygon, not a civil-affairs original. Income and covariates are the parent district figures, not a street bulletin. Population is an area share of the district total."
osm20175522,beijing,琉璃河镇,琉璃河镇,56000,cny_pc,55,38,50,58,42,55,52,6.9,compiled,轮廓为 OSM admin_level=8，裁入既有房山区多边形，非民政原件。收入和学校等指标沿用所在区的公开数字，不是街道公报。人口按该区常住人口做面积分摊。,"Outline is OSM admin_level 8 clipped into the existing Fangshan polygon, not a civil-affairs original. Income and covariates are the parent district figures, not a street bulletin. Population is an area share of the district total."
osm20175521,beijing,石楼镇,石楼镇,56000,cny_pc,55,38,50,58,42,55,52,2.8,compiled,轮廓为 OSM admin_level=8，裁入既有房山区多边形，非民政原件。收入和学校等指标沿用所在区的公开数字，不是街道公报。人口按该区常住人口做面积分摊。,"Outline is OSM admin_level 8 clipped into the existing Fangshan polygon, not a civil-affairs original. Income and covariates are the parent district figures, not a street bulletin. Population is an area share of the district total."
osm20175523,beijing,窦店镇,窦店镇,56000,cny_pc,55,38,50,58,42,55,52,4.3,compiled,轮廓为 OSM admin_level=8，裁入既有房山区多边形，非民政原件。收入和学校等指标沿用所在区的公开数字，不是街道公报。人口按该区常住人口做面积分摊。,"Outline is OSM admin_level 8 clipped into the existing Fangshan polygon, not a civil-affairs original. Income and covariates are the parent district figures, not a street bulletin. Population is an area share of the district total."
osm20175510,beijing,南窖乡,南窖乡,56000,cny_pc,55,38,50,58,42,55,52,2.6,compiled,轮廓为 OSM admin_level=8，裁入既有房山区多边形，非民政原件。收入和学校等指标沿用所在区的公开数字，不是街道公报。人口按该区常住人口做面积分摊。,"Outline is OSM admin_level 8 clipped into the existing Fangshan polygon, not a civil-affairs original. Income and covariates are the parent district figures, not a street bulletin. Population is an area share of the district total."
osm20175512,beijing,佛子庄乡,佛子庄乡,56000,cny_pc,55,38,50,58,42,55,52,9.8,compiled,轮廓为 OSM admin_level=8，裁入既有房山区多边形，非民政原件。收入和学校等指标沿用所在区的公开数字，不是街道公报。人口按该区常住人口做面积分摊。,"Outline is OSM admin_level 8 clipped into the existing Fangshan polygon, not a civil-affairs original. Income and covariates are the parent district figures, not a street bulletin. Population is an area share of the district total."
osm20175509,beijing,史家营乡,史家营乡,56000,cny_pc,55,38,50,58,42,55,52,7.0,compiled,轮廓为 OSM admin_level=8，裁入既有房山区多边形，非民政原件。收入和学校等指标沿用所在区的公开数字，不是街道公报。人口按该区常住人口做面积分摊。,"Outline is OSM admin_level 8 clipped into the existing Fangshan polygon, not a civil-affairs original. Income and covariates are the parent district figures, not a street bulletin. Population is an area share of the district total."
osm20175513,beijing,大安山乡,大安山乡,56000,cny_pc,55,38,50,58,42,55,52,4.0,compiled,轮廓为 OSM admin_level=8，裁入既有房山区多边形，非民政原件。收入和学校等指标沿用所在区的公开数字，不是街道公报。人口按该区常住人口做面积分摊。,"Outline is OSM admin_level 8 clipped into the existing Fangshan polygon, not a civil-affairs original. Income and covariates are the parent district figures, not a street bulletin. Population is an area share of the district total."
osm20175508,beijing,蒲洼乡,蒲洼乡,56000,cny_pc,55,38,50,58,42,55,52,6.0,compiled,轮廓为 OSM admin_level=8，裁入既有房山区多边形，非民政原件。收入和学校等指标沿用所在区的公开数字，不是街道公报。人口按该区常住人口做面积分摊。,"Outline is OSM admin_level 8 clipped into the existing Fangshan polygon, not a civil-affairs original. Income and covariates are the parent district figures, not a street bulletin. Population is an area share of the district total."
osm20175511,beijing,霞云岭乡,霞云岭乡,56000,cny_pc,55,38,50,58,42,55,52,13.6,compiled,轮廓为 OSM admin_level=8，裁入既有房山区多边形，非民政原件。收入和学校等指标沿用所在区的公开数字，不是街道公报。人口按该区常住人口做面积分摊。,"Outline is OSM admin_level 8 clipped into the existing Fangshan polygon, not a civil-affairs original. Income and covariates are the parent district figures, not a street bulletin. Population is an area share of the district total."
osm15897389,beijing,杨庄街道,杨庄街道,62000,cny_pc,68,45,58,65,55,58,70,0.9,compiled,轮廓为 OSM admin_level=8，裁入既有通州区多边形，非民政原件。收入和学校等指标沿用所在区的公开数字，不是街道公报。人口按该区常住人口做面积分摊。,"Outline is OSM admin_level 8 clipped into the existing Tongzhou polygon, not a civil-affairs original. Income and covariates are the parent district figures, not a street bulletin. Population is an area share of the district total."
osm15897390,beijing,北苑街道,北苑街道,62000,cny_pc,68,45,58,65,55,58,70,0.7,compiled,轮廓为 OSM admin_level=8，裁入既有通州区多边形，非民政原件。收入和学校等指标沿用所在区的公开数字，不是街道公报。人口按该区常住人口做面积分摊。,"Outline is OSM admin_level 8 clipped into the existing Tongzhou polygon, not a civil-affairs original. Income and covariates are the parent district figures, not a street bulletin. Population is an area share of the district total."
osm15897391,beijing,九棵树街道,九棵树街道,62000,cny_pc,68,45,58,65,55,58,70,0.7,compiled,轮廓为 OSM admin_level=8，裁入既有通州区多边形，非民政原件。收入和学校等指标沿用所在区的公开数字，不是街道公报。人口按该区常住人口做面积分摊。,"Outline is OSM admin_level 8 clipped into the existing Tongzhou polygon, not a civil-affairs original. Income and covariates are the parent district figures, not a street bulletin. Population is an area share of the district total."
osm15897392,beijing,新华街道,新华街道,62000,cny_pc,68,45,58,65,55,58,70,0.9,compiled,轮廓为 OSM admin_level=8，裁入既有通州区多边形，非民政原件。收入和学校等指标沿用所在区的公开数字，不是街道公报。人口按该区常住人口做面积分摊。,"Outline is OSM admin_level 8 clipped into the existing Tongzhou polygon, not a civil-affairs original. Income and covariates are the parent district figures, not a street bulletin. Population is an area share of the district total."
osm15897393,beijing,中仓街道,中仓街道,62000,cny_pc,68,45,58,65,55,58,70,0.7,compiled,轮廓为 OSM admin_level=8，裁入既有通州区多边形，非民政原件。收入和学校等指标沿用所在区的公开数字，不是街道公报。人口按该区常住人口做面积分摊。,"Outline is OSM admin_level 8 clipped into the existing Tongzhou polygon, not a civil-affairs original. Income and covariates are the parent district figures, not a street bulletin. Population is an area share of the district total."
osm15897394,beijing,玉桥街道,玉桥街道,62000,cny_pc,68,45,58,65,55,58,70,1.1,compiled,轮廓为 OSM admin_level=8，裁入既有通州区多边形，非民政原件。收入和学校等指标沿用所在区的公开数字，不是街道公报。人口按该区常住人口做面积分摊。,"Outline is OSM admin_level 8 clipped into the existing Tongzhou polygon, not a civil-affairs original. Income and covariates are the parent district figures, not a street bulletin. Population is an area share of the district total."
osm15897395,beijing,潞邑街道,潞邑街道,62000,cny_pc,68,45,58,65,55,58,70,1.6,compiled,轮廓为 OSM admin_level=8，裁入既有通州区多边形，非民政原件。收入和学校等指标沿用所在区的公开数字，不是街道公报。人口按该区常住人口做面积分摊。,"Outline is OSM admin_level 8 clipped into the existing Tongzhou polygon, not a civil-affairs original. Income and covariates are the parent district figures, not a street bulletin. Population is an area share of the district total."
osm15897396,beijing,通运街道,通运街道,62000,cny_pc,68,45,58,65,55,58,70,1.1,compiled,轮廓为 OSM admin_level=8，裁入既有通州区多边形，非民政原件。收入和学校等指标沿用所在区的公开数字，不是街道公报。人口按该区常住人口做面积分摊。,"Outline is OSM admin_level 8 clipped into the existing Tongzhou polygon, not a civil-affairs original. Income and covariates are the parent district figures, not a street bulletin. Population is an area share of the district total."
osm15897397,beijing,临河里街道,临河里街道,62000,cny_pc,68,45,58,65,55,58,70,1.0,compiled,轮廓为 OSM admin_level=8，裁入既有通州区多边形，非民政原件。收入和学校等指标沿用所在区的公开数字，不是街道公报。人口按该区常住人口做面积分摊。,"Outline is OSM admin_level 8 clipped into the existing Tongzhou polygon, not a civil-affairs original. Income and covariates are the parent district figures, not a street bulletin. Population is an area share of the district total."
osm15897398,beijing,潞源街道,潞源街道,62000,cny_pc,68,45,58,65,55,58,70,1.4,compiled,轮廓为 OSM admin_level=8，裁入既有通州区多边形，非民政原件。收入和学校等指标沿用所在区的公开数字，不是街道公报。人口按该区常住人口做面积分摊。,"Outline is OSM admin_level 8 clipped into the existing Tongzhou polygon, not a civil-affairs original. Income and covariates are the parent district figures, not a street bulletin. Population is an area share of the district total."
osm15958366,beijing,文景街道,文景街道,62000,cny_pc,68,45,58,65,55,58,70,2.4,compiled,轮廓为 OSM admin_level=8，裁入既有通州区多边形，非民政原件。收入和学校等指标沿用所在区的公开数字，不是街道公报。人口按该区常住人口做面积分摊。,"Outline is OSM admin_level 8 clipped into the existing Tongzhou polygon, not a civil-affairs original. Income and covariates are the parent district figures, not a street bulletin. Population is an area share of the district total."
osm15958365,beijing,梨园镇,梨园镇,62000,cny_pc,68,45,58,65,55,58,70,1.9,compiled,轮廓为 OSM admin_level=8，裁入既有通州区多边形，非民政原件。收入和学校等指标沿用所在区的公开数字，不是街道公报。人口按该区常住人口做面积分摊。,"Outline is OSM admin_level 8 clipped into the existing Tongzhou polygon, not a civil-affairs original. Income and covariates are the parent district figures, not a street bulletin. Population is an area share of the district total."
osm19734978,beijing,永顺镇,Yongshun Town,62000,cny_pc,68,45,58,65,55,58,70,4.0,compiled,轮廓为 OSM admin_level=8，裁入既有通州区多边形，非民政原件。收入和学校等指标沿用所在区的公开数字，不是街道公报。人口按该区常住人口做面积分摊。,"Outline is OSM admin_level 8 clipped into the existing Tongzhou polygon, not a civil-affairs original. Income and covariates are the parent district figures, not a street bulletin. Population is an area share of the district total."
osm19735064,beijing,宋庄镇,Songzhuang Town,62000,cny_pc,68,45,58,65,55,58,70,23.3,compiled,轮廓为 OSM admin_level=8，裁入既有通州区多边形，非民政原件。收入和学校等指标沿用所在区的公开数字，不是街道公报。人口按该区常住人口做面积分摊。,"Outline is OSM admin_level 8 clipped into the existing Tongzhou polygon, not a civil-affairs original. Income and covariates are the parent district figures, not a street bulletin. Population is an area share of the district total."
osm20186646,beijing,台湖镇,台湖镇,62000,cny_pc,68,45,58,65,55,58,70,15.8,compiled,轮廓为 OSM admin_level=8，裁入既有通州区多边形，非民政原件。收入和学校等指标沿用所在区的公开数字，不是街道公报。人口按该区常住人口做面积分摊。,"Outline is OSM admin_level 8 clipped into the existing Tongzhou polygon, not a civil-affairs original. Income and covariates are the parent district figures, not a street bulletin. Population is an area share of the district total."
osm20186645,beijing,张家湾镇,张家湾镇,62000,cny_pc,68,45,58,65,55,58,70,20.7,compiled,轮廓为 OSM admin_level=8，裁入既有通州区多边形，非民政原件。收入和学校等指标沿用所在区的公开数字，不是街道公报。人口按该区常住人口做面积分摊。,"Outline is OSM admin_level 8 clipped into the existing Tongzhou polygon, not a civil-affairs original. Income and covariates are the parent district figures, not a street bulletin. Population is an area share of the district total."
osm20186647,beijing,漷县镇,漷县镇,62000,cny_pc,68,45,58,65,55,58,70,23.1,compiled,轮廓为 OSM admin_level=8，裁入既有通州区多边形，非民政原件。收入和学校等指标沿用所在区的公开数字，不是街道公报。人口按该区常住人口做面积分摊。,"Outline is OSM admin_level 8 clipped into the existing Tongzhou polygon, not a civil-affairs original. Income and covariates are the parent district figures, not a street bulletin. Population is an area share of the district total."
osm20186648,beijing,潞城镇,潞城镇,62000,cny_pc,68,45,58,65,55,58,70,11.9,compiled,轮廓为 OSM admin_level=8，裁入既有通州区多边形，非民政原件。收入和学校等指标沿用所在区的公开数字，不是街道公报。人口按该区常住人口做面积分摊。,"Outline is OSM admin_level 8 clipped into the existing Tongzhou polygon, not a civil-affairs original. Income and covariates are the parent district figures, not a street bulletin. Population is an area share of the district total."
osm20700720,beijing,西集镇,西集镇,62000,cny_pc,68,45,58,65,55,58,70,18.5,compiled,轮廓为 OSM admin_level=8，裁入既有通州区多边形，非民政原件。收入和学校等指标沿用所在区的公开数字，不是街道公报。人口按该区常住人口做面积分摊。,"Outline is OSM admin_level 8 clipped into the existing Tongzhou polygon, not a civil-affairs original. Income and covariates are the parent district figures, not a street bulletin. Population is an area share of the district total."
osm20186644,beijing,马驹桥镇,马驹桥镇,62000,cny_pc,68,45,58,65,55,58,70,17.9,compiled,轮廓为 OSM admin_level=8，裁入既有通州区多边形，非民政原件。收入和学校等指标沿用所在区的公开数字，不是街道公报。人口按该区常住人口做面积分摊。,"Outline is OSM admin_level 8 clipped into the existing Tongzhou polygon, not a civil-affairs original. Income and covariates are the parent district figures, not a street bulletin. Population is an area share of the district total."
osm20186643,beijing,永乐店镇,永乐店镇,62000,cny_pc,68,45,58,65,55,58,70,21.1,compiled,轮廓为 OSM admin_level=8，裁入既有通州区多边形，非民政原件。收入和学校等指标沿用所在区的公开数字，不是街道公报。人口按该区常住人口做面积分摊。,"Outline is OSM admin_level 8 clipped into the existing Tongzhou polygon, not a civil-affairs original. Income and covariates are the parent district figures, not a street bulletin. Population is an area share of the district total."
osm20186642,beijing,于家务回族乡,于家务回族乡,62000,cny_pc,68,45,58,65,55,58,70,13.3,compiled,轮廓为 OSM admin_level=8，裁入既有通州区多边形，非民政原件。收入和学校等指标沿用所在区的公开数字，不是街道公报。人口按该区常住人口做面积分摊。,"Outline is OSM admin_level 8 clipped into the existing Tongzhou polygon, not a civil-affairs original. Income and covariates are the parent district figures, not a street bulletin. Population is an area share of the district total."
osm20233727,beijing,仁和镇,仁和镇,53000,cny_pc,70,42,60,62,62,50,65,4.0,compiled,轮廓为 OSM admin_level=8，裁入既有顺义区多边形，非民政原件。收入和学校等指标沿用所在区的公开数字，不是街道公报。人口按该区常住人口做面积分摊。,"Outline is OSM admin_level 8 clipped into the existing Shunyi polygon, not a civil-affairs original. Income and covariates are the parent district figures, not a street bulletin. Population is an area share of the district total."
osm20233735,beijing,光明街道,光明街道,53000,cny_pc,70,42,60,62,62,50,65,0.5,compiled,轮廓为 OSM admin_level=8，裁入既有顺义区多边形，非民政原件。收入和学校等指标沿用所在区的公开数字，不是街道公报。人口按该区常住人口做面积分摊。,"Outline is OSM admin_level 8 clipped into the existing Shunyi polygon, not a civil-affairs original. Income and covariates are the parent district figures, not a street bulletin. Population is an area share of the district total."
osm20233715,beijing,北务镇,北务镇,53000,cny_pc,70,42,60,62,62,50,65,4.2,compiled,轮廓为 OSM admin_level=8，裁入既有顺义区多边形，非民政原件。收入和学校等指标沿用所在区的公开数字，不是街道公报。人口按该区常住人口做面积分摊。,"Outline is OSM admin_level 8 clipped into the existing Shunyi polygon, not a civil-affairs original. Income and covariates are the parent district figures, not a street bulletin. Population is an area share of the district total."
osm20233720,beijing,北小营镇,北小营镇,53000,cny_pc,70,42,60,62,62,50,65,6.9,compiled,轮廓为 OSM admin_level=8，裁入既有顺义区多边形，非民政原件。收入和学校等指标沿用所在区的公开数字，不是街道公报。人口按该区常住人口做面积分摊。,"Outline is OSM admin_level 8 clipped into the existing Shunyi polygon, not a civil-affairs original. Income and covariates are the parent district figures, not a street bulletin. Population is an area share of the district total."
osm20233723,beijing,北石槽镇,北石槽镇,53000,cny_pc,70,42,60,62,62,50,65,4.3,compiled,轮廓为 OSM admin_level=8，裁入既有顺义区多边形，非民政原件。收入和学校等指标沿用所在区的公开数字，不是街道公报。人口按该区常住人口做面积分摊。,"Outline is OSM admin_level 8 clipped into the existing Shunyi polygon, not a civil-affairs original. Income and covariates are the parent district figures, not a street bulletin. Population is an area share of the district total."
osm20233721,beijing,南彩镇,南彩镇,53000,cny_pc,70,42,60,62,62,50,65,7.4,compiled,轮廓为 OSM admin_level=8，裁入既有顺义区多边形，非民政原件。收入和学校等指标沿用所在区的公开数字，不是街道公报。人口按该区常住人口做面积分摊。,"Outline is OSM admin_level 8 clipped into the existing Shunyi polygon, not a civil-affairs original. Income and covariates are the parent district figures, not a street bulletin. Population is an area share of the district total."
osm20233731,beijing,双丰街道,双丰街道,53000,cny_pc,70,42,60,62,62,50,65,3.8,compiled,轮廓为 OSM admin_level=8，裁入既有顺义区多边形，非民政原件。收入和学校等指标沿用所在区的公开数字，不是街道公报。人口按该区常住人口做面积分摊。,"Outline is OSM admin_level 8 clipped into the existing Shunyi polygon, not a civil-affairs original. Income and covariates are the parent district figures, not a street bulletin. Population is an area share of the district total."
osm20233716,beijing,大孙各庄镇,大孙各庄镇,53000,cny_pc,70,42,60,62,62,50,65,9.1,compiled,轮廓为 OSM admin_level=8，裁入既有顺义区多边形，非民政原件。收入和学校等指标沿用所在区的公开数字，不是街道公报。人口按该区常住人口做面积分摊。,"Outline is OSM admin_level 8 clipped into the existing Shunyi polygon, not a civil-affairs original. Income and covariates are the parent district figures, not a street bulletin. Population is an area share of the district total."
osm20233730,beijing,天竺镇,天竺镇,53000,cny_pc,70,42,60,62,62,50,65,2.8,compiled,轮廓为 OSM admin_level=8，裁入既有顺义区多边形，非民政原件。收入和学校等指标沿用所在区的公开数字，不是街道公报。人口按该区常住人口做面积分摊。,"Outline is OSM admin_level 8 clipped into the existing Shunyi polygon, not a civil-affairs original. Income and covariates are the parent district figures, not a street bulletin. Population is an area share of the district total."
osm20233717,beijing,张镇,张镇,53000,cny_pc,70,42,60,62,62,50,65,7.0,compiled,轮廓为 OSM admin_level=8，裁入既有顺义区多边形，非民政原件。收入和学校等指标沿用所在区的公开数字，不是街道公报。人口按该区常住人口做面积分摊。,"Outline is OSM admin_level 8 clipped into the existing Shunyi polygon, not a civil-affairs original. Income and covariates are the parent district figures, not a street bulletin. Population is an area share of the district total."
osm20233733,beijing,旺泉街道,旺泉街道,53000,cny_pc,70,42,60,62,62,50,65,2.2,compiled,轮廓为 OSM admin_level=8，裁入既有顺义区多边形，非民政原件。收入和学校等指标沿用所在区的公开数字，不是街道公报。人口按该区常住人口做面积分摊。,"Outline is OSM admin_level 8 clipped into the existing Shunyi polygon, not a civil-affairs original. Income and covariates are the parent district figures, not a street bulletin. Population is an area share of the district total."
osm20233719,beijing,木林镇,木林镇,53000,cny_pc,70,42,60,62,62,50,65,10.9,compiled,轮廓为 OSM admin_level=8，裁入既有顺义区多边形，非民政原件。收入和学校等指标沿用所在区的公开数字，不是街道公报。人口按该区常住人口做面积分摊。,"Outline is OSM admin_level 8 clipped into the existing Shunyi polygon, not a civil-affairs original. Income and covariates are the parent district figures, not a street bulletin. Population is an area share of the district total."
osm20233728,beijing,李桥镇,李桥镇,53000,cny_pc,70,42,60,62,62,50,65,9.9,compiled,轮廓为 OSM admin_level=8，裁入既有顺义区多边形，非民政原件。收入和学校等指标沿用所在区的公开数字，不是街道公报。人口按该区常住人口做面积分摊。,"Outline is OSM admin_level 8 clipped into the existing Shunyi polygon, not a civil-affairs original. Income and covariates are the parent district figures, not a street bulletin. Population is an area share of the district total."
osm20233714,beijing,李遂镇,李遂镇,53000,cny_pc,70,42,60,62,62,50,65,5.3,compiled,轮廓为 OSM admin_level=8，裁入既有顺义区多边形，非民政原件。收入和学校等指标沿用所在区的公开数字，不是街道公报。人口按该区常住人口做面积分摊。,"Outline is OSM admin_level 8 clipped into the existing Shunyi polygon, not a civil-affairs original. Income and covariates are the parent district figures, not a street bulletin. Population is an area share of the district total."
osm20233713,beijing,杨镇,杨镇,53000,cny_pc,70,42,60,62,62,50,65,12.6,compiled,轮廓为 OSM admin_level=8，裁入既有顺义区多边形，非民政原件。收入和学校等指标沿用所在区的公开数字，不是街道公报。人口按该区常住人口做面积分摊。,"Outline is OSM admin_level 8 clipped into the existing Shunyi polygon, not a civil-affairs original. Income and covariates are the parent district figures, not a street bulletin. Population is an area share of the district total."
osm20233734,beijing,石园街道,石园街道,53000,cny_pc,70,42,60,62,62,50,65,1.2,compiled,轮廓为 OSM admin_level=8，裁入既有顺义区多边形，非民政原件。收入和学校等指标沿用所在区的公开数字，不是街道公报。人口按该区常住人口做面积分摊。,"Outline is OSM admin_level 8 clipped into the existing Shunyi polygon, not a civil-affairs original. Income and covariates are the parent district figures, not a street bulletin. Population is an area share of the district total."
osm20233732,beijing,空港街道,空港街道,53000,cny_pc,70,42,60,62,62,50,65,3.6,compiled,轮廓为 OSM admin_level=8，裁入既有顺义区多边形，非民政原件。收入和学校等指标沿用所在区的公开数字，不是街道公报。人口按该区常住人口做面积分摊。,"Outline is OSM admin_level 8 clipped into the existing Shunyi polygon, not a civil-affairs original. Income and covariates are the parent district figures, not a street bulletin. Population is an area share of the district total."
osm20233724,beijing,赵全营镇,赵全营镇,53000,cny_pc,70,42,60,62,62,50,65,8.5,compiled,轮廓为 OSM admin_level=8，裁入既有顺义区多边形，非民政原件。收入和学校等指标沿用所在区的公开数字，不是街道公报。人口按该区常住人口做面积分摊。,"Outline is OSM admin_level 8 clipped into the existing Shunyi polygon, not a civil-affairs original. Income and covariates are the parent district figures, not a street bulletin. Population is an area share of the district total."
osm20233726,beijing,马坡镇,马坡镇,53000,cny_pc,70,42,60,62,62,50,65,1.7,compiled,轮廓为 OSM admin_level=8，裁入既有顺义区多边形，非民政原件。收入和学校等指标沿用所在区的公开数字，不是街道公报。人口按该区常住人口做面积分摊。,"Outline is OSM admin_level 8 clipped into the existing Shunyi polygon, not a civil-affairs original. Income and covariates are the parent district figures, not a street bulletin. Population is an area share of the district total."
osm20233725,beijing,高丽营镇,高丽营镇,53000,cny_pc,70,42,60,62,62,50,65,8.0,compiled,轮廓为 OSM admin_level=8，裁入既有顺义区多边形，非民政原件。收入和学校等指标沿用所在区的公开数字，不是街道公报。人口按该区常住人口做面积分摊。,"Outline is OSM admin_level 8 clipped into the existing Shunyi polygon, not a civil-affairs original. Income and covariates are the parent district figures, not a street bulletin. Population is an area share of the district total."
osm20233722,beijing,牛栏山镇,牛栏山镇,53000,cny_pc,70,42,60,62,62,50,65,4.9,compiled,轮廓为 OSM admin_level=8，裁入既有顺义区多边形，非民政原件。收入和学校等指标沿用所在区的公开数字，不是街道公报。人口按该区常住人口做面积分摊。,"Outline is OSM admin_level 8 clipped into the existing Shunyi polygon, not a civil-affairs original. Income and covariates are the parent district figures, not a street bulletin. Population is an area share of the district total."
osm20233718,beijing,龙湾屯镇,龙湾屯镇,53000,cny_pc,70,42,60,62,62,50,65,7.5,compiled,轮廓为 OSM admin_level=8，裁入既有顺义区多边形，非民政原件。收入和学校等指标沿用所在区的公开数字，不是街道公报。人口按该区常住人口做面积分摊。,"Outline is OSM admin_level 8 clipped into the existing Shunyi polygon, not a civil-affairs original. Income and covariates are the parent district figures, not a street bulletin. Population is an area share of the district total."
osm20233712,beijing,南法信镇,南法信镇,53000,cny_pc,70,42,60,62,62,50,65,2.7,compiled,轮廓为 OSM admin_level=8，裁入既有顺义区多边形，非民政原件。收入和学校等指标沿用所在区的公开数字，不是街道公报。人口按该区常住人口做面积分摊。,"Outline is OSM admin_level 8 clipped into the existing Shunyi polygon, not a civil-affairs original. Income and covariates are the parent district figures, not a street bulletin. Population is an area share of the district total."
osm20233729,beijing,后沙峪镇,后沙峪镇,53000,cny_pc,70,42,60,62,62,50,65,3.5,compiled,轮廓为 OSM admin_level=8，裁入既有顺义区多边形，非民政原件。收入和学校等指标沿用所在区的公开数字，不是街道公报。人口按该区常住人口做面积分摊。,"Outline is OSM admin_level 8 clipped into the existing Shunyi polygon, not a civil-affairs original. Income and covariates are the parent district figures, not a street bulletin. Population is an area share of the district total."
osm20233758,beijing,城北街道,城北街道,58000,cny_pc,76,70,56,64,58,52,68,3.1,compiled,轮廓为 OSM admin_level=8，裁入既有昌平区多边形，非民政原件。收入和学校等指标沿用所在区的公开数字，不是街道公报。人口按该区常住人口做面积分摊。,"Outline is OSM admin_level 8 clipped into the existing Changping polygon, not a civil-affairs original. Income and covariates are the parent district figures, not a street bulletin. Population is an area share of the district total."
osm20233757,beijing,城南街道,城南街道,58000,cny_pc,76,70,56,64,58,52,68,2.5,compiled,轮廓为 OSM admin_level=8，裁入既有昌平区多边形，非民政原件。收入和学校等指标沿用所在区的公开数字，不是街道公报。人口按该区常住人口做面积分摊。,"Outline is OSM admin_level 8 clipped into the existing Changping polygon, not a civil-affairs original. Income and covariates are the parent district figures, not a street bulletin. Population is an area share of the district total."
osm20233752,beijing,天通苑北街道,天通苑北街道,58000,cny_pc,76,70,56,64,58,52,68,0.8,compiled,轮廓为 OSM admin_level=8，裁入既有昌平区多边形，非民政原件。收入和学校等指标沿用所在区的公开数字，不是街道公报。人口按该区常住人口做面积分摊。,"Outline is OSM admin_level 8 clipped into the existing Changping polygon, not a civil-affairs original. Income and covariates are the parent district figures, not a street bulletin. Population is an area share of the district total."
osm20233755,beijing,回龙观街道,回龙观街道,58000,cny_pc,76,70,56,64,58,52,68,1.5,compiled,轮廓为 OSM admin_level=8，裁入既有昌平区多边形，非民政原件。收入和学校等指标沿用所在区的公开数字，不是街道公报。人口按该区常住人口做面积分摊。,"Outline is OSM admin_level 8 clipped into the existing Changping polygon, not a civil-affairs original. Income and covariates are the parent district figures, not a street bulletin. Population is an area share of the district total."
osm20233751,beijing,天通苑南街道,天通苑南街道,58000,cny_pc,76,70,56,64,58,52,68,0.7,compiled,轮廓为 OSM admin_level=8，裁入既有昌平区多边形，非民政原件。收入和学校等指标沿用所在区的公开数字，不是街道公报。人口按该区常住人口做面积分摊。,"Outline is OSM admin_level 8 clipped into the existing Changping polygon, not a civil-affairs original. Income and covariates are the parent district figures, not a street bulletin. Population is an area share of the district total."
osm20233754,beijing,龙泽园街道,龙泽园街道,58000,cny_pc,76,70,56,64,58,52,68,1.3,compiled,轮廓为 OSM admin_level=8，裁入既有昌平区多边形，非民政原件。收入和学校等指标沿用所在区的公开数字，不是街道公报。人口按该区常住人口做面积分摊。,"Outline is OSM admin_level 8 clipped into the existing Changping polygon, not a civil-affairs original. Income and covariates are the parent district figures, not a street bulletin. Population is an area share of the district total."
osm20233753,beijing,霍营街道,霍营街道,58000,cny_pc,76,70,56,64,58,52,68,0.7,compiled,轮廓为 OSM admin_level=8，裁入既有昌平区多边形，非民政原件。收入和学校等指标沿用所在区的公开数字，不是街道公报。人口按该区常住人口做面积分摊。,"Outline is OSM admin_level 8 clipped into the existing Changping polygon, not a civil-affairs original. Income and covariates are the parent district figures, not a street bulletin. Population is an area share of the district total."
osm20233749,beijing,东小口镇,东小口镇,58000,cny_pc,76,70,56,64,58,52,68,3.3,compiled,轮廓为 OSM admin_level=8，裁入既有昌平区多边形，非民政原件。收入和学校等指标沿用所在区的公开数字，不是街道公报。人口按该区常住人口做面积分摊。,"Outline is OSM admin_level 8 clipped into the existing Changping polygon, not a civil-affairs original. Income and covariates are the parent district figures, not a street bulletin. Population is an area share of the district total."
osm20233745,beijing,兴寿镇,兴寿镇,58000,cny_pc,76,70,56,64,58,52,68,12.6,compiled,轮廓为 OSM admin_level=8，裁入既有昌平区多边形，非民政原件。收入和学校等指标沿用所在区的公开数字，不是街道公报。人口按该区常住人口做面积分摊。,"Outline is OSM admin_level 8 clipped into the existing Changping polygon, not a civil-affairs original. Income and covariates are the parent district figures, not a street bulletin. Population is an area share of the district total."
osm20233746,beijing,北七家镇,北七家镇,58000,cny_pc,76,70,56,64,58,52,68,9.7,compiled,轮廓为 OSM admin_level=8，裁入既有昌平区多边形，非民政原件。收入和学校等指标沿用所在区的公开数字，不是街道公报。人口按该区常住人口做面积分摊。,"Outline is OSM admin_level 8 clipped into the existing Changping polygon, not a civil-affairs original. Income and covariates are the parent district figures, not a street bulletin. Population is an area share of the district total."
osm20233739,beijing,十三陵镇,十三陵镇,58000,cny_pc,76,70,56,64,58,52,68,27.0,compiled,轮廓为 OSM admin_level=8，裁入既有昌平区多边形，非民政原件。收入和学校等指标沿用所在区的公开数字，不是街道公报。人口按该区常住人口做面积分摊。,"Outline is OSM admin_level 8 clipped into the existing Changping polygon, not a civil-affairs original. Income and covariates are the parent district figures, not a street bulletin. Population is an area share of the district total."
osm20233740,beijing,南口镇,南口镇,58000,cny_pc,76,70,56,64,58,52,68,33.5,compiled,轮廓为 OSM admin_level=8，裁入既有昌平区多边形，非民政原件。收入和学校等指标沿用所在区的公开数字，不是街道公报。人口按该区常住人口做面积分摊。,"Outline is OSM admin_level 8 clipped into the existing Changping polygon, not a civil-affairs original. Income and covariates are the parent district figures, not a street bulletin. Population is an area share of the district total."
osm20233737,beijing,小汤山镇,小汤山镇,58000,cny_pc,76,70,56,64,58,52,68,11.9,compiled,轮廓为 OSM admin_level=8，裁入既有昌平区多边形，非民政原件。收入和学校等指标沿用所在区的公开数字，不是街道公报。人口按该区常住人口做面积分摊。,"Outline is OSM admin_level 8 clipped into the existing Changping polygon, not a civil-affairs original. Income and covariates are the parent district figures, not a street bulletin. Population is an area share of the district total."
osm20233744,beijing,崔村镇,崔村镇,58000,cny_pc,76,70,56,64,58,52,68,16.7,compiled,轮廓为 OSM admin_level=8，裁入既有昌平区多边形，非民政原件。收入和学校等指标沿用所在区的公开数字，不是街道公报。人口按该区常住人口做面积分摊。,"Outline is OSM admin_level 8 clipped into the existing Changping polygon, not a civil-affairs original. Income and covariates are the parent district figures, not a street bulletin. Population is an area share of the district total."
osm20233738,beijing,延寿镇,延寿镇,58000,cny_pc,76,70,56,64,58,52,68,21.4,compiled,轮廓为 OSM admin_level=8，裁入既有昌平区多边形，非民政原件。收入和学校等指标沿用所在区的公开数字，不是街道公报。人口按该区常住人口做面积分摊。,"Outline is OSM admin_level 8 clipped into the existing Changping polygon, not a civil-affairs original. Income and covariates are the parent district figures, not a street bulletin. Population is an area share of the district total."
osm20233748,beijing,沙河镇,沙河镇,58000,cny_pc,76,70,56,64,58,52,68,11.7,compiled,轮廓为 OSM admin_level=8，裁入既有昌平区多边形，非民政原件。收入和学校等指标沿用所在区的公开数字，不是街道公报。人口按该区常住人口做面积分摊。,"Outline is OSM admin_level 8 clipped into the existing Changping polygon, not a civil-affairs original. Income and covariates are the parent district figures, not a street bulletin. Population is an area share of the district total."
osm20233741,beijing,流村镇,流村镇,58000,cny_pc,76,70,56,64,58,52,68,45.4,compiled,轮廓为 OSM admin_level=8，裁入既有昌平区多边形，非民政原件。收入和学校等指标沿用所在区的公开数字，不是街道公报。人口按该区常住人口做面积分摊。,"Outline is OSM admin_level 8 clipped into the existing Changping polygon, not a civil-affairs original. Income and covariates are the parent district figures, not a street bulletin. Population is an area share of the district total."
osm20233747,beijing,百善镇,百善镇,58000,cny_pc,76,70,56,64,58,52,68,5.9,compiled,轮廓为 OSM admin_level=8，裁入既有昌平区多边形，非民政原件。收入和学校等指标沿用所在区的公开数字，不是街道公报。人口按该区常住人口做面积分摊。,"Outline is OSM admin_level 8 clipped into the existing Changping polygon, not a civil-affairs original. Income and covariates are the parent district figures, not a street bulletin. Population is an area share of the district total."
osm20233742,beijing,阳坊镇,阳坊镇,58000,cny_pc,76,70,56,64,58,52,68,6.8,compiled,轮廓为 OSM admin_level=8，裁入既有昌平区多边形，非民政原件。收入和学校等指标沿用所在区的公开数字，不是街道公报。人口按该区常住人口做面积分摊。,"Outline is OSM admin_level 8 clipped into the existing Changping polygon, not a civil-affairs original. Income and covariates are the parent district figures, not a street bulletin. Population is an area share of the district total."
osm20233743,beijing,马池口镇,马池口镇,58000,cny_pc,76,70,56,64,58,52,68,10.4,compiled,轮廓为 OSM admin_level=8，裁入既有昌平区多边形，非民政原件。收入和学校等指标沿用所在区的公开数字，不是街道公报。人口按该区常住人口做面积分摊。,"Outline is OSM admin_level 8 clipped into the existing Changping polygon, not a civil-affairs original. Income and covariates are the parent district figures, not a street bulletin. Population is an area share of the district total."
osm20175504,beijing,兴丰街道,兴丰街道,61000,cny_pc,66,50,58,66,60,55,72,4.8,compiled,轮廓为 OSM admin_level=8，裁入既有大兴区多边形，非民政原件。收入和学校等指标沿用所在区的公开数字，不是街道公报。人口按该区常住人口做面积分摊。,"Outline is OSM admin_level 8 clipped into the existing Daxing polygon, not a civil-affairs original. Income and covariates are the parent district figures, not a street bulletin. Population is an area share of the district total."
osm20175497,beijing,博兴街道,博兴街道,61000,cny_pc,66,50,58,66,60,55,72,2.0,compiled,轮廓为 OSM admin_level=8，裁入既有大兴区多边形，非民政原件。收入和学校等指标沿用所在区的公开数字，不是街道公报。人口按该区常住人口做面积分摊。,"Outline is OSM admin_level 8 clipped into the existing Daxing polygon, not a civil-affairs original. Income and covariates are the parent district figures, not a street bulletin. Population is an area share of the district total."
osm20175503,beijing,天宫院街道,天宫院街道,61000,cny_pc,66,50,58,66,60,55,72,7.1,compiled,轮廓为 OSM admin_level=8，裁入既有大兴区多边形，非民政原件。收入和学校等指标沿用所在区的公开数字，不是街道公报。人口按该区常住人口做面积分摊。,"Outline is OSM admin_level 8 clipped into the existing Daxing polygon, not a civil-affairs original. Income and covariates are the parent district figures, not a street bulletin. Population is an area share of the district total."
osm20175506,beijing,清源街道,清源街道,61000,cny_pc,66,50,58,66,60,55,72,1.1,compiled,轮廓为 OSM admin_level=8，裁入既有大兴区多边形，非民政原件。收入和学校等指标沿用所在区的公开数字，不是街道公报。人口按该区常住人口做面积分摊。,"Outline is OSM admin_level 8 clipped into the existing Daxing polygon, not a civil-affairs original. Income and covariates are the parent district figures, not a street bulletin. Population is an area share of the district total."
osm20175498,beijing,荣华街道,荣华街道,61000,cny_pc,66,50,58,66,60,55,72,4.0,compiled,轮廓为 OSM admin_level=8，裁入既有大兴区多边形，非民政原件。收入和学校等指标沿用所在区的公开数字，不是街道公报。人口按该区常住人口做面积分摊。,"Outline is OSM admin_level 8 clipped into the existing Daxing polygon, not a civil-affairs original. Income and covariates are the parent district figures, not a street bulletin. Population is an area share of the district total."
osm20175505,beijing,观音寺街道,观音寺街道,61000,cny_pc,66,50,58,66,60,55,72,3.7,compiled,轮廓为 OSM admin_level=8，裁入既有大兴区多边形，非民政原件。收入和学校等指标沿用所在区的公开数字，不是街道公报。人口按该区常住人口做面积分摊。,"Outline is OSM admin_level 8 clipped into the existing Daxing polygon, not a civil-affairs original. Income and covariates are the parent district figures, not a street bulletin. Population is an area share of the district total."
osm20175507,beijing,高米店街道,高米店街道,61000,cny_pc,66,50,58,66,60,55,72,1.1,compiled,轮廓为 OSM admin_level=8，裁入既有大兴区多边形，非民政原件。收入和学校等指标沿用所在区的公开数字，不是街道公报。人口按该区常住人口做面积分摊。,"Outline is OSM admin_level 8 clipped into the existing Daxing polygon, not a civil-affairs original. Income and covariates are the parent district figures, not a street bulletin. Population is an area share of the district total."
osm18038616,beijing,北臧村镇,北臧村镇,61000,cny_pc,66,50,58,66,60,55,72,8.7,compiled,轮廓为 OSM admin_level=8，裁入既有大兴区多边形，非民政原件。收入和学校等指标沿用所在区的公开数字，不是街道公报。人口按该区常住人口做面积分摊。,"Outline is OSM admin_level 8 clipped into the existing Daxing polygon, not a civil-affairs original. Income and covariates are the parent district figures, not a street bulletin. Population is an area share of the district total."
osm20175499,beijing,亦庄镇,亦庄镇,61000,cny_pc,66,50,58,66,60,55,72,2.6,compiled,轮廓为 OSM admin_level=8，裁入既有大兴区多边形，非民政原件。收入和学校等指标沿用所在区的公开数字，不是街道公报。人口按该区常住人口做面积分摊。,"Outline is OSM admin_level 8 clipped into the existing Daxing polygon, not a civil-affairs original. Income and covariates are the parent district figures, not a street bulletin. Population is an area share of the district total."
osm20175492,beijing,安定镇,安定镇,61000,cny_pc,66,50,58,66,60,55,72,14.9,compiled,轮廓为 OSM admin_level=8，裁入既有大兴区多边形，非民政原件。收入和学校等指标沿用所在区的公开数字，不是街道公报。人口按该区常住人口做面积分摊。,"Outline is OSM admin_level 8 clipped into the existing Daxing polygon, not a civil-affairs original. Income and covariates are the parent district figures, not a street bulletin. Population is an area share of the district total."
osm20175490,beijing,庞各庄镇,庞各庄镇,61000,cny_pc,66,50,58,66,60,55,72,21.1,compiled,轮廓为 OSM admin_level=8，裁入既有大兴区多边形，非民政原件。收入和学校等指标沿用所在区的公开数字，不是街道公报。人口按该区常住人口做面积分摊。,"Outline is OSM admin_level 8 clipped into the existing Daxing polygon, not a civil-affairs original. Income and covariates are the parent district figures, not a street bulletin. Population is an area share of the district total."
osm20175500,beijing,旧宫镇,旧宫镇,61000,cny_pc,66,50,58,66,60,55,72,5.7,compiled,轮廓为 OSM admin_level=8，裁入既有大兴区多边形，非民政原件。收入和学校等指标沿用所在区的公开数字，不是街道公报。人口按该区常住人口做面积分摊。,"Outline is OSM admin_level 8 clipped into the existing Daxing polygon, not a civil-affairs original. Income and covariates are the parent district figures, not a street bulletin. Population is an area share of the district total."
osm20175488,beijing,榆垡镇,榆垡镇,61000,cny_pc,66,50,58,66,60,55,72,26.0,compiled,轮廓为 OSM admin_level=8，裁入既有大兴区多边形，非民政原件。收入和学校等指标沿用所在区的公开数字，不是街道公报。人口按该区常住人口做面积分摊。,"Outline is OSM admin_level 8 clipped into the existing Daxing polygon, not a civil-affairs original. Income and covariates are the parent district figures, not a street bulletin. Population is an area share of the district total."
osm20175496,beijing,瀛海镇,瀛海镇,61000,cny_pc,66,50,58,66,60,55,72,6.1,compiled,轮廓为 OSM admin_level=8，裁入既有大兴区多边形，非民政原件。收入和学校等指标沿用所在区的公开数字，不是街道公报。人口按该区常住人口做面积分摊。,"Outline is OSM admin_level 8 clipped into the existing Daxing polygon, not a civil-affairs original. Income and covariates are the parent district figures, not a street bulletin. Population is an area share of the district total."
osm20175489,beijing,礼贤镇,礼贤镇,61000,cny_pc,66,50,58,66,60,55,72,18.0,compiled,轮廓为 OSM admin_level=8，裁入既有大兴区多边形，非民政原件。收入和学校等指标沿用所在区的公开数字，不是街道公报。人口按该区常住人口做面积分摊。,"Outline is OSM admin_level 8 clipped into the existing Daxing polygon, not a civil-affairs original. Income and covariates are the parent district figures, not a street bulletin. Population is an area share of the district total."
osm20175501,beijing,西红门镇,西红门镇,61000,cny_pc,66,50,58,66,60,55,72,5.5,compiled,轮廓为 OSM admin_level=8，裁入既有大兴区多边形，非民政原件。收入和学校等指标沿用所在区的公开数字，不是街道公报。人口按该区常住人口做面积分摊。,"Outline is OSM admin_level 8 clipped into the existing Daxing polygon, not a civil-affairs original. Income and covariates are the parent district figures, not a street bulletin. Population is an area share of the district total."
osm20175495,beijing,采育镇,采育镇,61000,cny_pc,66,50,58,66,60,55,72,13.8,compiled,轮廓为 OSM admin_level=8，裁入既有大兴区多边形，非民政原件。收入和学校等指标沿用所在区的公开数字，不是街道公报。人口按该区常住人口做面积分摊。,"Outline is OSM admin_level 8 clipped into the existing Daxing polygon, not a civil-affairs original. Income and covariates are the parent district figures, not a street bulletin. Population is an area share of the district total."
osm20175494,beijing,长子营镇,长子营镇,61000,cny_pc,66,50,58,66,60,55,72,11.5,compiled,轮廓为 OSM admin_level=8，裁入既有大兴区多边形，非民政原件。收入和学校等指标沿用所在区的公开数字，不是街道公报。人口按该区常住人口做面积分摊。,"Outline is OSM admin_level 8 clipped into the existing Daxing polygon, not a civil-affairs original. Income and covariates are the parent district figures, not a street bulletin. Population is an area share of the district total."
osm20175493,beijing,青云店镇,青云店镇,61000,cny_pc,66,50,58,66,60,55,72,13.6,compiled,轮廓为 OSM admin_level=8，裁入既有大兴区多边形，非民政原件。收入和学校等指标沿用所在区的公开数字，不是街道公报。人口按该区常住人口做面积分摊。,"Outline is OSM admin_level 8 clipped into the existing Daxing polygon, not a civil-affairs original. Income and covariates are the parent district figures, not a street bulletin. Population is an area share of the district total."
osm20175491,beijing,魏善庄镇,魏善庄镇,61000,cny_pc,66,50,58,66,60,55,72,15.6,compiled,轮廓为 OSM admin_level=8，裁入既有大兴区多边形，非民政原件。收入和学校等指标沿用所在区的公开数字，不是街道公报。人口按该区常住人口做面积分摊。,"Outline is OSM admin_level 8 clipped into the existing Daxing polygon, not a civil-affairs original. Income and covariates are the parent district figures, not a street bulletin. Population is an area share of the district total."
osm20175502,beijing,黄村镇,黄村镇,61000,cny_pc,66,50,58,66,60,55,72,12.5,compiled,轮廓为 OSM admin_level=8，裁入既有大兴区多边形，非民政原件。收入和学校等指标沿用所在区的公开数字，不是街道公报。人口按该区常住人口做面积分摊。,"Outline is OSM admin_level 8 clipped into the existing Daxing polygon, not a civil-affairs original. Income and covariates are the parent district figures, not a street bulletin. Population is an area share of the district total."
osm20602739,beijing,泉河街道,泉河街道,48000,cny_pc,50,30,48,55,32,58,42,0.1,compiled,轮廓为 OSM admin_level=8，裁入既有怀柔区多边形，非民政原件。收入和学校等指标沿用所在区的公开数字，不是街道公报。人口按该区常住人口做面积分摊。,"Outline is OSM admin_level 8 clipped into the existing Huairou polygon, not a civil-affairs original. Income and covariates are the parent district figures, not a street bulletin. Population is an area share of the district total."
osm20602740,beijing,龙山街道,龙山街道,48000,cny_pc,50,30,48,55,32,58,42,0.1,compiled,轮廓为 OSM admin_level=8，裁入既有怀柔区多边形，非民政原件。收入和学校等指标沿用所在区的公开数字，不是街道公报。人口按该区常住人口做面积分摊。,"Outline is OSM admin_level 8 clipped into the existing Huairou polygon, not a civil-affairs original. Income and covariates are the parent district figures, not a street bulletin. Population is an area share of the district total."
osm20602735,beijing,北房镇,北房镇,48000,cny_pc,50,30,48,55,32,58,42,0.8,compiled,轮廓为 OSM admin_level=8，裁入既有怀柔区多边形，非民政原件。收入和学校等指标沿用所在区的公开数字，不是街道公报。人口按该区常住人口做面积分摊。,"Outline is OSM admin_level 8 clipped into the existing Huairou polygon, not a civil-affairs original. Income and covariates are the parent district figures, not a street bulletin. Population is an area share of the district total."
osm20602728,beijing,宝山镇,宝山镇,48000,cny_pc,50,30,48,55,32,58,42,4.9,compiled,轮廓为 OSM admin_level=8，裁入既有怀柔区多边形，非民政原件。收入和学校等指标沿用所在区的公开数字，不是街道公报。人口按该区常住人口做面积分摊。,"Outline is OSM admin_level 8 clipped into the existing Huairou polygon, not a civil-affairs original. Income and covariates are the parent district figures, not a street bulletin. Population is an area share of the district total."
osm20602737,beijing,庙城镇,庙城镇,48000,cny_pc,50,30,48,55,32,58,42,0.6,compiled,轮廓为 OSM admin_level=8，裁入既有怀柔区多边形，非民政原件。收入和学校等指标沿用所在区的公开数字，不是街道公报。人口按该区常住人口做面积分摊。,"Outline is OSM admin_level 8 clipped into the existing Huairou polygon, not a civil-affairs original. Income and covariates are the parent district figures, not a street bulletin. Population is an area share of the district total."
osm20602730,beijing,怀北镇,怀北镇,48000,cny_pc,50,30,48,55,32,58,42,2.0,compiled,轮廓为 OSM admin_level=8，裁入既有怀柔区多边形，非民政原件。收入和学校等指标沿用所在区的公开数字，不是街道公报。人口按该区常住人口做面积分摊。,"Outline is OSM admin_level 8 clipped into the existing Huairou polygon, not a civil-affairs original. Income and covariates are the parent district figures, not a street bulletin. Population is an area share of the district total."
osm20602738,beijing,怀柔镇,怀柔镇,48000,cny_pc,50,30,48,55,32,58,42,1.1,compiled,轮廓为 OSM admin_level=8，裁入既有怀柔区多边形，非民政原件。收入和学校等指标沿用所在区的公开数字，不是街道公报。人口按该区常住人口做面积分摊。,"Outline is OSM admin_level 8 clipped into the existing Huairou polygon, not a civil-affairs original. Income and covariates are the parent district figures, not a street bulletin. Population is an area share of the district total."
osm20602736,beijing,杨宋镇,杨宋镇,48000,cny_pc,50,30,48,55,32,58,42,0.6,compiled,轮廓为 OSM admin_level=8，裁入既有怀柔区多边形，非民政原件。收入和学校等指标沿用所在区的公开数字，不是街道公报。人口按该区常住人口做面积分摊。,"Outline is OSM admin_level 8 clipped into the existing Huairou polygon, not a civil-affairs original. Income and covariates are the parent district figures, not a street bulletin. Population is an area share of the district total."
osm20602734,beijing,桥梓镇,桥梓镇,48000,cny_pc,50,30,48,55,32,58,42,2.2,compiled,轮廓为 OSM admin_level=8，裁入既有怀柔区多边形，非民政原件。收入和学校等指标沿用所在区的公开数字，不是街道公报。人口按该区常住人口做面积分摊。,"Outline is OSM admin_level 8 clipped into the existing Huairou polygon, not a civil-affairs original. Income and covariates are the parent district figures, not a street bulletin. Population is an area share of the district total."
osm20602733,beijing,九渡河镇,九渡河镇,48000,cny_pc,50,30,48,55,32,58,42,3.5,compiled,轮廓为 OSM admin_level=8，裁入既有怀柔区多边形，非民政原件。收入和学校等指标沿用所在区的公开数字，不是街道公报。人口按该区常住人口做面积分摊。,"Outline is OSM admin_level 8 clipped into the existing Huairou polygon, not a civil-affairs original. Income and covariates are the parent district figures, not a street bulletin. Population is an area share of the district total."
osm20602732,beijing,渤海镇,渤海镇,48000,cny_pc,50,30,48,55,32,58,42,3.0,compiled,轮廓为 OSM admin_level=8，裁入既有怀柔区多边形，非民政原件。收入和学校等指标沿用所在区的公开数字，不是街道公报。人口按该区常住人口做面积分摊。,"Outline is OSM admin_level 8 clipped into the existing Huairou polygon, not a civil-affairs original. Income and covariates are the parent district figures, not a street bulletin. Population is an area share of the district total."
osm20602727,beijing,汤河口镇,汤河口镇,48000,cny_pc,50,30,48,55,32,58,42,4.4,compiled,轮廓为 OSM admin_level=8，裁入既有怀柔区多边形，非民政原件。收入和学校等指标沿用所在区的公开数字，不是街道公报。人口按该区常住人口做面积分摊。,"Outline is OSM admin_level 8 clipped into the existing Huairou polygon, not a civil-affairs original. Income and covariates are the parent district figures, not a street bulletin. Population is an area share of the district total."
osm20602729,beijing,琉璃庙镇,琉璃庙镇,48000,cny_pc,50,30,48,55,32,58,42,4.4,compiled,轮廓为 OSM admin_level=8，裁入既有怀柔区多边形，非民政原件。收入和学校等指标沿用所在区的公开数字，不是街道公报。人口按该区常住人口做面积分摊。,"Outline is OSM admin_level 8 clipped into the existing Huairou polygon, not a civil-affairs original. Income and covariates are the parent district figures, not a street bulletin. Population is an area share of the district total."
osm20602731,beijing,雁栖镇,雁栖镇,48000,cny_pc,50,30,48,55,32,58,42,3.0,compiled,轮廓为 OSM admin_level=8，裁入既有怀柔区多边形，非民政原件。收入和学校等指标沿用所在区的公开数字，不是街道公报。人口按该区常住人口做面积分摊。,"Outline is OSM admin_level 8 clipped into the existing Huairou polygon, not a civil-affairs original. Income and covariates are the parent district figures, not a street bulletin. Population is an area share of the district total."
osm20602725,beijing,喇叭沟门满族乡,喇叭沟门满族乡,48000,cny_pc,50,30,48,55,32,58,42,5.8,compiled,轮廓为 OSM admin_level=8，裁入既有怀柔区多边形，非民政原件。收入和学校等指标沿用所在区的公开数字，不是街道公报。人口按该区常住人口做面积分摊。,"Outline is OSM admin_level 8 clipped into the existing Huairou polygon, not a civil-affairs original. Income and covariates are the parent district figures, not a street bulletin. Population is an area share of the district total."
osm20602726,beijing,长哨营满族乡,长哨营满族乡,48000,cny_pc,50,30,48,55,32,58,42,4.9,compiled,轮廓为 OSM admin_level=8，裁入既有怀柔区多边形，非民政原件。收入和学校等指标沿用所在区的公开数字，不是街道公报。人口按该区常住人口做面积分摊。,"Outline is OSM admin_level 8 clipped into the existing Huairou polygon, not a civil-affairs original. Income and covariates are the parent district figures, not a street bulletin. Population is an area share of the district total."
osm20256331,beijing,兴谷街道,兴谷街道,47000,cny_pc,48,28,46,54,30,58,40,0.4,compiled,轮廓为 OSM admin_level=8，裁入既有平谷区多边形，非民政原件。收入和学校等指标沿用所在区的公开数字，不是街道公报。人口按该区常住人口做面积分摊。,"Outline is OSM admin_level 8 clipped into the existing Pinggu polygon, not a civil-affairs original. Income and covariates are the parent district figures, not a street bulletin. Population is an area share of the district total."
osm20256332,beijing,滨河街道,滨河街道,47000,cny_pc,48,28,46,54,30,58,40,0.2,compiled,轮廓为 OSM admin_level=8，裁入既有平谷区多边形，非民政原件。收入和学校等指标沿用所在区的公开数字，不是街道公报。人口按该区常住人口做面积分摊。,"Outline is OSM admin_level 8 clipped into the existing Pinggu polygon, not a civil-affairs original. Income and covariates are the parent district figures, not a street bulletin. Population is an area share of the district total."
osm20256325,beijing,东高村镇,东高村镇,47000,cny_pc,48,28,46,54,30,58,40,2.7,compiled,轮廓为 OSM admin_level=8，裁入既有平谷区多边形，非民政原件。收入和学校等指标沿用所在区的公开数字，不是街道公报。人口按该区常住人口做面积分摊。,"Outline is OSM admin_level 8 clipped into the existing Pinggu polygon, not a civil-affairs original. Income and covariates are the parent district figures, not a street bulletin. Population is an area share of the district total."
osm20256330,beijing,兴谷街道,兴谷街道,47000,cny_pc,48,28,46,54,30,58,40,0.9,compiled,轮廓为 OSM admin_level=8，裁入既有平谷区多边形，非民政原件。收入和学校等指标沿用所在区的公开数字，不是街道公报。人口按该区常住人口做面积分摊。,"Outline is OSM admin_level 8 clipped into the existing Pinggu polygon, not a civil-affairs original. Income and covariates are the parent district figures, not a street bulletin. Population is an area share of the district total."
osm20256319,beijing,刘家店镇,刘家店镇,47000,cny_pc,48,28,46,54,30,58,40,1.7,compiled,轮廓为 OSM admin_level=8，裁入既有平谷区多边形，非民政原件。收入和学校等指标沿用所在区的公开数字，不是街道公报。人口按该区常住人口做面积分摊。,"Outline is OSM admin_level 8 clipped into the existing Pinggu polygon, not a civil-affairs original. Income and covariates are the parent district figures, not a street bulletin. Population is an area share of the district total."
osm20256328,beijing,南独乐河镇,南独乐河镇,47000,cny_pc,48,28,46,54,30,58,40,3.3,compiled,轮廓为 OSM admin_level=8，裁入既有平谷区多边形，非民政原件。收入和学校等指标沿用所在区的公开数字，不是街道公报。人口按该区常住人口做面积分摊。,"Outline is OSM admin_level 8 clipped into the existing Pinggu polygon, not a civil-affairs original. Income and covariates are the parent district figures, not a street bulletin. Population is an area share of the district total."
osm20256326,beijing,夏各庄镇,夏各庄镇,47000,cny_pc,48,28,46,54,30,58,40,2.9,compiled,轮廓为 OSM admin_level=8，裁入既有平谷区多边形，非民政原件。收入和学校等指标沿用所在区的公开数字，不是街道公报。人口按该区常住人口做面积分摊。,"Outline is OSM admin_level 8 clipped into the existing Pinggu polygon, not a civil-affairs original. Income and covariates are the parent district figures, not a street bulletin. Population is an area share of the district total."
osm20256322,beijing,大兴庄镇,大兴庄镇,47000,cny_pc,48,28,46,54,30,58,40,1.2,compiled,轮廓为 OSM admin_level=8，裁入既有平谷区多边形，非民政原件。收入和学校等指标沿用所在区的公开数字，不是街道公报。人口按该区常住人口做面积分摊。,"Outline is OSM admin_level 8 clipped into the existing Pinggu polygon, not a civil-affairs original. Income and covariates are the parent district figures, not a street bulletin. Population is an area share of the district total."
osm20256318,beijing,大华山镇,大华山镇,47000,cny_pc,48,28,46,54,30,58,40,4.7,compiled,轮廓为 OSM admin_level=8，裁入既有平谷区多边形，非民政原件。收入和学校等指标沿用所在区的公开数字，不是街道公报。人口按该区常住人口做面积分摊。,"Outline is OSM admin_level 8 clipped into the existing Pinggu polygon, not a civil-affairs original. Income and covariates are the parent district figures, not a street bulletin. Population is an area share of the district total."
osm20256327,beijing,山东庄镇,山东庄镇,47000,cny_pc,48,28,46,54,30,58,40,2.1,compiled,轮廓为 OSM admin_level=8，裁入既有平谷区多边形，非民政原件。收入和学校等指标沿用所在区的公开数字，不是街道公报。人口按该区常住人口做面积分摊。,"Outline is OSM admin_level 8 clipped into the existing Pinggu polygon, not a civil-affairs original. Income and covariates are the parent district figures, not a street bulletin. Population is an area share of the district total."
osm20256320,beijing,峪口镇,峪口镇,47000,cny_pc,48,28,46,54,30,58,40,3.1,compiled,轮廓为 OSM admin_level=8，裁入既有平谷区多边形，非民政原件。收入和学校等指标沿用所在区的公开数字，不是街道公报。人口按该区常住人口做面积分摊。,"Outline is OSM admin_level 8 clipped into the existing Pinggu polygon, not a civil-affairs original. Income and covariates are the parent district figures, not a street bulletin. Population is an area share of the district total."
osm20256321,beijing,王辛庄镇,王辛庄镇,47000,cny_pc,48,28,46,54,30,58,40,3.1,compiled,轮廓为 OSM admin_level=8，裁入既有平谷区多边形，非民政原件。收入和学校等指标沿用所在区的公开数字，不是街道公报。人口按该区常住人口做面积分摊。,"Outline is OSM admin_level 8 clipped into the existing Pinggu polygon, not a civil-affairs original. Income and covariates are the parent district figures, not a street bulletin. Population is an area share of the district total."
osm20256329,beijing,金海湖镇,金海湖镇,47000,cny_pc,48,28,46,54,30,58,40,6.4,compiled,轮廓为 OSM admin_level=8，裁入既有平谷区多边形，非民政原件。收入和学校等指标沿用所在区的公开数字，不是街道公报。人口按该区常住人口做面积分摊。,"Outline is OSM admin_level 8 clipped into the existing Pinggu polygon, not a civil-affairs original. Income and covariates are the parent district figures, not a street bulletin. Population is an area share of the district total."
osm20256317,beijing,镇罗营镇,镇罗营镇,47000,cny_pc,48,28,46,54,30,58,40,3.9,compiled,轮廓为 OSM admin_level=8，裁入既有平谷区多边形，非民政原件。收入和学校等指标沿用所在区的公开数字，不是街道公报。人口按该区常住人口做面积分摊。,"Outline is OSM admin_level 8 clipped into the existing Pinggu polygon, not a civil-affairs original. Income and covariates are the parent district figures, not a street bulletin. Population is an area share of the district total."
osm20256324,beijing,马坊镇,马坊镇,47000,cny_pc,48,28,46,54,30,58,40,1.8,compiled,轮廓为 OSM admin_level=8，裁入既有平谷区多边形，非民政原件。收入和学校等指标沿用所在区的公开数字，不是街道公报。人口按该区常住人口做面积分摊。,"Outline is OSM admin_level 8 clipped into the existing Pinggu polygon, not a civil-affairs original. Income and covariates are the parent district figures, not a street bulletin. Population is an area share of the district total."
osm20256323,beijing,马昌营镇,马昌营镇,47000,cny_pc,48,28,46,54,30,58,40,1.4,compiled,轮廓为 OSM admin_level=8，裁入既有平谷区多边形，非民政原件。收入和学校等指标沿用所在区的公开数字，不是街道公报。人口按该区常住人口做面积分摊。,"Outline is OSM admin_level 8 clipped into the existing Pinggu polygon, not a civil-affairs original. Income and covariates are the parent district figures, not a street bulletin. Population is an area share of the district total."
osm20256316,beijing,熊儿寨乡,熊儿寨乡,47000,cny_pc,48,28,46,54,30,58,40,2.8,compiled,轮廓为 OSM admin_level=8，裁入既有平谷区多边形，非民政原件。收入和学校等指标沿用所在区的公开数字，不是街道公报。人口按该区常住人口做面积分摊。,"Outline is OSM admin_level 8 clipped into the existing Pinggu polygon, not a civil-affairs original. Income and covariates are the parent district figures, not a street bulletin. Population is an area share of the district total."
osm20256315,beijing,黄松峪乡,黄松峪乡,47000,cny_pc,48,28,46,54,30,58,40,3.1,compiled,轮廓为 OSM admin_level=8，裁入既有平谷区多边形，非民政原件。收入和学校等指标沿用所在区的公开数字，不是街道公报。人口按该区常住人口做面积分摊。,"Outline is OSM admin_level 8 clipped into the existing Pinggu polygon, not a civil-affairs original. Income and covariates are the parent district figures, not a street bulletin. Population is an area share of the district total."
osm6579631,beijing,北庄镇,Beizhuang,46500,cny_pc,48,28,45,54,28,58,38,2.0,compiled,轮廓为 OSM admin_level=8，裁入既有密云区多边形，非民政原件。收入和学校等指标沿用所在区的公开数字，不是街道公报。人口按该区常住人口做面积分摊。,"Outline is OSM admin_level 8 clipped into the existing Miyun polygon, not a civil-affairs original. Income and covariates are the parent district figures, not a street bulletin. Population is an area share of the district total."
osm6579599,beijing,高岭镇,Gaoling,46500,cny_pc,48,28,45,54,28,58,38,2.8,compiled,轮廓为 OSM admin_level=8，裁入既有密云区多边形，非民政原件。收入和学校等指标沿用所在区的公开数字，不是街道公报。人口按该区常住人口做面积分摊。,"Outline is OSM admin_level 8 clipped into the existing Miyun polygon, not a civil-affairs original. Income and covariates are the parent district figures, not a street bulletin. Population is an area share of the district total."
osm6579611,beijing,古北口镇,Gubeikou,46500,cny_pc,48,28,45,54,28,58,38,2.1,compiled,轮廓为 OSM admin_level=8，裁入既有密云区多边形，非民政原件。收入和学校等指标沿用所在区的公开数字，不是街道公报。人口按该区常住人口做面积分摊。,"Outline is OSM admin_level 8 clipped into the existing Miyun polygon, not a civil-affairs original. Income and covariates are the parent district figures, not a street bulletin. Population is an area share of the district total."
osm6579646,beijing,太师屯镇,Taishitun,46500,cny_pc,48,28,45,54,28,58,38,5.2,compiled,轮廓为 OSM admin_level=8，裁入既有密云区多边形，非民政原件。收入和学校等指标沿用所在区的公开数字，不是街道公报。人口按该区常住人口做面积分摊。,"Outline is OSM admin_level 8 clipped into the existing Miyun polygon, not a civil-affairs original. Income and covariates are the parent district figures, not a street bulletin. Population is an area share of the district total."
osm6579522,beijing,新城子镇,Xinchengzi,46500,cny_pc,48,28,45,54,28,58,38,3.8,compiled,轮廓为 OSM admin_level=8，裁入既有密云区多边形，非民政原件。收入和学校等指标沿用所在区的公开数字，不是街道公报。人口按该区常住人口做面积分摊。,"Outline is OSM admin_level 8 clipped into the existing Miyun polygon, not a civil-affairs original. Income and covariates are the parent district figures, not a street bulletin. Population is an area share of the district total."
osm7425685,beijing,檀营乡,Tanying,46500,cny_pc,48,28,45,54,28,58,38,0.1,compiled,轮廓为 OSM admin_level=8，裁入既有密云区多边形，非民政原件。收入和学校等指标沿用所在区的公开数字，不是街道公报。人口按该区常住人口做面积分摊。,"Outline is OSM admin_level 8 clipped into the existing Miyun polygon, not a civil-affairs original. Income and covariates are the parent district figures, not a street bulletin. Population is an area share of the district total."
osm8217881,beijing,鼓楼街道,Gulou,46500,cny_pc,48,28,45,54,28,58,38,0.3,compiled,轮廓为 OSM admin_level=8，裁入既有密云区多边形，非民政原件。收入和学校等指标沿用所在区的公开数字，不是街道公报。人口按该区常住人口做面积分摊。,"Outline is OSM admin_level 8 clipped into the existing Miyun polygon, not a civil-affairs original. Income and covariates are the parent district figures, not a street bulletin. Population is an area share of the district total."
osm8220363,beijing,果园街道,Guoyuan,46500,cny_pc,48,28,45,54,28,58,38,0.1,compiled,轮廓为 OSM admin_level=8，裁入既有密云区多边形，非民政原件。收入和学校等指标沿用所在区的公开数字，不是街道公报。人口按该区常住人口做面积分摊。,"Outline is OSM admin_level 8 clipped into the existing Miyun polygon, not a civil-affairs original. Income and covariates are the parent district figures, not a street bulletin. Population is an area share of the district total."
osm8220364,beijing,密云镇,Miyun,46500,cny_pc,48,28,45,54,28,58,38,0.3,compiled,轮廓为 OSM admin_level=8，裁入既有密云区多边形，非民政原件。收入和学校等指标沿用所在区的公开数字，不是街道公报。人口按该区常住人口做面积分摊。,"Outline is OSM admin_level 8 clipped into the existing Miyun polygon, not a civil-affairs original. Income and covariates are the parent district figures, not a street bulletin. Population is an area share of the district total."
osm20602724,beijing,不老屯镇,不老屯镇,46500,cny_pc,48,28,45,54,28,58,38,5.4,compiled,轮廓为 OSM admin_level=8，裁入既有密云区多边形，非民政原件。收入和学校等指标沿用所在区的公开数字，不是街道公报。人口按该区常住人口做面积分摊。,"Outline is OSM admin_level 8 clipped into the existing Miyun polygon, not a civil-affairs original. Income and covariates are the parent district figures, not a street bulletin. Population is an area share of the district total."
osm20602717,beijing,东邵渠镇,东邵渠镇,46500,cny_pc,48,28,45,54,28,58,38,2.6,compiled,轮廓为 OSM admin_level=8，裁入既有密云区多边形，非民政原件。收入和学校等指标沿用所在区的公开数字，不是街道公报。人口按该区常住人口做面积分摊。,"Outline is OSM admin_level 8 clipped into the existing Miyun polygon, not a civil-affairs original. Income and covariates are the parent district figures, not a street bulletin. Population is an area share of the district total."
osm20602723,beijing,冯家峪镇,冯家峪镇,46500,cny_pc,48,28,45,54,28,58,38,5.1,compiled,轮廓为 OSM admin_level=8，裁入既有密云区多边形，非民政原件。收入和学校等指标沿用所在区的公开数字，不是街道公报。人口按该区常住人口做面积分摊。,"Outline is OSM admin_level 8 clipped into the existing Miyun polygon, not a civil-affairs original. Income and covariates are the parent district figures, not a street bulletin. Population is an area share of the district total."
osm20602715,beijing,十里堡镇,十里堡镇,46500,cny_pc,48,28,45,54,28,58,38,0.8,compiled,轮廓为 OSM admin_level=8，裁入既有密云区多边形，非民政原件。收入和学校等指标沿用所在区的公开数字，不是街道公报。人口按该区常住人口做面积分摊。,"Outline is OSM admin_level 8 clipped into the existing Miyun polygon, not a civil-affairs original. Income and covariates are the parent district figures, not a street bulletin. Population is an area share of the district total."
osm20602719,beijing,巨各庄镇,巨各庄镇,46500,cny_pc,48,28,45,54,28,58,38,2.6,compiled,轮廓为 OSM admin_level=8，裁入既有密云区多边形，非民政原件。收入和学校等指标沿用所在区的公开数字，不是街道公报。人口按该区常住人口做面积分摊。,"Outline is OSM admin_level 8 clipped into the existing Miyun polygon, not a civil-affairs original. Income and covariates are the parent district figures, not a street bulletin. Population is an area share of the district total."
osm20602716,beijing,河南寨镇,河南寨镇,46500,cny_pc,48,28,45,54,28,58,38,1.5,compiled,轮廓为 OSM admin_level=8，裁入既有密云区多边形，非民政原件。收入和学校等指标沿用所在区的公开数字，不是街道公报。人口按该区常住人口做面积分摊。,"Outline is OSM admin_level 8 clipped into the existing Miyun polygon, not a civil-affairs original. Income and covariates are the parent district figures, not a street bulletin. Population is an area share of the district total."
osm20602721,beijing,溪翁庄镇,溪翁庄镇,46500,cny_pc,48,28,45,54,28,58,38,2.6,compiled,轮廓为 OSM admin_level=8，裁入既有密云区多边形，非民政原件。收入和学校等指标沿用所在区的公开数字，不是街道公报。人口按该区常住人口做面积分摊。,"Outline is OSM admin_level 8 clipped into the existing Miyun polygon, not a civil-affairs original. Income and covariates are the parent district figures, not a street bulletin. Population is an area share of the district total."
osm20602722,beijing,石城镇,石城镇,46500,cny_pc,48,28,45,54,28,58,38,6.0,compiled,轮廓为 OSM admin_level=8，裁入既有密云区多边形，非民政原件。收入和学校等指标沿用所在区的公开数字，不是街道公报。人口按该区常住人口做面积分摊。,"Outline is OSM admin_level 8 clipped into the existing Miyun polygon, not a civil-affairs original. Income and covariates are the parent district figures, not a street bulletin. Population is an area share of the district total."
osm20602720,beijing,穆家峪镇,穆家峪镇,46500,cny_pc,48,28,45,54,28,58,38,2.9,compiled,轮廓为 OSM admin_level=8，裁入既有密云区多边形，非民政原件。收入和学校等指标沿用所在区的公开数字，不是街道公报。人口按该区常住人口做面积分摊。,"Outline is OSM admin_level 8 clipped into the existing Miyun polygon, not a civil-affairs original. Income and covariates are the parent district figures, not a street bulletin. Population is an area share of the district total."
osm20602714,beijing,西田各庄镇,西田各庄镇,46500,cny_pc,48,28,45,54,28,58,38,3.1,compiled,轮廓为 OSM admin_level=8，裁入既有密云区多边形，非民政原件。收入和学校等指标沿用所在区的公开数字，不是街道公报。人口按该区常住人口做面积分摊。,"Outline is OSM admin_level 8 clipped into the existing Miyun polygon, not a civil-affairs original. Income and covariates are the parent district figures, not a street bulletin. Population is an area share of the district total."
osm20602718,beijing,大城子镇,大城子镇,46500,cny_pc,48,28,45,54,28,58,38,3.4,compiled,轮廓为 OSM admin_level=8，裁入既有密云区多边形，非民政原件。收入和学校等指标沿用所在区的公开数字，不是街道公报。人口按该区常住人口做面积分摊。,"Outline is OSM admin_level 8 clipped into the existing Miyun polygon, not a civil-affairs original. Income and covariates are the parent district figures, not a street bulletin. Population is an area share of the district total."
osm20602758,beijing,儒林街道,儒林街道,45000,cny_pc,46,26,44,52,26,55,36,0.1,compiled,轮廓为 OSM admin_level=8，裁入既有延庆区多边形，非民政原件。收入和学校等指标沿用所在区的公开数字，不是街道公报。人口按该区常住人口做面积分摊。,"Outline is OSM admin_level 8 clipped into the existing Yanqing polygon, not a civil-affairs original. Income and covariates are the parent district figures, not a street bulletin. Population is an area share of the district total."
osm20602756,beijing,百泉街道,百泉街道,45000,cny_pc,46,26,44,52,26,55,36,0.2,compiled,轮廓为 OSM admin_level=8，裁入既有延庆区多边形，非民政原件。收入和学校等指标沿用所在区的公开数字，不是街道公报。人口按该区常住人口做面积分摊。,"Outline is OSM admin_level 8 clipped into the existing Yanqing polygon, not a civil-affairs original. Income and covariates are the parent district figures, not a street bulletin. Population is an area share of the district total."
osm20602757,beijing,香水园街道,香水园街道,45000,cny_pc,46,26,44,52,26,55,36,0.1,compiled,轮廓为 OSM admin_level=8，裁入既有延庆区多边形，非民政原件。收入和学校等指标沿用所在区的公开数字，不是街道公报。人口按该区常住人口做面积分摊。,"Outline is OSM admin_level 8 clipped into the existing Yanqing polygon, not a civil-affairs original. Income and covariates are the parent district figures, not a street bulletin. Population is an area share of the district total."
osm20602749,beijing,井庄镇,井庄镇,45000,cny_pc,46,26,44,52,26,55,36,2.2,compiled,轮廓为 OSM admin_level=8，裁入既有延庆区多边形，非民政原件。收入和学校等指标沿用所在区的公开数字，不是街道公报。人口按该区常住人口做面积分摊。,"Outline is OSM admin_level 8 clipped into the existing Yanqing polygon, not a civil-affairs original. Income and covariates are the parent district figures, not a street bulletin. Population is an area share of the district total."
osm20602753,beijing,八达岭镇,八达岭镇,45000,cny_pc,46,26,44,52,26,55,36,1.7,compiled,轮廓为 OSM admin_level=8，裁入既有延庆区多边形，非民政原件。收入和学校等指标沿用所在区的公开数字，不是街道公报。人口按该区常住人口做面积分摊。,"Outline is OSM admin_level 8 clipped into the existing Yanqing polygon, not a civil-affairs original. Income and covariates are the parent district figures, not a street bulletin. Population is an area share of the district total."
osm20602745,beijing,千家店镇,千家店镇,45000,cny_pc,46,26,44,52,26,55,36,6.4,compiled,轮廓为 OSM admin_level=8，裁入既有延庆区多边形，非民政原件。收入和学校等指标沿用所在区的公开数字，不是街道公报。人口按该区常住人口做面积分摊。,"Outline is OSM admin_level 8 clipped into the existing Yanqing polygon, not a civil-affairs original. Income and covariates are the parent district figures, not a street bulletin. Population is an area share of the district total."
osm20602746,beijing,四海镇,四海镇,45000,cny_pc,46,26,44,52,26,55,36,2.0,compiled,轮廓为 OSM admin_level=8，裁入既有延庆区多边形，非民政原件。收入和学校等指标沿用所在区的公开数字，不是街道公报。人口按该区常住人口做面积分摊。,"Outline is OSM admin_level 8 clipped into the existing Yanqing polygon, not a civil-affairs original. Income and covariates are the parent district figures, not a street bulletin. Population is an area share of the district total."
osm20602754,beijing,大榆树镇,大榆树镇,45000,cny_pc,46,26,44,52,26,55,36,1.0,compiled,轮廓为 OSM admin_level=8，裁入既有延庆区多边形，非民政原件。收入和学校等指标沿用所在区的公开数字，不是街道公报。人口按该区常住人口做面积分摊。,"Outline is OSM admin_level 8 clipped into the existing Yanqing polygon, not a civil-affairs original. Income and covariates are the parent district figures, not a street bulletin. Population is an area share of the district total."
osm20602752,beijing,康庄镇,康庄镇,45000,cny_pc,46,26,44,52,26,55,36,1.6,compiled,轮廓为 OSM admin_level=8，裁入既有延庆区多边形，非民政原件。收入和学校等指标沿用所在区的公开数字，不是街道公报。人口按该区常住人口做面积分摊。,"Outline is OSM admin_level 8 clipped into the existing Yanqing polygon, not a civil-affairs original. Income and covariates are the parent district figures, not a street bulletin. Population is an area share of the district total."
osm20602755,beijing,延庆镇,延庆镇,45000,cny_pc,46,26,44,52,26,55,36,0.8,compiled,轮廓为 OSM admin_level=8，裁入既有延庆区多边形，非民政原件。收入和学校等指标沿用所在区的公开数字，不是街道公报。人口按该区常住人口做面积分摊。,"Outline is OSM admin_level 8 clipped into the existing Yanqing polygon, not a civil-affairs original. Income and covariates are the parent district figures, not a street bulletin. Population is an area share of the district total."
osm20602751,beijing,张山营镇,张山营镇,45000,cny_pc,46,26,44,52,26,55,36,4.5,compiled,轮廓为 OSM admin_level=8，裁入既有延庆区多边形，非民政原件。收入和学校等指标沿用所在区的公开数字，不是街道公报。人口按该区常住人口做面积分摊。,"Outline is OSM admin_level 8 clipped into the existing Yanqing polygon, not a civil-affairs original. Income and covariates are the parent district figures, not a street bulletin. Population is an area share of the district total."
osm20602748,beijing,旧县镇,旧县镇,45000,cny_pc,46,26,44,52,26,55,36,2.0,compiled,轮廓为 OSM admin_level=8，裁入既有延庆区多边形，非民政原件。收入和学校等指标沿用所在区的公开数字，不是街道公报。人口按该区常住人口做面积分摊。,"Outline is OSM admin_level 8 clipped into the existing Yanqing polygon, not a civil-affairs original. Income and covariates are the parent district figures, not a street bulletin. Population is an area share of the district total."
osm20602747,beijing,永宁镇,永宁镇,45000,cny_pc,46,26,44,52,26,55,36,2.5,compiled,轮廓为 OSM admin_level=8，裁入既有延庆区多边形，非民政原件。收入和学校等指标沿用所在区的公开数字，不是街道公报。人口按该区常住人口做面积分摊。,"Outline is OSM admin_level 8 clipped into the existing Yanqing polygon, not a civil-affairs original. Income and covariates are the parent district figures, not a street bulletin. Population is an area share of the district total."
osm20602750,beijing,沈家营镇,沈家营镇,45000,cny_pc,46,26,44,52,26,55,36,0.5,compiled,轮廓为 OSM admin_level=8，裁入既有延庆区多边形，非民政原件。收入和学校等指标沿用所在区的公开数字，不是街道公报。人口按该区常住人口做面积分摊。,"Outline is OSM admin_level 8 clipped into the existing Yanqing polygon, not a civil-affairs original. Income and covariates are the parent district figures, not a street bulletin. Population is an area share of the district total."
osm20602742,beijing,香营乡,香营乡,45000,cny_pc,46,26,44,52,26,55,36,2.1,compiled,轮廓为 OSM admin_level=8，裁入既有延庆区多边形，非民政原件。收入和学校等指标沿用所在区的公开数字，不是街道公报。人口按该区常住人口做面积分摊。,"Outline is OSM admin_level 8 clipped into the existing Yanqing polygon, not a civil-affairs original. Income and covariates are the parent district figures, not a street bulletin. Population is an area share of the district total."
osm20602741,beijing,刘斌堡乡,刘斌堡乡,45000,cny_pc,46,26,44,52,26,55,36,2.1,compiled,轮廓为 OSM admin_level=8，裁入既有延庆区多边形，非民政原件。收入和学校等指标沿用所在区的公开数字，不是街道公报。人口按该区常住人口做面积分摊。,"Outline is OSM admin_level 8 clipped into the existing Yanqing polygon, not a civil-affairs original. Income and covariates are the parent district figures, not a street bulletin. Population is an area share of the district total."
osm20602743,beijing,大庄科乡,大庄科乡,45000,cny_pc,46,26,44,52,26,55,36,2.2,compiled,轮廓为 OSM admin_level=8，裁入既有延庆区多边形，非民政原件。收入和学校等指标沿用所在区的公开数字，不是街道公报。人口按该区常住人口做面积分摊。,"Outline is OSM admin_level 8 clipped into the existing Yanqing polygon, not a civil-affairs original. Income and covariates are the parent district figures, not a street bulletin. Population is an area share of the district total."
osm20602744,beijing,珍珠泉乡,珍珠泉乡,45000,cny_pc,46,26,44,52,26,55,36,2.5,compiled,轮廓为 OSM admin_level=8，裁入既有延庆区多边形，非民政原件。收入和学校等指标沿用所在区的公开数字，不是街道公报。人口按该区常住人口做面积分摊。,"Outline is OSM admin_level 8 clipped into the existing Yanqing polygon, not a civil-affairs original. Income and covariates are the parent district figures, not a street bulletin. Population is an area share of the district total."
osm12236005,shanghai,南京东路街道,Nanjingdonglu Subdistrict,103019,cny_pc,90,70,90,55,92,30,96,8.1,compiled,轮廓为 OSM admin_level=8，裁入既有黄浦区多边形，非民政原件。收入和学校等指标沿用所在区的公开数字，不是街道公报。人口按该区常住人口做面积分摊。,"Outline is OSM admin_level 8 clipped into the existing Huangpu polygon, not a civil-affairs original. Income and covariates are the parent district figures, not a street bulletin. Population is an area share of the district total."
osm12235857,shanghai,外滩街道,Waitan Subdistrict,103019,cny_pc,90,70,90,55,92,30,96,7.5,compiled,轮廓为 OSM admin_level=8，裁入既有黄浦区多边形，非民政原件。收入和学校等指标沿用所在区的公开数字，不是街道公报。人口按该区常住人口做面积分摊。,"Outline is OSM admin_level 8 clipped into the existing Huangpu polygon, not a civil-affairs original. Income and covariates are the parent district figures, not a street bulletin. Population is an area share of the district total."
osm12235902,shanghai,半淞园路街道,Bansongyuanlu Subdistrict,103019,cny_pc,90,70,90,55,92,30,96,8.5,compiled,轮廓为 OSM admin_level=8，裁入既有黄浦区多边形，非民政原件。收入和学校等指标沿用所在区的公开数字，不是街道公报。人口按该区常住人口做面积分摊。,"Outline is OSM admin_level 8 clipped into the existing Huangpu polygon, not a civil-affairs original. Income and covariates are the parent district figures, not a street bulletin. Population is an area share of the district total."
osm12235905,shanghai,小东门街道,Xiaodongmen District,103019,cny_pc,90,70,90,55,92,30,96,7.9,compiled,轮廓为 OSM admin_level=8，裁入既有黄浦区多边形，非民政原件。收入和学校等指标沿用所在区的公开数字，不是街道公报。人口按该区常住人口做面积分摊。,"Outline is OSM admin_level 8 clipped into the existing Huangpu polygon, not a civil-affairs original. Income and covariates are the parent district figures, not a street bulletin. Population is an area share of the district total."
osm12235904,shanghai,豫园街道,Yuyuan Subdistrict,103019,cny_pc,90,70,90,55,92,30,96,3.9,compiled,轮廓为 OSM admin_level=8，裁入既有黄浦区多边形，非民政原件。收入和学校等指标沿用所在区的公开数字，不是街道公报。人口按该区常住人口做面积分摊。,"Outline is OSM admin_level 8 clipped into the existing Huangpu polygon, not a civil-affairs original. Income and covariates are the parent district figures, not a street bulletin. Population is an area share of the district total."
osm12235903,shanghai,老西门街道,Laoximen Subdistrict,103019,cny_pc,90,70,90,55,92,30,96,3.9,compiled,轮廓为 OSM admin_level=8，裁入既有黄浦区多边形，非民政原件。收入和学校等指标沿用所在区的公开数字，不是街道公报。人口按该区常住人口做面积分摊。,"Outline is OSM admin_level 8 clipped into the existing Huangpu polygon, not a civil-affairs original. Income and covariates are the parent district figures, not a street bulletin. Population is an area share of the district total."
osm12235959,shanghai,五里桥街道,Wuliqiao Subdistrict,103019,cny_pc,90,70,90,55,92,30,96,10.0,compiled,轮廓为 OSM admin_level=8，裁入既有黄浦区多边形，非民政原件。收入和学校等指标沿用所在区的公开数字，不是街道公报。人口按该区常住人口做面积分摊。,"Outline is OSM admin_level 8 clipped into the existing Huangpu polygon, not a civil-affairs original. Income and covariates are the parent district figures, not a street bulletin. Population is an area share of the district total."
osm12235958,shanghai,打浦桥街道,Dapuqiao Subdistrict,103019,cny_pc,90,70,90,55,92,30,96,5.2,compiled,轮廓为 OSM admin_level=8，裁入既有黄浦区多边形，非民政原件。收入和学校等指标沿用所在区的公开数字，不是街道公报。人口按该区常住人口做面积分摊。,"Outline is OSM admin_level 8 clipped into the existing Huangpu polygon, not a civil-affairs original. Income and covariates are the parent district figures, not a street bulletin. Population is an area share of the district total."
osm12236003,shanghai,淮海中路街道,Huaihaizhonglu Subdistrict,103019,cny_pc,90,70,90,55,92,30,96,4.6,compiled,轮廓为 OSM admin_level=8，裁入既有黄浦区多边形，非民政原件。收入和学校等指标沿用所在区的公开数字，不是街道公报。人口按该区常住人口做面积分摊。,"Outline is OSM admin_level 8 clipped into the existing Huangpu polygon, not a civil-affairs original. Income and covariates are the parent district figures, not a street bulletin. Population is an area share of the district total."
osm12236004,shanghai,瑞金二路街道,Ruijinerlu Subdistrict,103019,cny_pc,90,70,90,55,92,30,96,6.6,compiled,轮廓为 OSM admin_level=8，裁入既有黄浦区多边形，非民政原件。收入和学校等指标沿用所在区的公开数字，不是街道公报。人口按该区常住人口做面积分摊。,"Outline is OSM admin_level 8 clipped into the existing Huangpu polygon, not a civil-affairs original. Income and covariates are the parent district figures, not a street bulletin. Population is an area share of the district total."
osm13469980,shanghai,天平路街道,天平路街道,96296,cny_pc,96,92,86,68,88,38,92,5.4,compiled,轮廓为 OSM admin_level=8，裁入既有徐汇区多边形，非民政原件。收入和学校等指标沿用所在区的公开数字，不是街道公报。人口按该区常住人口做面积分摊。,"Outline is OSM admin_level 8 clipped into the existing Xuhui polygon, not a civil-affairs original. Income and covariates are the parent district figures, not a street bulletin. Population is an area share of the district total."
osm13469979,shanghai,湖南路街道,湖南路街道,96296,cny_pc,96,92,86,68,88,38,92,3.7,compiled,轮廓为 OSM admin_level=8，裁入既有徐汇区多边形，非民政原件。收入和学校等指标沿用所在区的公开数字，不是街道公报。人口按该区常住人口做面积分摊。,"Outline is OSM admin_level 8 clipped into the existing Xuhui polygon, not a civil-affairs original. Income and covariates are the parent district figures, not a street bulletin. Population is an area share of the district total."
osm13470053,shanghai,斜土路街道,斜土路街道,96296,cny_pc,96,92,86,68,88,38,92,6.5,compiled,轮廓为 OSM admin_level=8，裁入既有徐汇区多边形，非民政原件。收入和学校等指标沿用所在区的公开数字，不是街道公报。人口按该区常住人口做面积分摊。,"Outline is OSM admin_level 8 clipped into the existing Xuhui polygon, not a civil-affairs original. Income and covariates are the parent district figures, not a street bulletin. Population is an area share of the district total."
osm13470052,shanghai,枫林路街道,枫林路街道,96296,cny_pc,96,92,86,68,88,38,92,5.4,compiled,轮廓为 OSM admin_level=8，裁入既有徐汇区多边形，非民政原件。收入和学校等指标沿用所在区的公开数字，不是街道公报。人口按该区常住人口做面积分摊。,"Outline is OSM admin_level 8 clipped into the existing Xuhui polygon, not a civil-affairs original. Income and covariates are the parent district figures, not a street bulletin. Population is an area share of the district total."
osm13470589,shanghai,长桥街道,长桥街道,96296,cny_pc,96,92,86,68,88,38,92,12.3,compiled,轮廓为 OSM admin_level=8，裁入既有徐汇区多边形，非民政原件。收入和学校等指标沿用所在区的公开数字，不是街道公报。人口按该区常住人口做面积分摊。,"Outline is OSM admin_level 8 clipped into the existing Xuhui polygon, not a civil-affairs original. Income and covariates are the parent district figures, not a street bulletin. Population is an area share of the district total."
osm13470318,shanghai,田林街道,田林街道,96296,cny_pc,96,92,86,68,88,38,92,8.5,compiled,轮廓为 OSM admin_level=8，裁入既有徐汇区多边形，非民政原件。收入和学校等指标沿用所在区的公开数字，不是街道公报。人口按该区常住人口做面积分摊。,"Outline is OSM admin_level 8 clipped into the existing Xuhui polygon, not a civil-affairs original. Income and covariates are the parent district figures, not a street bulletin. Population is an area share of the district total."
osm13470463,shanghai,虹梅路街道,虹梅路街道,96296,cny_pc,96,92,86,68,88,38,92,9.3,compiled,轮廓为 OSM admin_level=8，裁入既有徐汇区多边形，非民政原件。收入和学校等指标沿用所在区的公开数字，不是街道公报。人口按该区常住人口做面积分摊。,"Outline is OSM admin_level 8 clipped into the existing Xuhui polygon, not a civil-affairs original. Income and covariates are the parent district figures, not a street bulletin. Population is an area share of the district total."
osm13470479,shanghai,康健新村街道,康健新村街道,96296,cny_pc,96,92,86,68,88,38,92,7.9,compiled,轮廓为 OSM admin_level=8，裁入既有徐汇区多边形，非民政原件。收入和学校等指标沿用所在区的公开数字，不是街道公报。人口按该区常住人口做面积分摊。,"Outline is OSM admin_level 8 clipped into the existing Xuhui polygon, not a civil-affairs original. Income and covariates are the parent district figures, not a street bulletin. Population is an area share of the district total."
osm13469990,shanghai,徐家汇街道,徐家汇街道,96296,cny_pc,96,92,86,68,88,38,92,8.2,compiled,轮廓为 OSM admin_level=8，裁入既有徐汇区多边形，非民政原件。收入和学校等指标沿用所在区的公开数字，不是街道公报。人口按该区常住人口做面积分摊。,"Outline is OSM admin_level 8 clipped into the existing Xuhui polygon, not a civil-affairs original. Income and covariates are the parent district figures, not a street bulletin. Population is an area share of the district total."
osm13470540,shanghai,凌云路街道,凌云路街道,96296,cny_pc,96,92,86,68,88,38,92,6.9,compiled,轮廓为 OSM admin_level=8，裁入既有徐汇区多边形，非民政原件。收入和学校等指标沿用所在区的公开数字，不是街道公报。人口按该区常住人口做面积分摊。,"Outline is OSM admin_level 8 clipped into the existing Xuhui polygon, not a civil-affairs original. Income and covariates are the parent district figures, not a street bulletin. Population is an area share of the district total."
osm13470146,shanghai,龙华街道,龙华街道,96296,cny_pc,96,92,86,68,88,38,92,12.3,compiled,轮廓为 OSM admin_level=8，裁入既有徐汇区多边形，非民政原件。收入和学校等指标沿用所在区的公开数字，不是街道公报。人口按该区常住人口做面积分摊。,"Outline is OSM admin_level 8 clipped into the existing Xuhui polygon, not a civil-affairs original. Income and covariates are the parent district figures, not a street bulletin. Population is an area share of the district total."
osm13470278,shanghai,漕河泾街道,漕河泾街道,96296,cny_pc,96,92,86,68,88,38,92,10.6,compiled,轮廓为 OSM admin_level=8，裁入既有徐汇区多边形，非民政原件。收入和学校等指标沿用所在区的公开数字，不是街道公报。人口按该区常住人口做面积分摊。,"Outline is OSM admin_level 8 clipped into the existing Xuhui polygon, not a civil-affairs original. Income and covariates are the parent district figures, not a street bulletin. Population is an area share of the district total."
osm13470658,shanghai,华泾镇,华泾镇,96296,cny_pc,96,92,86,68,88,38,92,14.3,compiled,轮廓为 OSM admin_level=8，裁入既有徐汇区多边形，非民政原件。收入和学校等指标沿用所在区的公开数字，不是街道公报。人口按该区常住人口做面积分摊。,"Outline is OSM admin_level 8 clipped into the existing Xuhui polygon, not a civil-affairs original. Income and covariates are the parent district figures, not a street bulletin. Population is an area share of the district total."
osm13469230,shanghai,华阳路街道,华阳路街道,99305,cny_pc,85,72,88,66,84,40,90,3.8,compiled,轮廓为 OSM admin_level=8，裁入既有长宁区多边形，非民政原件。收入和学校等指标沿用所在区的公开数字，不是街道公报。人口按该区常住人口做面积分摊。,"Outline is OSM admin_level 8 clipped into the existing Changning polygon, not a civil-affairs original. Income and covariates are the parent district figures, not a street bulletin. Population is an area share of the district total."
osm13469138,shanghai,江苏路街道,江苏路街道,99305,cny_pc,85,72,88,66,84,40,90,2.8,compiled,轮廓为 OSM admin_level=8，裁入既有长宁区多边形，非民政原件。收入和学校等指标沿用所在区的公开数字，不是街道公报。人口按该区常住人口做面积分摊。,"Outline is OSM admin_level 8 clipped into the existing Changning polygon, not a civil-affairs original. Income and covariates are the parent district figures, not a street bulletin. Population is an area share of the district total."
osm13469094,shanghai,新华路街道,新华路街道,99305,cny_pc,85,72,88,66,84,40,90,4.0,compiled,轮廓为 OSM admin_level=8，裁入既有长宁区多边形，非民政原件。收入和学校等指标沿用所在区的公开数字，不是街道公报。人口按该区常住人口做面积分摊。,"Outline is OSM admin_level 8 clipped into the existing Changning polygon, not a civil-affairs original. Income and covariates are the parent district figures, not a street bulletin. Population is an area share of the district total."
osm13469231,shanghai,周家桥街道,周家桥街道,99305,cny_pc,85,72,88,66,84,40,90,3.7,compiled,轮廓为 OSM admin_level=8，裁入既有长宁区多边形，非民政原件。收入和学校等指标沿用所在区的公开数字，不是街道公报。人口按该区常住人口做面积分摊。,"Outline is OSM admin_level 8 clipped into the existing Changning polygon, not a civil-affairs original. Income and covariates are the parent district figures, not a street bulletin. Population is an area share of the district total."
osm13469232,shanghai,天山路街道,天山路街道,99305,cny_pc,85,72,88,66,84,40,90,3.7,compiled,轮廓为 OSM admin_level=8，裁入既有长宁区多边形，非民政原件。收入和学校等指标沿用所在区的公开数字，不是街道公报。人口按该区常住人口做面积分摊。,"Outline is OSM admin_level 8 clipped into the existing Changning polygon, not a civil-affairs original. Income and covariates are the parent district figures, not a street bulletin. Population is an area share of the district total."
osm13469351,shanghai,仙霞新村街道,仙霞新村街道,99305,cny_pc,85,72,88,66,84,40,90,4.2,compiled,轮廓为 OSM admin_level=8，裁入既有长宁区多边形，非民政原件。收入和学校等指标沿用所在区的公开数字，不是街道公报。人口按该区常住人口做面积分摊。,"Outline is OSM admin_level 8 clipped into the existing Changning polygon, not a civil-affairs original. Income and covariates are the parent district figures, not a street bulletin. Population is an area share of the district total."
osm13469352,shanghai,虹桥街道,虹桥街道,99305,cny_pc,85,72,88,66,84,40,90,7.7,compiled,轮廓为 OSM admin_level=8，裁入既有长宁区多边形，非民政原件。收入和学校等指标沿用所在区的公开数字，不是街道公报。人口按该区常住人口做面积分摊。,"Outline is OSM admin_level 8 clipped into the existing Changning polygon, not a civil-affairs original. Income and covariates are the parent district figures, not a street bulletin. Population is an area share of the district total."
osm14184034,shanghai,程家桥街道,程家桥街道,99305,cny_pc,85,72,88,66,84,40,90,14.2,compiled,轮廓为 OSM admin_level=8，裁入既有长宁区多边形，非民政原件。收入和学校等指标沿用所在区的公开数字，不是街道公报。人口按该区常住人口做面积分摊。,"Outline is OSM admin_level 8 clipped into the existing Changning polygon, not a civil-affairs original. Income and covariates are the parent district figures, not a street bulletin. Population is an area share of the district total."
osm14184083,shanghai,北新泾街道,北新泾街道,99305,cny_pc,85,72,88,66,84,40,90,2.7,compiled,轮廓为 OSM admin_level=8，裁入既有长宁区多边形，非民政原件。收入和学校等指标沿用所在区的公开数字，不是街道公报。人口按该区常住人口做面积分摊。,"Outline is OSM admin_level 8 clipped into the existing Changning polygon, not a civil-affairs original. Income and covariates are the parent district figures, not a street bulletin. Population is an area share of the district total."
osm14184082,shanghai,新泾镇,新泾镇,99305,cny_pc,85,72,88,66,84,40,90,22.5,compiled,轮廓为 OSM admin_level=8，裁入既有长宁区多边形，非民政原件。收入和学校等指标沿用所在区的公开数字，不是街道公报。人口按该区常住人口做面积分摊。,"Outline is OSM admin_level 8 clipped into the existing Changning polygon, not a civil-affairs original. Income and covariates are the parent district figures, not a street bulletin. Population is an area share of the district total."
osm14186018,shanghai,江宁路街道,Jiangninglu Subdistrict,100647,cny_pc,91,74,90,60,90,32,94,5.3,compiled,轮廓为 OSM admin_level=8，裁入既有静安区多边形，非民政原件。收入和学校等指标沿用所在区的公开数字，不是街道公报。人口按该区常住人口做面积分摊。,"Outline is OSM admin_level 8 clipped into the existing Jing'an polygon, not a civil-affairs original. Income and covariates are the parent district figures, not a street bulletin. Population is an area share of the district total."
osm14186017,shanghai,石门二路街道,石门二路街道,100647,cny_pc,91,74,90,60,90,32,94,2.6,compiled,轮廓为 OSM admin_level=8，裁入既有静安区多边形，非民政原件。收入和学校等指标沿用所在区的公开数字，不是街道公报。人口按该区常住人口做面积分摊。,"Outline is OSM admin_level 8 clipped into the existing Jing'an polygon, not a civil-affairs original. Income and covariates are the parent district figures, not a street bulletin. Population is an area share of the district total."
osm14186016,shanghai,南京西路街道,南京西路街道,100647,cny_pc,91,74,90,60,90,32,94,4.1,compiled,轮廓为 OSM admin_level=8，裁入既有静安区多边形，非民政原件。收入和学校等指标沿用所在区的公开数字，不是街道公报。人口按该区常住人口做面积分摊。,"Outline is OSM admin_level 8 clipped into the existing Jing'an polygon, not a civil-affairs original. Income and covariates are the parent district figures, not a street bulletin. Population is an area share of the district total."
osm14186014,shanghai,静安寺街道,静安寺街道,100647,cny_pc,91,74,90,60,90,32,94,3.8,compiled,轮廓为 OSM admin_level=8，裁入既有静安区多边形，非民政原件。收入和学校等指标沿用所在区的公开数字，不是街道公报。人口按该区常住人口做面积分摊。,"Outline is OSM admin_level 8 clipped into the existing Jing'an polygon, not a civil-affairs original. Income and covariates are the parent district figures, not a street bulletin. Population is an area share of the district total."
osm14186015,shanghai,曹家渡街道,Caojiadu Subdistrict,100647,cny_pc,91,74,90,60,90,32,94,3.9,compiled,轮廓为 OSM admin_level=8，裁入既有静安区多边形，非民政原件。收入和学校等指标沿用所在区的公开数字，不是街道公报。人口按该区常住人口做面积分摊。,"Outline is OSM admin_level 8 clipped into the existing Jing'an polygon, not a civil-affairs original. Income and covariates are the parent district figures, not a street bulletin. Population is an area share of the district total."
osm14186013,shanghai,天目西路街道,天目西路街道,100647,cny_pc,91,74,90,60,90,32,94,5.1,compiled,轮廓为 OSM admin_level=8，裁入既有静安区多边形，非民政原件。收入和学校等指标沿用所在区的公开数字，不是街道公报。人口按该区常住人口做面积分摊。,"Outline is OSM admin_level 8 clipped into the existing Jing'an polygon, not a civil-affairs original. Income and covariates are the parent district figures, not a street bulletin. Population is an area share of the district total."
osm14186012,shanghai,北站街道,北站街道,100647,cny_pc,91,74,90,60,90,32,94,4.7,compiled,轮廓为 OSM admin_level=8，裁入既有静安区多边形，非民政原件。收入和学校等指标沿用所在区的公开数字，不是街道公报。人口按该区常住人口做面积分摊。,"Outline is OSM admin_level 8 clipped into the existing Jing'an polygon, not a civil-affairs original. Income and covariates are the parent district figures, not a street bulletin. Population is an area share of the district total."
osm14186011,shanghai,宝山路街道,宝山路街道,100647,cny_pc,91,74,90,60,90,32,94,5.3,compiled,轮廓为 OSM admin_level=8，裁入既有静安区多边形，非民政原件。收入和学校等指标沿用所在区的公开数字，不是街道公报。人口按该区常住人口做面积分摊。,"Outline is OSM admin_level 8 clipped into the existing Jing'an polygon, not a civil-affairs original. Income and covariates are the parent district figures, not a street bulletin. Population is an area share of the district total."
osm14186010,shanghai,共和新路街道,共和新路街道,100647,cny_pc,91,74,90,60,90,32,94,7.6,compiled,轮廓为 OSM admin_level=8，裁入既有静安区多边形，非民政原件。收入和学校等指标沿用所在区的公开数字，不是街道公报。人口按该区常住人口做面积分摊。,"Outline is OSM admin_level 8 clipped into the existing Jing'an polygon, not a civil-affairs original. Income and covariates are the parent district figures, not a street bulletin. Population is an area share of the district total."
osm14186009,shanghai,大宁路街道,大宁路街道,100647,cny_pc,91,74,90,60,90,32,94,16.5,compiled,轮廓为 OSM admin_level=8，裁入既有静安区多边形，非民政原件。收入和学校等指标沿用所在区的公开数字，不是街道公报。人口按该区常住人口做面积分摊。,"Outline is OSM admin_level 8 clipped into the existing Jing'an polygon, not a civil-affairs original. Income and covariates are the parent district figures, not a street bulletin. Population is an area share of the district total."
osm14186008,shanghai,彭浦新村街道,彭浦新村街道,100647,cny_pc,91,74,90,60,90,32,94,8.9,compiled,轮廓为 OSM admin_level=8，裁入既有静安区多边形，非民政原件。收入和学校等指标沿用所在区的公开数字，不是街道公报。人口按该区常住人口做面积分摊。,"Outline is OSM admin_level 8 clipped into the existing Jing'an polygon, not a civil-affairs original. Income and covariates are the parent district figures, not a street bulletin. Population is an area share of the district total."
osm14186007,shanghai,临汾路街道,临汾路街道,100647,cny_pc,91,74,90,60,90,32,94,5.6,compiled,轮廓为 OSM admin_level=8，裁入既有静安区多边形，非民政原件。收入和学校等指标沿用所在区的公开数字，不是街道公报。人口按该区常住人口做面积分摊。,"Outline is OSM admin_level 8 clipped into the existing Jing'an polygon, not a civil-affairs original. Income and covariates are the parent district figures, not a street bulletin. Population is an area share of the district total."
osm14186006,shanghai,芷江西路街道,芷江西路街道,100647,cny_pc,91,74,90,60,90,32,94,4.2,compiled,轮廓为 OSM admin_level=8，裁入既有静安区多边形，非民政原件。收入和学校等指标沿用所在区的公开数字，不是街道公报。人口按该区常住人口做面积分摊。,"Outline is OSM admin_level 8 clipped into the existing Jing'an polygon, not a civil-affairs original. Income and covariates are the parent district figures, not a street bulletin. Population is an area share of the district total."
osm14186005,shanghai,彭浦镇,彭浦镇,100647,cny_pc,91,74,90,60,90,32,94,19.9,compiled,轮廓为 OSM admin_level=8，裁入既有静安区多边形，非民政原件。收入和学校等指标沿用所在区的公开数字，不是街道公报。人口按该区常住人口做面积分摊。,"Outline is OSM admin_level 8 clipped into the existing Jing'an polygon, not a civil-affairs original. Income and covariates are the parent district figures, not a street bulletin. Population is an area share of the district total."
osm14187873,shanghai,曹杨新村街道,曹杨新村街道,94373,cny_pc,76,62,80,70,72,48,84,4.7,compiled,轮廓为 OSM admin_level=8，裁入既有普陀区多边形，非民政原件。收入和学校等指标沿用所在区的公开数字，不是街道公报。人口按该区常住人口做面积分摊。,"Outline is OSM admin_level 8 clipped into the existing Putuo polygon, not a civil-affairs original. Income and covariates are the parent district figures, not a street bulletin. Population is an area share of the district total."
osm14187872,shanghai,长风新村街道,长风新村街道,94373,cny_pc,76,62,80,70,72,48,84,13.0,compiled,轮廓为 OSM admin_level=8，裁入既有普陀区多边形，非民政原件。收入和学校等指标沿用所在区的公开数字，不是街道公报。人口按该区常住人口做面积分摊。,"Outline is OSM admin_level 8 clipped into the existing Putuo polygon, not a civil-affairs original. Income and covariates are the parent district figures, not a street bulletin. Population is an area share of the district total."
osm14187871,shanghai,长寿路街道,长寿路街道,94373,cny_pc,76,62,80,70,72,48,84,8.5,compiled,轮廓为 OSM admin_level=8，裁入既有普陀区多边形，非民政原件。收入和学校等指标沿用所在区的公开数字，不是街道公报。人口按该区常住人口做面积分摊。,"Outline is OSM admin_level 8 clipped into the existing Putuo polygon, not a civil-affairs original. Income and covariates are the parent district figures, not a street bulletin. Population is an area share of the district total."
osm14187870,shanghai,甘泉路街道,甘泉路街道,94373,cny_pc,76,62,80,70,72,48,84,5.5,compiled,轮廓为 OSM admin_level=8，裁入既有普陀区多边形，非民政原件。收入和学校等指标沿用所在区的公开数字，不是街道公报。人口按该区常住人口做面积分摊。,"Outline is OSM admin_level 8 clipped into the existing Putuo polygon, not a civil-affairs original. Income and covariates are the parent district figures, not a street bulletin. Population is an area share of the district total."
osm14187869,shanghai,石泉路街道,石泉路街道,94373,cny_pc,76,62,80,70,72,48,84,7.9,compiled,轮廓为 OSM admin_level=8，裁入既有普陀区多边形，非民政原件。收入和学校等指标沿用所在区的公开数字，不是街道公报。人口按该区常住人口做面积分摊。,"Outline is OSM admin_level 8 clipped into the existing Putuo polygon, not a civil-affairs original. Income and covariates are the parent district figures, not a street bulletin. Population is an area share of the district total."
osm14187868,shanghai,宜川路街道,宜川路街道,94373,cny_pc,76,62,80,70,72,48,84,4.9,compiled,轮廓为 OSM admin_level=8，裁入既有普陀区多边形，非民政原件。收入和学校等指标沿用所在区的公开数字，不是街道公报。人口按该区常住人口做面积分摊。,"Outline is OSM admin_level 8 clipped into the existing Putuo polygon, not a civil-affairs original. Income and covariates are the parent district figures, not a street bulletin. Population is an area share of the district total."
osm14187867,shanghai,万里街道,万里街道,94373,cny_pc,76,62,80,70,72,48,84,7.0,compiled,轮廓为 OSM admin_level=8，裁入既有普陀区多边形，非民政原件。收入和学校等指标沿用所在区的公开数字，不是街道公报。人口按该区常住人口做面积分摊。,"Outline is OSM admin_level 8 clipped into the existing Putuo polygon, not a civil-affairs original. Income and covariates are the parent district figures, not a street bulletin. Population is an area share of the district total."
osm14187866,shanghai,真如镇街道,真如镇街道,94373,cny_pc,76,62,80,70,72,48,84,13.3,compiled,轮廓为 OSM admin_level=8，裁入既有普陀区多边形，非民政原件。收入和学校等指标沿用所在区的公开数字，不是街道公报。人口按该区常住人口做面积分摊。,"Outline is OSM admin_level 8 clipped into the existing Putuo polygon, not a civil-affairs original. Income and covariates are the parent district figures, not a street bulletin. Population is an area share of the district total."
osm14187865,shanghai,长征镇,长征镇,94373,cny_pc,76,62,80,70,72,48,84,17.0,compiled,轮廓为 OSM admin_level=8，裁入既有普陀区多边形，非民政原件。收入和学校等指标沿用所在区的公开数字，不是街道公报。人口按该区常住人口做面积分摊。,"Outline is OSM admin_level 8 clipped into the existing Putuo polygon, not a civil-affairs original. Income and covariates are the parent district figures, not a street bulletin. Population is an area share of the district total."
osm14187864,shanghai,桃浦镇,桃浦镇,94373,cny_pc,76,62,80,70,72,48,84,41.6,compiled,轮廓为 OSM admin_level=8，裁入既有普陀区多边形，非民政原件。收入和学校等指标沿用所在区的公开数字，不是街道公报。人口按该区常住人口做面积分摊。,"Outline is OSM admin_level 8 clipped into the existing Putuo polygon, not a civil-affairs original. Income and covariates are the parent district figures, not a street bulletin. Population is an area share of the district total."
osm13465959,shanghai,欧阳路街道,欧阳路街道,96380,cny_pc,82,68,84,64,78,42,88,5.2,compiled,轮廓为 OSM admin_level=8，裁入既有虹口区多边形，非民政原件。收入和学校等指标沿用所在区的公开数字，不是街道公报。人口按该区常住人口做面积分摊。,"Outline is OSM admin_level 8 clipped into the existing Hongkou polygon, not a civil-affairs original. Income and covariates are the parent district figures, not a street bulletin. Population is an area share of the district total."
osm13466001,shanghai,曲阳路街道,曲阳路街道,96380,cny_pc,82,68,84,64,78,42,88,9.9,compiled,轮廓为 OSM admin_level=8，裁入既有虹口区多边形，非民政原件。收入和学校等指标沿用所在区的公开数字，不是街道公报。人口按该区常住人口做面积分摊。,"Outline is OSM admin_level 8 clipped into the existing Hongkou polygon, not a civil-affairs original. Income and covariates are the parent district figures, not a street bulletin. Population is an area share of the district total."
osm13466055,shanghai,广中路街道,广中路街道,96380,cny_pc,82,68,84,64,78,42,88,8.9,compiled,轮廓为 OSM admin_level=8，裁入既有虹口区多边形，非民政原件。收入和学校等指标沿用所在区的公开数字，不是街道公报。人口按该区常住人口做面积分摊。,"Outline is OSM admin_level 8 clipped into the existing Hongkou polygon, not a civil-affairs original. Income and covariates are the parent district figures, not a street bulletin. Population is an area share of the district total."
osm13462879,shanghai,嘉兴路街道,嘉兴路街道,96380,cny_pc,82,68,84,64,78,42,88,8.3,compiled,轮廓为 OSM admin_level=8，裁入既有虹口区多边形，非民政原件。收入和学校等指标沿用所在区的公开数字，不是街道公报。人口按该区常住人口做面积分摊。,"Outline is OSM admin_level 8 clipped into the existing Hongkou polygon, not a civil-affairs original. Income and covariates are the parent district figures, not a street bulletin. Population is an area share of the district total."
osm13466134,shanghai,凉城新村街道,凉城新村街道,96380,cny_pc,82,68,84,64,78,42,88,10.6,compiled,轮廓为 OSM admin_level=8，裁入既有虹口区多边形，非民政原件。收入和学校等指标沿用所在区的公开数字，不是街道公报。人口按该区常住人口做面积分摊。,"Outline is OSM admin_level 8 clipped into the existing Hongkou polygon, not a civil-affairs original. Income and covariates are the parent district figures, not a street bulletin. Population is an area share of the district total."
osm13462869,shanghai,四川北路街道,四川北路街道,96380,cny_pc,82,68,84,64,78,42,88,5.6,compiled,轮廓为 OSM admin_level=8，裁入既有虹口区多边形，非民政原件。收入和学校等指标沿用所在区的公开数字，不是街道公报。人口按该区常住人口做面积分摊。,"Outline is OSM admin_level 8 clipped into the existing Hongkou polygon, not a civil-affairs original. Income and covariates are the parent district figures, not a street bulletin. Population is an area share of the district total."
osm13462842,shanghai,北外滩街道,北外滩街道,96380,cny_pc,82,68,84,64,78,42,88,13.3,compiled,轮廓为 OSM admin_level=8，裁入既有虹口区多边形，非民政原件。收入和学校等指标沿用所在区的公开数字，不是街道公报。人口按该区常住人口做面积分摊。,"Outline is OSM admin_level 8 clipped into the existing Hongkou polygon, not a civil-affairs original. Income and covariates are the parent district figures, not a street bulletin. Population is an area share of the district total."
osm13466137,shanghai,江湾镇街道,江湾镇街道,96380,cny_pc,82,68,84,64,78,42,88,13.9,compiled,轮廓为 OSM admin_level=8，裁入既有虹口区多边形，非民政原件。收入和学校等指标沿用所在区的公开数字，不是街道公报。人口按该区常住人口做面积分摊。,"Outline is OSM admin_level 8 clipped into the existing Hongkou polygon, not a civil-affairs original. Income and covariates are the parent district figures, not a street bulletin. Population is an area share of the district total."
osm13466400,shanghai,定海路街道,定海路街道,96052,cny_pc,88,95,82,72,80,45,86,13.1,compiled,轮廓为 OSM admin_level=8，裁入既有杨浦区多边形，非民政原件。收入和学校等指标沿用所在区的公开数字，不是街道公报。人口按该区常住人口做面积分摊。,"Outline is OSM admin_level 8 clipped into the existing Yangpu polygon, not a civil-affairs original. Income and covariates are the parent district figures, not a street bulletin. Population is an area share of the district total."
osm13464332,shanghai,平凉路街道,平凉路街道,96052,cny_pc,88,95,82,72,80,45,86,6.9,compiled,轮廓为 OSM admin_level=8，裁入既有杨浦区多边形，非民政原件。收入和学校等指标沿用所在区的公开数字，不是街道公报。人口按该区常住人口做面积分摊。,"Outline is OSM admin_level 8 clipped into the existing Yangpu polygon, not a civil-affairs original. Income and covariates are the parent district figures, not a street bulletin. Population is an area share of the district total."
osm13464392,shanghai,江浦路街道,江浦路街道,96052,cny_pc,88,95,82,72,80,45,86,4.9,compiled,轮廓为 OSM admin_level=8，裁入既有杨浦区多边形，非民政原件。收入和学校等指标沿用所在区的公开数字，不是街道公报。人口按该区常住人口做面积分摊。,"Outline is OSM admin_level 8 clipped into the existing Yangpu polygon, not a civil-affairs original. Income and covariates are the parent district figures, not a street bulletin. Population is an area share of the district total."
osm13466002,shanghai,四平路街道,四平路街道,96052,cny_pc,88,95,82,72,80,45,86,5.9,compiled,轮廓为 OSM admin_level=8，裁入既有杨浦区多边形，非民政原件。收入和学校等指标沿用所在区的公开数字，不是街道公报。人口按该区常住人口做面积分摊。,"Outline is OSM admin_level 8 clipped into the existing Yangpu polygon, not a civil-affairs original. Income and covariates are the parent district figures, not a street bulletin. Population is an area share of the district total."
osm13466004,shanghai,控江路街道,控江路街道,96052,cny_pc,88,95,82,72,80,45,86,4.7,compiled,轮廓为 OSM admin_level=8，裁入既有杨浦区多边形，非民政原件。收入和学校等指标沿用所在区的公开数字，不是街道公报。人口按该区常住人口做面积分摊。,"Outline is OSM admin_level 8 clipped into the existing Yangpu polygon, not a civil-affairs original. Income and covariates are the parent district figures, not a street bulletin. Population is an area share of the district total."
osm13466407,shanghai,长白新村街道,长白新村街道,96052,cny_pc,88,95,82,72,80,45,86,6.6,compiled,轮廓为 OSM admin_level=8，裁入既有杨浦区多边形，非民政原件。收入和学校等指标沿用所在区的公开数字，不是街道公报。人口按该区常住人口做面积分摊。,"Outline is OSM admin_level 8 clipped into the existing Yangpu polygon, not a civil-affairs original. Income and covariates are the parent district figures, not a street bulletin. Population is an area share of the district total."
osm13466383,shanghai,延吉新村街道,延吉新村街道,96052,cny_pc,88,95,82,72,80,45,86,4.3,compiled,轮廓为 OSM admin_level=8，裁入既有杨浦区多边形，非民政原件。收入和学校等指标沿用所在区的公开数字，不是街道公报。人口按该区常住人口做面积分摊。,"Outline is OSM admin_level 8 clipped into the existing Yangpu polygon, not a civil-affairs original. Income and covariates are the parent district figures, not a street bulletin. Population is an area share of the district total."
osm13466582,shanghai,殷行街道,殷行街道,96052,cny_pc,88,95,82,72,80,45,86,20.8,compiled,轮廓为 OSM admin_level=8，裁入既有杨浦区多边形，非民政原件。收入和学校等指标沿用所在区的公开数字，不是街道公报。人口按该区常住人口做面积分摊。,"Outline is OSM admin_level 8 clipped into the existing Yangpu polygon, not a civil-affairs original. Income and covariates are the parent district figures, not a street bulletin. Population is an area share of the district total."
osm13466384,shanghai,大桥街道,大桥街道,96052,cny_pc,88,95,82,72,80,45,86,9.9,compiled,轮廓为 OSM admin_level=8，裁入既有杨浦区多边形，非民政原件。收入和学校等指标沿用所在区的公开数字，不是街道公报。人口按该区常住人口做面积分摊。,"Outline is OSM admin_level 8 clipped into the existing Yangpu polygon, not a civil-affairs original. Income and covariates are the parent district figures, not a street bulletin. Population is an area share of the district total."
osm13466003,shanghai,五角场街道,五角场街道,96052,cny_pc,88,95,82,72,80,45,86,15.7,compiled,轮廓为 OSM admin_level=8，裁入既有杨浦区多边形，非民政原件。收入和学校等指标沿用所在区的公开数字，不是街道公报。人口按该区常住人口做面积分摊。,"Outline is OSM admin_level 8 clipped into the existing Yangpu polygon, not a civil-affairs original. Income and covariates are the parent district figures, not a street bulletin. Population is an area share of the district total."
osm13466494,shanghai,新江湾城街道,新江湾城街道,96052,cny_pc,88,95,82,72,80,45,86,19.0,compiled,轮廓为 OSM admin_level=8，裁入既有杨浦区多边形，非民政原件。收入和学校等指标沿用所在区的公开数字，不是街道公报。人口按该区常住人口做面积分摊。,"Outline is OSM admin_level 8 clipped into the existing Yangpu polygon, not a civil-affairs original. Income and covariates are the parent district figures, not a street bulletin. Population is an area share of the district total."
osm13466408,shanghai,长海路街道,Changhailu,96052,cny_pc,88,95,82,72,80,45,86,19.5,compiled,轮廓为 OSM admin_level=8，裁入既有杨浦区多边形，非民政原件。收入和学校等指标沿用所在区的公开数字，不是街道公报。人口按该区常住人口做面积分摊。,"Outline is OSM admin_level 8 clipped into the existing Yangpu polygon, not a civil-affairs original. Income and covariates are the parent district figures, not a street bulletin. Population is an area share of the district total."
osm14187992,shanghai,江川路街道,江川路街道,89089,cny_pc,80,70,76,74,75,55,80,21.4,compiled,轮廓为 OSM admin_level=8，裁入既有闵行区多边形，非民政原件。收入和学校等指标沿用所在区的公开数字，不是街道公报。人口按该区常住人口做面积分摊。,"Outline is OSM admin_level 8 clipped into the existing Minhang polygon, not a civil-affairs original. Income and covariates are the parent district figures, not a street bulletin. Population is an area share of the district total."
osm14187991,shanghai,古美街道,古美街道,89089,cny_pc,80,70,76,74,75,55,80,4.2,compiled,轮廓为 OSM admin_level=8，裁入既有闵行区多边形，非民政原件。收入和学校等指标沿用所在区的公开数字，不是街道公报。人口按该区常住人口做面积分摊。,"Outline is OSM admin_level 8 clipped into the existing Minhang polygon, not a civil-affairs original. Income and covariates are the parent district figures, not a street bulletin. Population is an area share of the district total."
osm14187990,shanghai,新虹街道,新虹街道,89089,cny_pc,80,70,76,74,75,55,80,14.0,compiled,轮廓为 OSM admin_level=8，裁入既有闵行区多边形，非民政原件。收入和学校等指标沿用所在区的公开数字，不是街道公报。人口按该区常住人口做面积分摊。,"Outline is OSM admin_level 8 clipped into the existing Minhang polygon, not a civil-affairs original. Income and covariates are the parent district figures, not a street bulletin. Population is an area share of the district total."
osm14187989,shanghai,浦锦街道,浦锦街道,89089,cny_pc,80,70,76,74,75,55,80,16.7,compiled,轮廓为 OSM admin_level=8，裁入既有闵行区多边形，非民政原件。收入和学校等指标沿用所在区的公开数字，不是街道公报。人口按该区常住人口做面积分摊。,"Outline is OSM admin_level 8 clipped into the existing Minhang polygon, not a civil-affairs original. Income and covariates are the parent district figures, not a street bulletin. Population is an area share of the district total."
osm14187988,shanghai,莘庄镇,莘庄镇,89089,cny_pc,80,70,76,74,75,55,80,13.7,compiled,轮廓为 OSM admin_level=8，裁入既有闵行区多边形，非民政原件。收入和学校等指标沿用所在区的公开数字，不是街道公报。人口按该区常住人口做面积分摊。,"Outline is OSM admin_level 8 clipped into the existing Minhang polygon, not a civil-affairs original. Income and covariates are the parent district figures, not a street bulletin. Population is an area share of the district total."
osm14187987,shanghai,七宝镇,Qibao,89089,cny_pc,80,70,76,74,75,55,80,14.0,compiled,轮廓为 OSM admin_level=8，裁入既有闵行区多边形，非民政原件。收入和学校等指标沿用所在区的公开数字，不是街道公报。人口按该区常住人口做面积分摊。,"Outline is OSM admin_level 8 clipped into the existing Minhang polygon, not a civil-affairs original. Income and covariates are the parent district figures, not a street bulletin. Population is an area share of the district total."
osm14187986,shanghai,颛桥镇,颛桥镇,89089,cny_pc,80,70,76,74,75,55,80,17.3,compiled,轮廓为 OSM admin_level=8，裁入既有闵行区多边形，非民政原件。收入和学校等指标沿用所在区的公开数字，不是街道公报。人口按该区常住人口做面积分摊。,"Outline is OSM admin_level 8 clipped into the existing Minhang polygon, not a civil-affairs original. Income and covariates are the parent district figures, not a street bulletin. Population is an area share of the district total."
osm14187985,shanghai,华漕镇,华漕镇,89089,cny_pc,80,70,76,74,75,55,80,20.1,compiled,轮廓为 OSM admin_level=8，裁入既有闵行区多边形，非民政原件。收入和学校等指标沿用所在区的公开数字，不是街道公报。人口按该区常住人口做面积分摊。,"Outline is OSM admin_level 8 clipped into the existing Minhang polygon, not a civil-affairs original. Income and covariates are the parent district figures, not a street bulletin. Population is an area share of the district total."
osm14187984,shanghai,虹桥镇,虹桥镇,89089,cny_pc,80,70,76,74,75,55,80,7.7,compiled,轮廓为 OSM admin_level=8，裁入既有闵行区多边形，非民政原件。收入和学校等指标沿用所在区的公开数字，不是街道公报。人口按该区常住人口做面积分摊。,"Outline is OSM admin_level 8 clipped into the existing Minhang polygon, not a civil-affairs original. Income and covariates are the parent district figures, not a street bulletin. Population is an area share of the district total."
osm14187983,shanghai,梅陇镇,Meilong Town,89089,cny_pc,80,70,76,74,75,55,80,19.1,compiled,轮廓为 OSM admin_level=8，裁入既有闵行区多边形，非民政原件。收入和学校等指标沿用所在区的公开数字，不是街道公报。人口按该区常住人口做面积分摊。,"Outline is OSM admin_level 8 clipped into the existing Minhang polygon, not a civil-affairs original. Income and covariates are the parent district figures, not a street bulletin. Population is an area share of the district total."
osm14187982,shanghai,吴泾镇,吴泾镇,89089,cny_pc,80,70,76,74,75,55,80,26.7,compiled,轮廓为 OSM admin_level=8，裁入既有闵行区多边形，非民政原件。收入和学校等指标沿用所在区的公开数字，不是街道公报。人口按该区常住人口做面积分摊。,"Outline is OSM admin_level 8 clipped into the existing Minhang polygon, not a civil-affairs original. Income and covariates are the parent district figures, not a street bulletin. Population is an area share of the district total."
osm14187981,shanghai,马桥镇,马桥镇,89089,cny_pc,80,70,76,74,75,55,80,23.9,compiled,轮廓为 OSM admin_level=8，裁入既有闵行区多边形，非民政原件。收入和学校等指标沿用所在区的公开数字，不是街道公报。人口按该区常住人口做面积分摊。,"Outline is OSM admin_level 8 clipped into the existing Minhang polygon, not a civil-affairs original. Income and covariates are the parent district figures, not a street bulletin. Population is an area share of the district total."
osm14187979,shanghai,浦江镇,浦江镇,89089,cny_pc,80,70,76,74,75,55,80,55.8,compiled,轮廓为 OSM admin_level=8，裁入既有闵行区多边形，非民政原件。收入和学校等指标沿用所在区的公开数字，不是街道公报。人口按该区常住人口做面积分摊。,"Outline is OSM admin_level 8 clipped into the existing Minhang polygon, not a civil-affairs original. Income and covariates are the parent district figures, not a street bulletin. Population is an area share of the district total."
osm14187980,shanghai,莘庄工业区,莘庄工业区,89089,cny_pc,80,70,76,74,75,55,80,10.7,compiled,轮廓为 OSM admin_level=8，裁入既有闵行区多边形，非民政原件。收入和学校等指标沿用所在区的公开数字，不是街道公报。人口按该区常住人口做面积分摊。,"Outline is OSM admin_level 8 clipped into the existing Minhang polygon, not a civil-affairs original. Income and covariates are the parent district figures, not a street bulletin. Population is an area share of the district total."
osm3532312,shanghai,友谊路街道,友谊路街道,84898,cny_pc,70,52,72,70,58,58,72,5.4,compiled,轮廓为 OSM admin_level=8，裁入既有宝山区多边形，非民政原件。收入和学校等指标沿用所在区的公开数字，不是街道公报。人口按该区常住人口做面积分摊。,"Outline is OSM admin_level 8 clipped into the existing Baoshan polygon, not a civil-affairs original. Income and covariates are the parent district figures, not a street bulletin. Population is an area share of the district total."
osm3532319,shanghai,吴淞街道,吴淞街道,84898,cny_pc,70,52,72,70,58,58,72,5.5,compiled,轮廓为 OSM admin_level=8，裁入既有宝山区多边形，非民政原件。收入和学校等指标沿用所在区的公开数字，不是街道公报。人口按该区常住人口做面积分摊。,"Outline is OSM admin_level 8 clipped into the existing Baoshan polygon, not a civil-affairs original. Income and covariates are the parent district figures, not a street bulletin. Population is an area share of the district total."
osm3530696,shanghai,张庙街道,张庙街道,84898,cny_pc,70,52,72,70,58,58,72,2.8,compiled,轮廓为 OSM admin_level=8，裁入既有宝山区多边形，非民政原件。收入和学校等指标沿用所在区的公开数字，不是街道公报。人口按该区常住人口做面积分摊。,"Outline is OSM admin_level 8 clipped into the existing Baoshan polygon, not a civil-affairs original. Income and covariates are the parent district figures, not a street bulletin. Population is an area share of the district total."
osm3531102,shanghai,罗店镇,Luodian Town,84898,cny_pc,70,52,72,70,58,58,72,26.1,compiled,轮廓为 OSM admin_level=8，裁入既有宝山区多边形，非民政原件。收入和学校等指标沿用所在区的公开数字，不是街道公报。人口按该区常住人口做面积分摊。,"Outline is OSM admin_level 8 clipped into the existing Baoshan polygon, not a civil-affairs original. Income and covariates are the parent district figures, not a street bulletin. Population is an area share of the district total."
osm3532288,shanghai,大场镇,大场镇,84898,cny_pc,70,52,72,70,58,58,72,21.8,compiled,轮廓为 OSM admin_level=8，裁入既有宝山区多边形，非民政原件。收入和学校等指标沿用所在区的公开数字，不是街道公报。人口按该区常住人口做面积分摊。,"Outline is OSM admin_level 8 clipped into the existing Baoshan polygon, not a civil-affairs original. Income and covariates are the parent district figures, not a street bulletin. Population is an area share of the district total."
osm3532291,shanghai,杨行镇,杨行镇,84898,cny_pc,70,52,72,70,58,58,72,23.0,compiled,轮廓为 OSM admin_level=8，裁入既有宝山区多边形，非民政原件。收入和学校等指标沿用所在区的公开数字，不是街道公报。人口按该区常住人口做面积分摊。,"Outline is OSM admin_level 8 clipped into the existing Baoshan polygon, not a civil-affairs original. Income and covariates are the parent district figures, not a street bulletin. Population is an area share of the district total."
osm3532305,shanghai,月浦镇,月浦镇,84898,cny_pc,70,52,72,70,58,58,72,35.8,compiled,轮廓为 OSM admin_level=8，裁入既有宝山区多边形，非民政原件。收入和学校等指标沿用所在区的公开数字，不是街道公报。人口按该区常住人口做面积分摊。,"Outline is OSM admin_level 8 clipped into the existing Baoshan polygon, not a civil-affairs original. Income and covariates are the parent district figures, not a street bulletin. Population is an area share of the district total."
osm3531114,shanghai,罗泾镇,罗泾镇,84898,cny_pc,70,52,72,70,58,58,72,24.2,compiled,轮廓为 OSM admin_level=8，裁入既有宝山区多边形，非民政原件。收入和学校等指标沿用所在区的公开数字，不是街道公报。人口按该区常住人口做面积分摊。,"Outline is OSM admin_level 8 clipped into the existing Baoshan polygon, not a civil-affairs original. Income and covariates are the parent district figures, not a street bulletin. Population is an area share of the district total."
osm3531170,shanghai,顾村镇,顾村镇,84898,cny_pc,70,52,72,70,58,58,72,24.4,compiled,轮廓为 OSM admin_level=8，裁入既有宝山区多边形，非民政原件。收入和学校等指标沿用所在区的公开数字，不是街道公报。人口按该区常住人口做面积分摊。,"Outline is OSM admin_level 8 clipped into the existing Baoshan polygon, not a civil-affairs original. Income and covariates are the parent district figures, not a street bulletin. Population is an area share of the district total."
osm3531159,shanghai,高境镇,高境镇,84898,cny_pc,70,52,72,70,58,58,72,4.2,compiled,轮廓为 OSM admin_level=8，裁入既有宝山区多边形，非民政原件。收入和学校等指标沿用所在区的公开数字，不是街道公报。人口按该区常住人口做面积分摊。,"Outline is OSM admin_level 8 clipped into the existing Baoshan polygon, not a civil-affairs original. Income and covariates are the parent district figures, not a street bulletin. Population is an area share of the district total."
osm3531125,shanghai,庙行镇,Miaohang,84898,cny_pc,70,52,72,70,58,58,72,3.6,compiled,轮廓为 OSM admin_level=8，裁入既有宝山区多边形，非民政原件。收入和学校等指标沿用所在区的公开数字，不是街道公报。人口按该区常住人口做面积分摊。,"Outline is OSM admin_level 8 clipped into the existing Baoshan polygon, not a civil-affairs original. Income and covariates are the parent district figures, not a street bulletin. Population is an area share of the district total."
osm3530842,shanghai,淞南镇,淞南镇,84898,cny_pc,70,52,72,70,58,58,72,8.3,compiled,轮廓为 OSM admin_level=8，裁入既有宝山区多边形，非民政原件。收入和学校等指标沿用所在区的公开数字，不是街道公报。人口按该区常住人口做面积分摊。,"Outline is OSM admin_level 8 clipped into the existing Baoshan polygon, not a civil-affairs original. Income and covariates are the parent district figures, not a street bulletin. Population is an area share of the district total."
osm3530718,shanghai,宝山工业园区,宝山工业园区,84898,cny_pc,70,52,72,70,58,58,72,3.1,compiled,轮廓为 OSM admin_level=8，裁入既有宝山区多边形，非民政原件。收入和学校等指标沿用所在区的公开数字，不是街道公报。人口按该区常住人口做面积分摊。,"Outline is OSM admin_level 8 clipped into the existing Baoshan polygon, not a civil-affairs original. Income and covariates are the parent district figures, not a street bulletin. Population is an area share of the district total."
osm17000644,shanghai,嘉定镇街道,嘉定镇街道,78200,cny_pc,74,58,68,72,70,60,70,1.4,compiled,轮廓为 OSM admin_level=8，裁入既有嘉定区多边形，非民政原件。收入和学校等指标沿用所在区的公开数字，不是街道公报。人口按该区常住人口做面积分摊。,"Outline is OSM admin_level 8 clipped into the existing Jiading polygon, not a civil-affairs original. Income and covariates are the parent district figures, not a street bulletin. Population is an area share of the district total."
osm15708594,shanghai,真新街道,真新街道,78200,cny_pc,74,58,68,72,70,60,70,1.8,compiled,轮廓为 OSM admin_level=8，裁入既有嘉定区多边形，非民政原件。收入和学校等指标沿用所在区的公开数字，不是街道公报。人口按该区常住人口做面积分摊。,"Outline is OSM admin_level 8 clipped into the existing Jiading polygon, not a civil-affairs original. Income and covariates are the parent district figures, not a street bulletin. Population is an area share of the district total."
osm17000642,shanghai,新成路街道,新成路街道,78200,cny_pc,74,58,68,72,70,60,70,1.9,compiled,轮廓为 OSM admin_level=8，裁入既有嘉定区多边形，非民政原件。收入和学校等指标沿用所在区的公开数字，不是街道公报。人口按该区常住人口做面积分摊。,"Outline is OSM admin_level 8 clipped into the existing Jiading polygon, not a civil-affairs original. Income and covariates are the parent district figures, not a street bulletin. Population is an area share of the district total."
osm17000638,shanghai,华亭镇,华亭镇,78200,cny_pc,74,58,68,72,70,60,70,13.7,compiled,轮廓为 OSM admin_level=8，裁入既有嘉定区多边形，非民政原件。收入和学校等指标沿用所在区的公开数字，不是街道公报。人口按该区常住人口做面积分摊。,"Outline is OSM admin_level 8 clipped into the existing Jiading polygon, not a civil-affairs original. Income and covariates are the parent district figures, not a street bulletin. Population is an area share of the district total."
osm17000640,shanghai,南翔镇,南翔镇,78200,cny_pc,74,58,68,72,70,60,70,11.6,compiled,轮廓为 OSM admin_level=8，裁入既有嘉定区多边形，非民政原件。收入和学校等指标沿用所在区的公开数字，不是街道公报。人口按该区常住人口做面积分摊。,"Outline is OSM admin_level 8 clipped into the existing Jiading polygon, not a civil-affairs original. Income and covariates are the parent district figures, not a street bulletin. Population is an area share of the district total."
osm17000639,shanghai,外冈镇,外冈镇,78200,cny_pc,74,58,68,72,70,60,70,17.6,compiled,轮廓为 OSM admin_level=8，裁入既有嘉定区多边形，非民政原件。收入和学校等指标沿用所在区的公开数字，不是街道公报。人口按该区常住人口做面积分摊。,"Outline is OSM admin_level 8 clipped into the existing Jiading polygon, not a civil-affairs original. Income and covariates are the parent district figures, not a street bulletin. Population is an area share of the district total."
osm17000637,shanghai,徐行镇,徐行镇,78200,cny_pc,74,58,68,72,70,60,70,36.3,compiled,轮廓为 OSM admin_level=8，裁入既有嘉定区多边形，非民政原件。收入和学校等指标沿用所在区的公开数字，不是街道公报。人口按该区常住人口做面积分摊。,"Outline is OSM admin_level 8 clipped into the existing Jiading polygon, not a civil-affairs original. Income and covariates are the parent district figures, not a street bulletin. Population is an area share of the district total."
osm17000636,shanghai,江桥镇,江桥镇,78200,cny_pc,74,58,68,72,70,60,70,14.6,compiled,轮廓为 OSM admin_level=8，裁入既有嘉定区多边形，非民政原件。收入和学校等指标沿用所在区的公开数字，不是街道公报。人口按该区常住人口做面积分摊。,"Outline is OSM admin_level 8 clipped into the existing Jiading polygon, not a civil-affairs original. Income and covariates are the parent district figures, not a street bulletin. Population is an area share of the district total."
osm17000643,shanghai,菊园街道,菊园街道,78200,cny_pc,74,58,68,72,70,60,70,11.1,compiled,轮廓为 OSM admin_level=8，裁入既有嘉定区多边形，非民政原件。收入和学校等指标沿用所在区的公开数字，不是街道公报。人口按该区常住人口做面积分摊。,"Outline is OSM admin_level 8 clipped into the existing Jiading polygon, not a civil-affairs original. Income and covariates are the parent district figures, not a street bulletin. Population is an area share of the district total."
osm17000641,shanghai,马陆镇,马陆镇,78200,cny_pc,74,58,68,72,70,60,70,19.8,compiled,轮廓为 OSM admin_level=8，裁入既有嘉定区多边形，非民政原件。收入和学校等指标沿用所在区的公开数字，不是街道公报。人口按该区常住人口做面积分摊。,"Outline is OSM admin_level 8 clipped into the existing Jiading polygon, not a civil-affairs original. Income and covariates are the parent district figures, not a street bulletin. Population is an area share of the district total."
osm17000634,shanghai,安亭镇,安亭镇,78200,cny_pc,74,58,68,72,70,60,70,31.0,compiled,轮廓为 OSM admin_level=8，裁入既有嘉定区多边形，非民政原件。收入和学校等指标沿用所在区的公开数字，不是街道公报。人口按该区常住人口做面积分摊。,"Outline is OSM admin_level 8 clipped into the existing Jiading polygon, not a civil-affairs original. Income and covariates are the parent district figures, not a street bulletin. Population is an area share of the district total."
osm20636336,shanghai,娄塘镇,Loutang,78200,cny_pc,74,58,68,72,70,60,70,22.3,compiled,轮廓为 OSM admin_level=8，裁入既有嘉定区多边形，非民政原件。收入和学校等指标沿用所在区的公开数字，不是街道公报。人口按该区常住人口做面积分摊。,"Outline is OSM admin_level 8 clipped into the existing Jiading polygon, not a civil-affairs original. Income and covariates are the parent district figures, not a street bulletin. Population is an area share of the district total."
osm12867311,shanghai,潍坊新村街道,Weifangxincun Subdistrict,90985,cny_pc,86,80,78,60,88,50,85,1.3,compiled,轮廓为 OSM admin_level=8，裁入既有浦东新区多边形，非民政原件。收入和学校等指标沿用所在区的公开数字，不是街道公报。人口按该区常住人口做面积分摊。,"Outline is OSM admin_level 8 clipped into the existing Pudong polygon, not a civil-affairs original. Income and covariates are the parent district figures, not a street bulletin. Population is an area share of the district total."
osm12867312,shanghai,陆家嘴街道,Lujiazui Subdistrict,90985,cny_pc,86,80,78,60,88,50,85,2.1,compiled,轮廓为 OSM admin_level=8，裁入既有浦东新区多边形，非民政原件。收入和学校等指标沿用所在区的公开数字，不是街道公报。人口按该区常住人口做面积分摊。,"Outline is OSM admin_level 8 clipped into the existing Pudong polygon, not a civil-affairs original. Income and covariates are the parent district figures, not a street bulletin. Population is an area share of the district total."
osm14178772,shanghai,周家渡街道,周家渡街道,90985,cny_pc,86,80,78,60,88,50,85,2.0,compiled,轮廓为 OSM admin_level=8，裁入既有浦东新区多边形，非民政原件。收入和学校等指标沿用所在区的公开数字，不是街道公报。人口按该区常住人口做面积分摊。,"Outline is OSM admin_level 8 clipped into the existing Pudong polygon, not a civil-affairs original. Income and covariates are the parent district figures, not a street bulletin. Population is an area share of the district total."
osm12867313,shanghai,塘桥街道,Tangqiao Subdistrict,90985,cny_pc,86,80,78,60,88,50,85,1.3,compiled,轮廓为 OSM admin_level=8，裁入既有浦东新区多边形，非民政原件。收入和学校等指标沿用所在区的公开数字，不是街道公报。人口按该区常住人口做面积分摊。,"Outline is OSM admin_level 8 clipped into the existing Pudong polygon, not a civil-affairs original. Income and covariates are the parent district figures, not a street bulletin. Population is an area share of the district total."
osm14178805,shanghai,上钢新村街道,上钢新村街道,90985,cny_pc,86,80,78,60,88,50,85,2.5,compiled,轮廓为 OSM admin_level=8，裁入既有浦东新区多边形，非民政原件。收入和学校等指标沿用所在区的公开数字，不是街道公报。人口按该区常住人口做面积分摊。,"Outline is OSM admin_level 8 clipped into the existing Pudong polygon, not a civil-affairs original. Income and covariates are the parent district figures, not a street bulletin. Population is an area share of the district total."
osm14178760,shanghai,南码头路街道,南码头路街道,90985,cny_pc,86,80,78,60,88,50,85,1.4,compiled,轮廓为 OSM admin_level=8，裁入既有浦东新区多边形，非民政原件。收入和学校等指标沿用所在区的公开数字，不是街道公报。人口按该区常住人口做面积分摊。,"Outline is OSM admin_level 8 clipped into the existing Pudong polygon, not a civil-affairs original. Income and covariates are the parent district figures, not a street bulletin. Population is an area share of the district total."
osm14178858,shanghai,沪东新村街道,沪东新村街道,90985,cny_pc,86,80,78,60,88,50,85,1.8,compiled,轮廓为 OSM admin_level=8，裁入既有浦东新区多边形，非民政原件。收入和学校等指标沿用所在区的公开数字，不是街道公报。人口按该区常住人口做面积分摊。,"Outline is OSM admin_level 8 clipped into the existing Pudong polygon, not a civil-affairs original. Income and covariates are the parent district figures, not a street bulletin. Population is an area share of the district total."
osm14178830,shanghai,金杨新村街道,金杨新村街道,90985,cny_pc,86,80,78,60,88,50,85,2.7,compiled,轮廓为 OSM admin_level=8，裁入既有浦东新区多边形，非民政原件。收入和学校等指标沿用所在区的公开数字，不是街道公报。人口按该区常住人口做面积分摊。,"Outline is OSM admin_level 8 clipped into the existing Pudong polygon, not a civil-affairs original. Income and covariates are the parent district figures, not a street bulletin. Population is an area share of the district total."
osm5325929,shanghai,洋泾街道,Yangjing Subdistrict,90985,cny_pc,86,80,78,60,88,50,85,2.6,compiled,轮廓为 OSM admin_level=8，裁入既有浦东新区多边形，非民政原件。收入和学校等指标沿用所在区的公开数字，不是街道公报。人口按该区常住人口做面积分摊。,"Outline is OSM admin_level 8 clipped into the existing Pudong polygon, not a civil-affairs original. Income and covariates are the parent district figures, not a street bulletin. Population is an area share of the district total."
osm14178857,shanghai,浦兴路街道,浦兴路街道,90985,cny_pc,86,80,78,60,88,50,85,2.1,compiled,轮廓为 OSM admin_level=8，裁入既有浦东新区多边形，非民政原件。收入和学校等指标沿用所在区的公开数字，不是街道公报。人口按该区常住人口做面积分摊。,"Outline is OSM admin_level 8 clipped into the existing Pudong polygon, not a civil-affairs original. Income and covariates are the parent district figures, not a street bulletin. Population is an area share of the district total."
osm14178911,shanghai,东明路街道,东明路街道,90985,cny_pc,86,80,78,60,88,50,85,1.6,compiled,轮廓为 OSM admin_level=8，裁入既有浦东新区多边形，非民政原件。收入和学校等指标沿用所在区的公开数字，不是街道公报。人口按该区常住人口做面积分摊。,"Outline is OSM admin_level 8 clipped into the existing Pudong polygon, not a civil-affairs original. Income and covariates are the parent district figures, not a street bulletin. Population is an area share of the district total."
osm12867438,shanghai,花木街道,Huamu Subdistrict,90985,cny_pc,86,80,78,60,88,50,85,7.1,compiled,轮廓为 OSM admin_level=8，裁入既有浦东新区多边形，非民政原件。收入和学校等指标沿用所在区的公开数字，不是街道公报。人口按该区常住人口做面积分摊。,"Outline is OSM admin_level 8 clipped into the existing Pudong polygon, not a civil-affairs original. Income and covariates are the parent district figures, not a street bulletin. Population is an area share of the district total."
osm14179063,shanghai,川沙新镇,川沙新镇,90985,cny_pc,86,80,78,60,88,50,85,31.7,compiled,轮廓为 OSM admin_level=8，裁入既有浦东新区多边形，非民政原件。收入和学校等指标沿用所在区的公开数字，不是街道公报。人口按该区常住人口做面积分摊。,"Outline is OSM admin_level 8 clipped into the existing Pudong polygon, not a civil-affairs original. Income and covariates are the parent district figures, not a street bulletin. Population is an area share of the district total."
osm14179071,shanghai,高桥镇,高桥镇,90985,cny_pc,86,80,78,60,88,50,85,12.9,compiled,轮廓为 OSM admin_level=8，裁入既有浦东新区多边形，非民政原件。收入和学校等指标沿用所在区的公开数字，不是街道公报。人口按该区常住人口做面积分摊。,"Outline is OSM admin_level 8 clipped into the existing Pudong polygon, not a civil-affairs original. Income and covariates are the parent district figures, not a street bulletin. Population is an area share of the district total."
osm14179101,shanghai,北蔡镇,北蔡镇,90985,cny_pc,86,80,78,60,88,50,85,7.7,compiled,轮廓为 OSM admin_level=8，裁入既有浦东新区多边形，非民政原件。收入和学校等指标沿用所在区的公开数字，不是街道公报。人口按该区常住人口做面积分摊。,"Outline is OSM admin_level 8 clipped into the existing Pudong polygon, not a civil-affairs original. Income and covariates are the parent district figures, not a street bulletin. Population is an area share of the district total."
osm14179128,shanghai,合庆镇,合庆镇,90985,cny_pc,86,80,78,60,88,50,85,14.3,compiled,轮廓为 OSM admin_level=8，裁入既有浦东新区多边形，非民政原件。收入和学校等指标沿用所在区的公开数字，不是街道公报。人口按该区常住人口做面积分摊。,"Outline is OSM admin_level 8 clipped into the existing Pudong polygon, not a civil-affairs original. Income and covariates are the parent district figures, not a street bulletin. Population is an area share of the district total."
osm14179148,shanghai,唐镇,唐镇,90985,cny_pc,86,80,78,60,88,50,85,10.8,compiled,轮廓为 OSM admin_level=8，裁入既有浦东新区多边形，非民政原件。收入和学校等指标沿用所在区的公开数字，不是街道公报。人口按该区常住人口做面积分摊。,"Outline is OSM admin_level 8 clipped into the existing Pudong polygon, not a civil-affairs original. Income and covariates are the parent district figures, not a street bulletin. Population is an area share of the district total."
osm14179174,shanghai,曹路镇,曹路镇,90985,cny_pc,86,80,78,60,88,50,85,15.7,compiled,轮廓为 OSM admin_level=8，裁入既有浦东新区多边形，非民政原件。收入和学校等指标沿用所在区的公开数字，不是街道公报。人口按该区常住人口做面积分摊。,"Outline is OSM admin_level 8 clipped into the existing Pudong polygon, not a civil-affairs original. Income and covariates are the parent district figures, not a street bulletin. Population is an area share of the district total."
osm14179186,shanghai,金桥镇,金桥镇,90985,cny_pc,86,80,78,60,88,50,85,8.4,compiled,轮廓为 OSM admin_level=8，裁入既有浦东新区多边形，非民政原件。收入和学校等指标沿用所在区的公开数字，不是街道公报。人口按该区常住人口做面积分摊。,"Outline is OSM admin_level 8 clipped into the existing Pudong polygon, not a civil-affairs original. Income and covariates are the parent district figures, not a street bulletin. Population is an area share of the district total."
osm14179185,shanghai,高行镇,高行镇,90985,cny_pc,86,80,78,60,88,50,85,7.7,compiled,轮廓为 OSM admin_level=8，裁入既有浦东新区多边形，非民政原件。收入和学校等指标沿用所在区的公开数字，不是街道公报。人口按该区常住人口做面积分摊。,"Outline is OSM admin_level 8 clipped into the existing Pudong polygon, not a civil-affairs original. Income and covariates are the parent district figures, not a street bulletin. Population is an area share of the district total."
osm14179184,shanghai,高东镇,高东镇,90985,cny_pc,86,80,78,60,88,50,85,12.0,compiled,轮廓为 OSM admin_level=8，裁入既有浦东新区多边形，非民政原件。收入和学校等指标沿用所在区的公开数字，不是街道公报。人口按该区常住人口做面积分摊。,"Outline is OSM admin_level 8 clipped into the existing Pudong polygon, not a civil-affairs original. Income and covariates are the parent district figures, not a street bulletin. Population is an area share of the district total."
osm14179188,shanghai,张江镇,张江镇,90985,cny_pc,86,80,78,60,88,50,85,15.4,compiled,轮廓为 OSM admin_level=8，裁入既有浦东新区多边形，非民政原件。收入和学校等指标沿用所在区的公开数字，不是街道公报。人口按该区常住人口做面积分摊。,"Outline is OSM admin_level 8 clipped into the existing Pudong polygon, not a civil-affairs original. Income and covariates are the parent district figures, not a street bulletin. Population is an area share of the district total."
osm14179226,shanghai,三林镇,三林镇,90985,cny_pc,86,80,78,60,88,50,85,13.1,compiled,轮廓为 OSM admin_level=8，裁入既有浦东新区多边形，非民政原件。收入和学校等指标沿用所在区的公开数字，不是街道公报。人口按该区常住人口做面积分摊。,"Outline is OSM admin_level 8 clipped into the existing Pudong polygon, not a civil-affairs original. Income and covariates are the parent district figures, not a street bulletin. Population is an area share of the district total."
osm14179286,shanghai,惠南镇,惠南镇,90985,cny_pc,86,80,78,60,88,50,85,22.0,compiled,轮廓为 OSM admin_level=8，裁入既有浦东新区多边形，非民政原件。收入和学校等指标沿用所在区的公开数字，不是街道公报。人口按该区常住人口做面积分摊。,"Outline is OSM admin_level 8 clipped into the existing Pudong polygon, not a civil-affairs original. Income and covariates are the parent district figures, not a street bulletin. Population is an area share of the district total."
osm14179320,shanghai,周浦镇,周浦镇,90985,cny_pc,86,80,78,60,88,50,85,14.5,compiled,轮廓为 OSM admin_level=8，裁入既有浦东新区多边形，非民政原件。收入和学校等指标沿用所在区的公开数字，不是街道公报。人口按该区常住人口做面积分摊。,"Outline is OSM admin_level 8 clipped into the existing Pudong polygon, not a civil-affairs original. Income and covariates are the parent district figures, not a street bulletin. Population is an area share of the district total."
osm14179332,shanghai,新场镇,新场镇,90985,cny_pc,86,80,78,60,88,50,85,17.9,compiled,轮廓为 OSM admin_level=8，裁入既有浦东新区多边形，非民政原件。收入和学校等指标沿用所在区的公开数字，不是街道公报。人口按该区常住人口做面积分摊。,"Outline is OSM admin_level 8 clipped into the existing Pudong polygon, not a civil-affairs original. Income and covariates are the parent district figures, not a street bulletin. Population is an area share of the district total."
osm14179370,shanghai,大团镇,大团镇,90985,cny_pc,86,80,78,60,88,50,85,16.8,compiled,轮廓为 OSM admin_level=8，裁入既有浦东新区多边形，非民政原件。收入和学校等指标沿用所在区的公开数字，不是街道公报。人口按该区常住人口做面积分摊。,"Outline is OSM admin_level 8 clipped into the existing Pudong polygon, not a civil-affairs original. Income and covariates are the parent district figures, not a street bulletin. Population is an area share of the district total."
osm14179369,shanghai,康桥镇,康桥镇,90985,cny_pc,86,80,78,60,88,50,85,13.6,compiled,轮廓为 OSM admin_level=8，裁入既有浦东新区多边形，非民政原件。收入和学校等指标沿用所在区的公开数字，不是街道公报。人口按该区常住人口做面积分摊。,"Outline is OSM admin_level 8 clipped into the existing Pudong polygon, not a civil-affairs original. Income and covariates are the parent district figures, not a street bulletin. Population is an area share of the district total."
osm14179368,shanghai,航头镇,航头镇,90985,cny_pc,86,80,78,60,88,50,85,19.8,compiled,轮廓为 OSM admin_level=8，裁入既有浦东新区多边形，非民政原件。收入和学校等指标沿用所在区的公开数字，不是街道公报。人口按该区常住人口做面积分摊。,"Outline is OSM admin_level 8 clipped into the existing Pudong polygon, not a civil-affairs original. Income and covariates are the parent district figures, not a street bulletin. Population is an area share of the district total."
osm14179522,shanghai,祝桥镇,祝桥镇,90985,cny_pc,86,80,78,60,88,50,85,53.7,compiled,轮廓为 OSM admin_level=8，裁入既有浦东新区多边形，非民政原件。收入和学校等指标沿用所在区的公开数字，不是街道公报。人口按该区常住人口做面积分摊。,"Outline is OSM admin_level 8 clipped into the existing Pudong polygon, not a civil-affairs original. Income and covariates are the parent district figures, not a street bulletin. Population is an area share of the district total."
osm14180408,shanghai,泥城镇,泥城镇,90985,cny_pc,86,80,78,60,88,50,85,19.8,compiled,轮廓为 OSM admin_level=8，裁入既有浦东新区多边形，非民政原件。收入和学校等指标沿用所在区的公开数字，不是街道公报。人口按该区常住人口做面积分摊。,"Outline is OSM admin_level 8 clipped into the existing Pudong polygon, not a civil-affairs original. Income and covariates are the parent district figures, not a street bulletin. Population is an area share of the district total."
osm14180407,shanghai,宣桥镇,宣桥镇,90985,cny_pc,86,80,78,60,88,50,85,15.3,compiled,轮廓为 OSM admin_level=8，裁入既有浦东新区多边形，非民政原件。收入和学校等指标沿用所在区的公开数字，不是街道公报。人口按该区常住人口做面积分摊。,"Outline is OSM admin_level 8 clipped into the existing Pudong polygon, not a civil-affairs original. Income and covariates are the parent district figures, not a street bulletin. Population is an area share of the district total."
osm14180406,shanghai,书院镇,书院镇,90985,cny_pc,86,80,78,60,88,50,85,18.2,compiled,轮廓为 OSM admin_level=8，裁入既有浦东新区多边形，非民政原件。收入和学校等指标沿用所在区的公开数字，不是街道公报。人口按该区常住人口做面积分摊。,"Outline is OSM admin_level 8 clipped into the existing Pudong polygon, not a civil-affairs original. Income and covariates are the parent district figures, not a street bulletin. Population is an area share of the district total."
osm14180410,shanghai,万祥镇,万祥镇,90985,cny_pc,86,80,78,60,88,50,85,7.7,compiled,轮廓为 OSM admin_level=8，裁入既有浦东新区多边形，非民政原件。收入和学校等指标沿用所在区的公开数字，不是街道公报。人口按该区常住人口做面积分摊。,"Outline is OSM admin_level 8 clipped into the existing Pudong polygon, not a civil-affairs original. Income and covariates are the parent district figures, not a street bulletin. Population is an area share of the district total."
osm14180412,shanghai,老港镇,老港镇,90985,cny_pc,86,80,78,60,88,50,85,22.0,compiled,轮廓为 OSM admin_level=8，裁入既有浦东新区多边形，非民政原件。收入和学校等指标沿用所在区的公开数字，不是街道公报。人口按该区常住人口做面积分摊。,"Outline is OSM admin_level 8 clipped into the existing Pudong polygon, not a civil-affairs original. Income and covariates are the parent district figures, not a street bulletin. Population is an area share of the district total."
osm14180411,shanghai,南汇新城镇,南汇新城镇,90985,cny_pc,86,80,78,60,88,50,85,148.6,compiled,轮廓为 OSM admin_level=8，裁入既有浦东新区多边形，非民政原件。收入和学校等指标沿用所在区的公开数字，不是街道公报。人口按该区常住人口做面积分摊。,"Outline is OSM admin_level 8 clipped into the existing Pudong polygon, not a civil-affairs original. Income and covariates are the parent district figures, not a street bulletin. Population is an area share of the district total."
osm18058389,shanghai,石化街道,石化街道,57584,cny_pc,58,40,52,62,48,62,50,9.5,compiled,轮廓为 OSM admin_level=8，裁入既有金山区多边形，非民政原件。收入和学校等指标沿用所在区的公开数字，不是街道公报。人口按该区常住人口做面积分摊。,"Outline is OSM admin_level 8 clipped into the existing Jinshan polygon, not a civil-affairs original. Income and covariates are the parent district figures, not a street bulletin. Population is an area share of the district total."
osm18052560,shanghai,廊下镇,廊下镇,57584,cny_pc,58,40,52,62,48,62,50,5.8,compiled,轮廓为 OSM admin_level=8，裁入既有金山区多边形，非民政原件。收入和学校等指标沿用所在区的公开数字，不是街道公报。人口按该区常住人口做面积分摊。,"Outline is OSM admin_level 8 clipped into the existing Jinshan polygon, not a civil-affairs original. Income and covariates are the parent district figures, not a street bulletin. Population is an area share of the district total."
osm16230588,shanghai,亭林镇,亭林镇,57584,cny_pc,58,40,52,62,48,62,50,15.3,compiled,轮廓为 OSM admin_level=8，裁入既有金山区多边形，非民政原件。收入和学校等指标沿用所在区的公开数字，不是街道公报。人口按该区常住人口做面积分摊。,"Outline is OSM admin_level 8 clipped into the existing Jinshan polygon, not a civil-affairs original. Income and covariates are the parent district figures, not a street bulletin. Population is an area share of the district total."
osm18058386,shanghai,吕巷镇,吕巷镇,57584,cny_pc,58,40,52,62,48,62,50,7.3,compiled,轮廓为 OSM admin_level=8，裁入既有金山区多边形，非民政原件。收入和学校等指标沿用所在区的公开数字，不是街道公报。人口按该区常住人口做面积分摊。,"Outline is OSM admin_level 8 clipped into the existing Jinshan polygon, not a civil-affairs original. Income and covariates are the parent district figures, not a street bulletin. Population is an area share of the district total."
osm18058383,shanghai,山阳镇,山阳镇,57584,cny_pc,58,40,52,62,48,62,50,5.7,compiled,轮廓为 OSM admin_level=8，裁入既有金山区多边形，非民政原件。收入和学校等指标沿用所在区的公开数字，不是街道公报。人口按该区常住人口做面积分摊。,"Outline is OSM admin_level 8 clipped into the existing Jinshan polygon, not a civil-affairs original. Income and covariates are the parent district figures, not a street bulletin. Population is an area share of the district total."
osm18058388,shanghai,张堰镇,张堰镇,57584,cny_pc,58,40,52,62,48,62,50,4.3,compiled,轮廓为 OSM admin_level=8，裁入既有金山区多边形，非民政原件。收入和学校等指标沿用所在区的公开数字，不是街道公报。人口按该区常住人口做面积分摊。,"Outline is OSM admin_level 8 clipped into the existing Jinshan polygon, not a civil-affairs original. Income and covariates are the parent district figures, not a street bulletin. Population is an area share of the district total."
osm18058385,shanghai,朱泾镇,朱泾镇,57584,cny_pc,58,40,52,62,48,62,50,9.3,compiled,轮廓为 OSM admin_level=8，裁入既有金山区多边形，非民政原件。收入和学校等指标沿用所在区的公开数字，不是街道公报。人口按该区常住人口做面积分摊。,"Outline is OSM admin_level 8 clipped into the existing Jinshan polygon, not a civil-affairs original. Income and covariates are the parent district figures, not a street bulletin. Population is an area share of the district total."
osm18058390,shanghai,枫泾镇,枫泾镇,57584,cny_pc,58,40,52,62,48,62,50,11.3,compiled,轮廓为 OSM admin_level=8，裁入既有金山区多边形，非民政原件。收入和学校等指标沿用所在区的公开数字，不是街道公报。人口按该区常住人口做面积分摊。,"Outline is OSM admin_level 8 clipped into the existing Jinshan polygon, not a civil-affairs original. Income and covariates are the parent district figures, not a street bulletin. Population is an area share of the district total."
osm18058387,shanghai,漕泾镇,漕泾镇,57584,cny_pc,58,40,52,62,48,62,50,7.2,compiled,轮廓为 OSM admin_level=8，裁入既有金山区多边形，非民政原件。收入和学校等指标沿用所在区的公开数字，不是街道公报。人口按该区常住人口做面积分摊。,"Outline is OSM admin_level 8 clipped into the existing Jinshan polygon, not a civil-affairs original. Income and covariates are the parent district figures, not a street bulletin. Population is an area share of the district total."
osm18058384,shanghai,金山卫镇,金山卫镇,57584,cny_pc,58,40,52,62,48,62,50,6.6,compiled,轮廓为 OSM admin_level=8，裁入既有金山区多边形，非民政原件。收入和学校等指标沿用所在区的公开数字，不是街道公报。人口按该区常住人口做面积分摊。,"Outline is OSM admin_level 8 clipped into the existing Jinshan polygon, not a civil-affairs original. Income and covariates are the parent district figures, not a street bulletin. Population is an area share of the district total."
osm16202388,shanghai,岳阳街道,Yueyang,74800,cny_pc,72,78,64,70,62,58,68,1.8,compiled,轮廓为 OSM admin_level=8，裁入既有松江区多边形，非民政原件。收入和学校等指标沿用所在区的公开数字，不是街道公报。人口按该区常住人口做面积分摊。,"Outline is OSM admin_level 8 clipped into the existing Songjiang polygon, not a civil-affairs original. Income and covariates are the parent district figures, not a street bulletin. Population is an area share of the district total."
osm16202389,shanghai,永丰街道,Yongfeng,74800,cny_pc,72,78,64,70,62,58,68,7.7,compiled,轮廓为 OSM admin_level=8，裁入既有松江区多边形，非民政原件。收入和学校等指标沿用所在区的公开数字，不是街道公报。人口按该区常住人口做面积分摊。,"Outline is OSM admin_level 8 clipped into the existing Songjiang polygon, not a civil-affairs original. Income and covariates are the parent district figures, not a street bulletin. Population is an area share of the district total."
osm5117873,shanghai,方松街道,Fangsong,74800,cny_pc,72,78,64,70,62,58,68,4.7,compiled,轮廓为 OSM admin_level=8，裁入既有松江区多边形，非民政原件。收入和学校等指标沿用所在区的公开数字，不是街道公报。人口按该区常住人口做面积分摊。,"Outline is OSM admin_level 8 clipped into the existing Songjiang polygon, not a civil-affairs original. Income and covariates are the parent district figures, not a street bulletin. Population is an area share of the district total."
osm17191453,shanghai,中山街道,Zhongshan,74800,cny_pc,72,78,64,70,62,58,68,12.6,compiled,轮廓为 OSM admin_level=8，裁入既有松江区多边形，非民政原件。收入和学校等指标沿用所在区的公开数字，不是街道公报。人口按该区常住人口做面积分摊。,"Outline is OSM admin_level 8 clipped into the existing Songjiang polygon, not a civil-affairs original. Income and covariates are the parent district figures, not a street bulletin. Population is an area share of the district total."
osm16202387,shanghai,广富林街道,Guangfulin,74800,cny_pc,72,78,64,70,62,58,68,6.0,compiled,轮廓为 OSM admin_level=8，裁入既有松江区多边形，非民政原件。收入和学校等指标沿用所在区的公开数字，不是街道公报。人口按该区常住人口做面积分摊。,"Outline is OSM admin_level 8 clipped into the existing Songjiang polygon, not a civil-affairs original. Income and covariates are the parent district figures, not a street bulletin. Population is an area share of the district total."
osm16162302,shanghai,九里亭街道,Jiuliting,74800,cny_pc,72,78,64,70,62,58,68,2.4,compiled,轮廓为 OSM admin_level=8，裁入既有松江区多边形，非民政原件。收入和学校等指标沿用所在区的公开数字，不是街道公报。人口按该区常住人口做面积分摊。,"Outline is OSM admin_level 8 clipped into the existing Songjiang polygon, not a civil-affairs original. Income and covariates are the parent district figures, not a street bulletin. Population is an area share of the district total."
osm17016138,shanghai,泗泾镇,Sijing,74800,cny_pc,72,78,64,70,62,58,68,7.6,compiled,轮廓为 OSM admin_level=8，裁入既有松江区多边形，非民政原件。收入和学校等指标沿用所在区的公开数字，不是街道公报。人口按该区常住人口做面积分摊。,"Outline is OSM admin_level 8 clipped into the existing Songjiang polygon, not a civil-affairs original. Income and covariates are the parent district figures, not a street bulletin. Population is an area share of the district total."
osm17191450,shanghai,车墩镇,Chedun,74800,cny_pc,72,78,64,70,62,58,68,16.0,compiled,轮廓为 OSM admin_level=8，裁入既有松江区多边形，非民政原件。收入和学校等指标沿用所在区的公开数字，不是街道公报。人口按该区常住人口做面积分摊。,"Outline is OSM admin_level 8 clipped into the existing Songjiang polygon, not a civil-affairs original. Income and covariates are the parent district figures, not a street bulletin. Population is an area share of the district total."
osm17191452,shanghai,新桥镇,Xinqiao,74800,cny_pc,72,78,64,70,62,58,68,11.3,compiled,轮廓为 OSM admin_level=8，裁入既有松江区多边形，非民政原件。收入和学校等指标沿用所在区的公开数字，不是街道公报。人口按该区常住人口做面积分摊。,"Outline is OSM admin_level 8 clipped into the existing Songjiang polygon, not a civil-affairs original. Income and covariates are the parent district figures, not a street bulletin. Population is an area share of the district total."
osm17191451,shanghai,洞泾镇,Dongjing,74800,cny_pc,72,78,64,70,62,58,68,7.9,compiled,轮廓为 OSM admin_level=8，裁入既有松江区多边形，非民政原件。收入和学校等指标沿用所在区的公开数字，不是街道公报。人口按该区常住人口做面积分摊。,"Outline is OSM admin_level 8 clipped into the existing Songjiang polygon, not a civil-affairs original. Income and covariates are the parent district figures, not a street bulletin. Population is an area share of the district total."
osm16490107,shanghai,石湖荡镇,Shihudang Town,74800,cny_pc,72,78,64,70,62,58,68,32.4,compiled,轮廓为 OSM admin_level=8，裁入既有松江区多边形，非民政原件。收入和学校等指标沿用所在区的公开数字，不是街道公报。人口按该区常住人口做面积分摊。,"Outline is OSM admin_level 8 clipped into the existing Songjiang polygon, not a civil-affairs original. Income and covariates are the parent district figures, not a street bulletin. Population is an area share of the district total."
osm16202386,shanghai,九亭镇,Jiuting,74800,cny_pc,72,78,64,70,62,58,68,7.8,compiled,轮廓为 OSM admin_level=8，裁入既有松江区多边形，非民政原件。收入和学校等指标沿用所在区的公开数字，不是街道公报。人口按该区常住人口做面积分摊。,"Outline is OSM admin_level 8 clipped into the existing Songjiang polygon, not a civil-affairs original. Income and covariates are the parent district figures, not a street bulletin. Population is an area share of the district total."
osm17685018,shanghai,佘山镇,佘山镇,74800,cny_pc,72,78,64,70,62,58,68,21.1,compiled,轮廓为 OSM admin_level=8，裁入既有松江区多边形，非民政原件。收入和学校等指标沿用所在区的公开数字，不是街道公报。人口按该区常住人口做面积分摊。,"Outline is OSM admin_level 8 clipped into the existing Songjiang polygon, not a civil-affairs original. Income and covariates are the parent district figures, not a street bulletin. Population is an area share of the district total."
osm17715762,shanghai,新浜镇,新浜镇,74800,cny_pc,72,78,64,70,62,58,68,14.2,compiled,轮廓为 OSM admin_level=8，裁入既有松江区多边形，非民政原件。收入和学校等指标沿用所在区的公开数字，不是街道公报。人口按该区常住人口做面积分摊。,"Outline is OSM admin_level 8 clipped into the existing Songjiang polygon, not a civil-affairs original. Income and covariates are the parent district figures, not a street bulletin. Population is an area share of the district total."
osm17685019,shanghai,小昆山镇,小昆山镇,74800,cny_pc,72,78,64,70,62,58,68,15.2,compiled,轮廓为 OSM admin_level=8，裁入既有松江区多边形，非民政原件。收入和学校等指标沿用所在区的公开数字，不是街道公报。人口按该区常住人口做面积分摊。,"Outline is OSM admin_level 8 clipped into the existing Songjiang polygon, not a civil-affairs original. Income and covariates are the parent district figures, not a street bulletin. Population is an area share of the district total."
osm17885642,shanghai,叶榭镇,叶榭镇,74800,cny_pc,72,78,64,70,62,58,68,22.8,compiled,轮廓为 OSM admin_level=8，裁入既有松江区多边形，非民政原件。收入和学校等指标沿用所在区的公开数字，不是街道公报。人口按该区常住人口做面积分摊。,"Outline is OSM admin_level 8 clipped into the existing Songjiang polygon, not a civil-affairs original. Income and covariates are the parent district figures, not a street bulletin. Population is an area share of the district total."
osm12979863,shanghai,白鹤镇,白鹤镇,72100,cny_pc,66,48,62,68,55,60,62,11.2,compiled,轮廓为 OSM admin_level=8，裁入既有青浦区多边形，非民政原件。收入和学校等指标沿用所在区的公开数字，不是街道公报。人口按该区常住人口做面积分摊。,"Outline is OSM admin_level 8 clipped into the existing Qingpu polygon, not a civil-affairs original. Income and covariates are the parent district figures, not a street bulletin. Population is an area share of the district total."
osm12979864,shanghai,华新镇,华新镇,72100,cny_pc,66,48,62,68,55,60,62,9.0,compiled,轮廓为 OSM admin_level=8，裁入既有青浦区多边形，非民政原件。收入和学校等指标沿用所在区的公开数字，不是街道公报。人口按该区常住人口做面积分摊。,"Outline is OSM admin_level 8 clipped into the existing Qingpu polygon, not a civil-affairs original. Income and covariates are the parent district figures, not a street bulletin. Population is an area share of the district total."
osm12979871,shanghai,金泽镇,金泽镇,72100,cny_pc,66,48,62,68,55,60,62,20.8,compiled,轮廓为 OSM admin_level=8，裁入既有青浦区多边形，非民政原件。收入和学校等指标沿用所在区的公开数字，不是街道公报。人口按该区常住人口做面积分摊。,"Outline is OSM admin_level 8 clipped into the existing Qingpu polygon, not a civil-affairs original. Income and covariates are the parent district figures, not a street bulletin. Population is an area share of the district total."
osm12979870,shanghai,练塘镇,练塘镇,72100,cny_pc,66,48,62,68,55,60,62,17.8,compiled,轮廓为 OSM admin_level=8，裁入既有青浦区多边形，非民政原件。收入和学校等指标沿用所在区的公开数字，不是街道公报。人口按该区常住人口做面积分摊。,"Outline is OSM admin_level 8 clipped into the existing Qingpu polygon, not a civil-affairs original. Income and covariates are the parent district figures, not a street bulletin. Population is an area share of the district total."
osm12979861,shanghai,夏阳街道,夏阳街道,72100,cny_pc,66,48,62,68,55,60,62,6.9,compiled,轮廓为 OSM admin_level=8，裁入既有青浦区多边形，非民政原件。收入和学校等指标沿用所在区的公开数字，不是街道公报。人口按该区常住人口做面积分摊。,"Outline is OSM admin_level 8 clipped into the existing Qingpu polygon, not a civil-affairs original. Income and covariates are the parent district figures, not a street bulletin. Population is an area share of the district total."
osm12979865,shanghai,香花桥街道,香花桥街道,72100,cny_pc,66,48,62,68,55,60,62,12.0,compiled,轮廓为 OSM admin_level=8，裁入既有青浦区多边形，非民政原件。收入和学校等指标沿用所在区的公开数字，不是街道公报。人口按该区常住人口做面积分摊。,"Outline is OSM admin_level 8 clipped into the existing Qingpu polygon, not a civil-affairs original. Income and covariates are the parent district figures, not a street bulletin. Population is an area share of the district total."
osm12979866,shanghai,徐泾镇,徐泾镇,72100,cny_pc,66,48,62,68,55,60,62,7.3,compiled,轮廓为 OSM admin_level=8，裁入既有青浦区多边形，非民政原件。收入和学校等指标沿用所在区的公开数字，不是街道公报。人口按该区常住人口做面积分摊。,"Outline is OSM admin_level 8 clipped into the existing Qingpu polygon, not a civil-affairs original. Income and covariates are the parent district figures, not a street bulletin. Population is an area share of the district total."
osm12979868,shanghai,盈浦街道,盈浦街道,72100,cny_pc,66,48,62,68,55,60,62,3.1,compiled,轮廓为 OSM admin_level=8，裁入既有青浦区多边形，非民政原件。收入和学校等指标沿用所在区的公开数字，不是街道公报。人口按该区常住人口做面积分摊。,"Outline is OSM admin_level 8 clipped into the existing Qingpu polygon, not a civil-affairs original. Income and covariates are the parent district figures, not a street bulletin. Population is an area share of the district total."
osm12979867,shanghai,赵巷镇,赵巷镇,72100,cny_pc,66,48,62,68,55,60,62,7.8,compiled,轮廓为 OSM admin_level=8，裁入既有青浦区多边形，非民政原件。收入和学校等指标沿用所在区的公开数字，不是街道公报。人口按该区常住人口做面积分摊。,"Outline is OSM admin_level 8 clipped into the existing Qingpu polygon, not a civil-affairs original. Income and covariates are the parent district figures, not a street bulletin. Population is an area share of the district total."
osm12979862,shanghai,重固镇,重固镇,72100,cny_pc,66,48,62,68,55,60,62,5.6,compiled,轮廓为 OSM admin_level=8，裁入既有青浦区多边形，非民政原件。收入和学校等指标沿用所在区的公开数字，不是街道公报。人口按该区常住人口做面积分摊。,"Outline is OSM admin_level 8 clipped into the existing Qingpu polygon, not a civil-affairs original. Income and covariates are the parent district figures, not a street bulletin. Population is an area share of the district total."
osm12979869,shanghai,朱家角镇,朱家角镇,72100,cny_pc,66,48,62,68,55,60,62,25.6,compiled,轮廓为 OSM admin_level=8，裁入既有青浦区多边形，非民政原件。收入和学校等指标沿用所在区的公开数字，不是街道公报。人口按该区常住人口做面积分摊。,"Outline is OSM admin_level 8 clipped into the existing Qingpu polygon, not a civil-affairs original. Income and covariates are the parent district figures, not a street bulletin. Population is an area share of the district total."
osm17885603,shanghai,西渡街道,西渡街道,68500,cny_pc,60,42,58,66,50,62,55,4.3,compiled,轮廓为 OSM admin_level=8，裁入既有奉贤区多边形，非民政原件。收入和学校等指标沿用所在区的公开数字，不是街道公报。人口按该区常住人口做面积分摊。,"Outline is OSM admin_level 8 clipped into the existing Fengxian polygon, not a civil-affairs original. Income and covariates are the parent district figures, not a street bulletin. Population is an area share of the district total."
osm17885601,shanghai,奉浦街道,奉浦街道,68500,cny_pc,60,42,58,66,50,62,55,2.1,compiled,轮廓为 OSM admin_level=8，裁入既有奉贤区多边形，非民政原件。收入和学校等指标沿用所在区的公开数字，不是街道公报。人口按该区常住人口做面积分摊。,"Outline is OSM admin_level 8 clipped into the existing Fengxian polygon, not a civil-affairs original. Income and covariates are the parent district figures, not a street bulletin. Population is an area share of the district total."
osm17885602,shanghai,金海街道,金海街道,68500,cny_pc,60,42,58,66,50,62,55,2.6,compiled,轮廓为 OSM admin_level=8，裁入既有奉贤区多边形，非民政原件。收入和学校等指标沿用所在区的公开数字，不是街道公报。人口按该区常住人口做面积分摊。,"Outline is OSM admin_level 8 clipped into the existing Fengxian polygon, not a civil-affairs original. Income and covariates are the parent district figures, not a street bulletin. Population is an area share of the district total."
osm17885600,shanghai,南桥镇,南桥镇,68500,cny_pc,60,42,58,66,50,62,55,6.8,compiled,轮廓为 OSM admin_level=8，裁入既有奉贤区多边形，非民政原件。收入和学校等指标沿用所在区的公开数字，不是街道公报。人口按该区常住人口做面积分摊。,"Outline is OSM admin_level 8 clipped into the existing Fengxian polygon, not a civil-affairs original. Income and covariates are the parent district figures, not a street bulletin. Population is an area share of the district total."
osm17885593,shanghai,奉城镇,奉城镇,68500,cny_pc,60,42,58,66,50,62,55,15.1,compiled,轮廓为 OSM admin_level=8，裁入既有奉贤区多边形，非民政原件。收入和学校等指标沿用所在区的公开数字，不是街道公报。人口按该区常住人口做面积分摊。,"Outline is OSM admin_level 8 clipped into the existing Fengxian polygon, not a civil-affairs original. Income and covariates are the parent district figures, not a street bulletin. Population is an area share of the district total."
osm17885599,shanghai,庄行镇,庄行镇,68500,cny_pc,60,42,58,66,50,62,55,9.6,compiled,轮廓为 OSM admin_level=8，裁入既有奉贤区多边形，非民政原件。收入和学校等指标沿用所在区的公开数字，不是街道公报。人口按该区常住人口做面积分摊。,"Outline is OSM admin_level 8 clipped into the existing Fengxian polygon, not a civil-affairs original. Income and covariates are the parent district figures, not a street bulletin. Population is an area share of the district total."
osm17885598,shanghai,柘林镇,柘林镇,68500,cny_pc,60,42,58,66,50,62,55,13.0,compiled,轮廓为 OSM admin_level=8，裁入既有奉贤区多边形，非民政原件。收入和学校等指标沿用所在区的公开数字，不是街道公报。人口按该区常住人口做面积分摊。,"Outline is OSM admin_level 8 clipped into the existing Fengxian polygon, not a civil-affairs original. Income and covariates are the parent district figures, not a street bulletin. Population is an area share of the district total."
osm17885597,shanghai,海湾镇,海湾镇,68500,cny_pc,60,42,58,66,50,62,55,27.2,compiled,轮廓为 OSM admin_level=8，裁入既有奉贤区多边形，非民政原件。收入和学校等指标沿用所在区的公开数字，不是街道公报。人口按该区常住人口做面积分摊。,"Outline is OSM admin_level 8 clipped into the existing Fengxian polygon, not a civil-affairs original. Income and covariates are the parent district figures, not a street bulletin. Population is an area share of the district total."
osm17885595,shanghai,金汇镇,金汇镇,68500,cny_pc,60,42,58,66,50,62,55,9.9,compiled,轮廓为 OSM admin_level=8，裁入既有奉贤区多边形，非民政原件。收入和学校等指标沿用所在区的公开数字，不是街道公报。人口按该区常住人口做面积分摊。,"Outline is OSM admin_level 8 clipped into the existing Fengxian polygon, not a civil-affairs original. Income and covariates are the parent district figures, not a street bulletin. Population is an area share of the district total."
osm17885594,shanghai,青村镇,青村镇,68500,cny_pc,60,42,58,66,50,62,55,10.0,compiled,轮廓为 OSM admin_level=8，裁入既有奉贤区多边形，非民政原件。收入和学校等指标沿用所在区的公开数字，不是街道公报。人口按该区常住人口做面积分摊。,"Outline is OSM admin_level 8 clipped into the existing Fengxian polygon, not a civil-affairs original. Income and covariates are the parent district figures, not a street bulletin. Population is an area share of the district total."
osm17809482,shanghai,四团镇,四团镇,68500,cny_pc,60,42,58,66,50,62,55,10.1,compiled,轮廓为 OSM admin_level=8，裁入既有奉贤区多边形，非民政原件。收入和学校等指标沿用所在区的公开数字，不是街道公报。人口按该区常住人口做面积分摊。,"Outline is OSM admin_level 8 clipped into the existing Fengxian polygon, not a civil-affairs original. Income and covariates are the parent district figures, not a street bulletin. Population is an area share of the district total."
osm17885592,shanghai,海湾旅游区,海湾旅游区,68500,cny_pc,60,42,58,66,50,62,55,3.9,compiled,轮廓为 OSM admin_level=8，裁入既有奉贤区多边形，非民政原件。收入和学校等指标沿用所在区的公开数字，不是街道公报。人口按该区常住人口做面积分摊。,"Outline is OSM admin_level 8 clipped into the existing Fengxian polygon, not a civil-affairs original. Income and covariates are the parent district figures, not a street bulletin. Population is an area share of the district total."
osm18778248,shanghai,城桥镇,城桥镇,51200,cny_pc,52,32,48,58,28,60,32,1.6,compiled,轮廓为 OSM admin_level=8，裁入既有崇明区多边形，非民政原件。收入和学校等指标沿用所在区的公开数字，不是街道公报。人口按该区常住人口做面积分摊。,"Outline is OSM admin_level 8 clipped into the existing Chongming polygon, not a civil-affairs original. Income and covariates are the parent district figures, not a street bulletin. Population is an area share of the district total."
osm18310022,shanghai,堡镇,堡镇,51200,cny_pc,52,32,48,58,28,60,32,1.7,compiled,轮廓为 OSM admin_level=8，裁入既有崇明区多边形，非民政原件。收入和学校等指标沿用所在区的公开数字，不是街道公报。人口按该区常住人口做面积分摊。,"Outline is OSM admin_level 8 clipped into the existing Chongming polygon, not a civil-affairs original. Income and covariates are the parent district figures, not a street bulletin. Population is an area share of the district total."
osm18778253,shanghai,新河镇,新河镇,51200,cny_pc,52,32,48,58,28,60,32,1.8,compiled,轮廓为 OSM admin_level=8，裁入既有崇明区多边形，非民政原件。收入和学校等指标沿用所在区的公开数字，不是街道公报。人口按该区常住人口做面积分摊。,"Outline is OSM admin_level 8 clipped into the existing Chongming polygon, not a civil-affairs original. Income and covariates are the parent district figures, not a street bulletin. Population is an area share of the district total."
osm18778250,shanghai,庙镇,庙镇,51200,cny_pc,52,32,48,58,28,60,32,2.8,compiled,轮廓为 OSM admin_level=8，裁入既有崇明区多边形，非民政原件。收入和学校等指标沿用所在区的公开数字，不是街道公报。人口按该区常住人口做面积分摊。,"Outline is OSM admin_level 8 clipped into the existing Chongming polygon, not a civil-affairs original. Income and covariates are the parent district figures, not a street bulletin. Population is an area share of the district total."
osm18778255,shanghai,竖新镇,竖新镇,51200,cny_pc,52,32,48,58,28,60,32,1.9,compiled,轮廓为 OSM admin_level=8，裁入既有崇明区多边形，非民政原件。收入和学校等指标沿用所在区的公开数字，不是街道公报。人口按该区常住人口做面积分摊。,"Outline is OSM admin_level 8 clipped into the existing Chongming polygon, not a civil-affairs original. Income and covariates are the parent district figures, not a street bulletin. Population is an area share of the district total."
osm18309973,shanghai,向化镇,向化镇,51200,cny_pc,52,32,48,58,28,60,32,1.5,compiled,轮廓为 OSM admin_level=8，裁入既有崇明区多边形，非民政原件。收入和学校等指标沿用所在区的公开数字，不是街道公报。人口按该区常住人口做面积分摊。,"Outline is OSM admin_level 8 clipped into the existing Chongming polygon, not a civil-affairs original. Income and covariates are the parent district figures, not a street bulletin. Population is an area share of the district total."
osm18778246,shanghai,三星镇,三星镇,51200,cny_pc,52,32,48,58,28,60,32,2.7,compiled,轮廓为 OSM admin_level=8，裁入既有崇明区多边形，非民政原件。收入和学校等指标沿用所在区的公开数字，不是街道公报。人口按该区常住人口做面积分摊。,"Outline is OSM admin_level 8 clipped into the existing Chongming polygon, not a civil-affairs original. Income and covariates are the parent district figures, not a street bulletin. Population is an area share of the district total."
osm18310005,shanghai,港沿镇,港沿镇,51200,cny_pc,52,32,48,58,28,60,32,2.2,compiled,轮廓为 OSM admin_level=8，裁入既有崇明区多边形，非民政原件。收入和学校等指标沿用所在区的公开数字，不是街道公报。人口按该区常住人口做面积分摊。,"Outline is OSM admin_level 8 clipped into the existing Chongming polygon, not a civil-affairs original. Income and covariates are the parent district figures, not a street bulletin. Population is an area share of the district total."
osm18309974,shanghai,中兴镇,中兴镇,51200,cny_pc,52,32,48,58,28,60,32,1.4,compiled,轮廓为 OSM admin_level=8，裁入既有崇明区多边形，非民政原件。收入和学校等指标沿用所在区的公开数字，不是街道公报。人口按该区常住人口做面积分摊。,"Outline is OSM admin_level 8 clipped into the existing Chongming polygon, not a civil-affairs original. Income and covariates are the parent district figures, not a street bulletin. Population is an area share of the district total."
osm18309975,shanghai,陈家镇,陈家镇,51200,cny_pc,52,32,48,58,28,60,32,23.0,compiled,轮廓为 OSM admin_level=8，裁入既有崇明区多边形，非民政原件。收入和学校等指标沿用所在区的公开数字，不是街道公报。人口按该区常住人口做面积分摊。,"Outline is OSM admin_level 8 clipped into the existing Chongming polygon, not a civil-affairs original. Income and covariates are the parent district figures, not a street bulletin. Population is an area share of the district total."
osm18778247,shanghai,绿华镇,绿华镇,51200,cny_pc,52,32,48,58,28,60,32,1.1,compiled,轮廓为 OSM admin_level=8，裁入既有崇明区多边形，非民政原件。收入和学校等指标沿用所在区的公开数字，不是街道公报。人口按该区常住人口做面积分摊。,"Outline is OSM admin_level 8 clipped into the existing Chongming polygon, not a civil-affairs original. Income and covariates are the parent district figures, not a street bulletin. Population is an area share of the district total."
osm18778251,shanghai,港西镇,港西镇,51200,cny_pc,52,32,48,58,28,60,32,1.3,compiled,轮廓为 OSM admin_level=8，裁入既有崇明区多边形，非民政原件。收入和学校等指标沿用所在区的公开数字，不是街道公报。人口按该区常住人口做面积分摊。,"Outline is OSM admin_level 8 clipped into the existing Chongming polygon, not a civil-affairs original. Income and covariates are the parent district figures, not a street bulletin. Population is an area share of the district total."
osm18778252,shanghai,建设镇,建设镇,51200,cny_pc,52,32,48,58,28,60,32,1.3,compiled,轮廓为 OSM admin_level=8，裁入既有崇明区多边形，非民政原件。收入和学校等指标沿用所在区的公开数字，不是街道公报。人口按该区常住人口做面积分摊。,"Outline is OSM admin_level 8 clipped into the existing Chongming polygon, not a civil-affairs original. Income and covariates are the parent district figures, not a street bulletin. Population is an area share of the district total."
osm18778249,shanghai,新海镇,新海镇,51200,cny_pc,52,32,48,58,28,60,32,3.3,compiled,轮廓为 OSM admin_level=8，裁入既有崇明区多边形，非民政原件。收入和学校等指标沿用所在区的公开数字，不是街道公报。人口按该区常住人口做面积分摊。,"Outline is OSM admin_level 8 clipped into the existing Chongming polygon, not a civil-affairs original. Income and covariates are the parent district figures, not a street bulletin. Population is an area share of the district total."
osm18778254,shanghai,东平镇,东平镇,51200,cny_pc,52,32,48,58,28,60,32,4.6,compiled,轮廓为 OSM admin_level=8，裁入既有崇明区多边形，非民政原件。收入和学校等指标沿用所在区的公开数字，不是街道公报。人口按该区常住人口做面积分摊。,"Outline is OSM admin_level 8 clipped into the existing Chongming polygon, not a civil-affairs original. Income and covariates are the parent district figures, not a street bulletin. Population is an area share of the district total."
osm16469113,shanghai,长兴镇,长兴镇,51200,cny_pc,52,32,48,58,28,60,32,4.3,compiled,轮廓为 OSM admin_level=8，裁入既有崇明区多边形，非民政原件。收入和学校等指标沿用所在区的公开数字，不是街道公报。人口按该区常住人口做面积分摊。,"Outline is OSM admin_level 8 clipped into the existing Chongming polygon, not a civil-affairs original. Income and covariates are the parent district figures, not a street bulletin. Population is an area share of the district total."
osm18778245,shanghai,新村乡,新村乡,51200,cny_pc,52,32,48,58,28,60,32,1.2,compiled,轮廓为 OSM admin_level=8，裁入既有崇明区多边形，非民政原件。收入和学校等指标沿用所在区的公开数字，不是街道公报。人口按该区常住人口做面积分摊。,"Outline is OSM admin_level 8 clipped into the existing Chongming polygon, not a civil-affairs original. Income and covariates are the parent district figures, not a street bulletin. Population is an area share of the district total."
osm15708308,shanghai,横沙乡,横沙乡,51200,cny_pc,52,32,48,58,28,60,32,6.0,compiled,轮廓为 OSM admin_level=8，裁入既有崇明区多边形，非民政原件。收入和学校等指标沿用所在区的公开数字，不是街道公报。人口按该区常住人口做面积分摊。,"Outline is OSM admin_level 8 clipped into the existing Chongming polygon, not a civil-affairs original. Income and covariates are the parent district figures, not a street bulletin. Population is an area share of the district total."
osm9459352,guangzhou,桥中街道,桥中街道,83094,cny_pc,78,60,76,62,70,45,88,8.0,compiled,轮廓为 OSM admin_level=8，裁入既有荔湾区多边形，非民政原件。收入和学校等指标沿用所在区的公开数字，不是街道公报。人口按该区常住人口做面积分摊。,"Outline is OSM admin_level 8 clipped into the existing Liwan polygon, not a civil-affairs original. Income and covariates are the parent district figures, not a street bulletin. Population is an area share of the district total."
osm9459394,guangzhou,石围塘街道,石围塘街道,83094,cny_pc,78,60,76,62,70,45,88,9.4,compiled,轮廓为 OSM admin_level=8，裁入既有荔湾区多边形，非民政原件。收入和学校等指标沿用所在区的公开数字，不是街道公报。人口按该区常住人口做面积分摊。,"Outline is OSM admin_level 8 clipped into the existing Liwan polygon, not a civil-affairs original. Income and covariates are the parent district figures, not a street bulletin. Population is an area share of the district total."
osm9460050,guangzhou,茶滘街道,茶滘街道,83094,cny_pc,78,60,76,62,70,45,88,7.1,compiled,轮廓为 OSM admin_level=8，裁入既有荔湾区多边形，非民政原件。收入和学校等指标沿用所在区的公开数字，不是街道公报。人口按该区常住人口做面积分摊。,"Outline is OSM admin_level 8 clipped into the existing Liwan polygon, not a civil-affairs original. Income and covariates are the parent district figures, not a street bulletin. Population is an area share of the district total."
osm9460056,guangzhou,花地街道,花地街道,83094,cny_pc,78,60,76,62,70,45,88,3.0,compiled,轮廓为 OSM admin_level=8，裁入既有荔湾区多边形，非民政原件。收入和学校等指标沿用所在区的公开数字，不是街道公报。人口按该区常住人口做面积分摊。,"Outline is OSM admin_level 8 clipped into the existing Liwan polygon, not a civil-affairs original. Income and covariates are the parent district figures, not a street bulletin. Population is an area share of the district total."
osm9460049,guangzhou,东漖街道,东漖街道,83094,cny_pc,78,60,76,62,70,45,88,7.8,compiled,轮廓为 OSM admin_level=8，裁入既有荔湾区多边形，非民政原件。收入和学校等指标沿用所在区的公开数字，不是街道公报。人口按该区常住人口做面积分摊。,"Outline is OSM admin_level 8 clipped into the existing Liwan polygon, not a civil-affairs original. Income and covariates are the parent district figures, not a street bulletin. Population is an area share of the district total."
osm9460051,guangzhou,海龙街道,海龙街道,83094,cny_pc,78,60,76,62,70,45,88,16.6,compiled,轮廓为 OSM admin_level=8，裁入既有荔湾区多边形，非民政原件。收入和学校等指标沿用所在区的公开数字，不是街道公报。人口按该区常住人口做面积分摊。,"Outline is OSM admin_level 8 clipped into the existing Liwan polygon, not a civil-affairs original. Income and covariates are the parent district figures, not a street bulletin. Population is an area share of the district total."
osm9460052,guangzhou,中南街道,中南街道,83094,cny_pc,78,60,76,62,70,45,88,12.0,compiled,轮廓为 OSM admin_level=8，裁入既有荔湾区多边形，非民政原件。收入和学校等指标沿用所在区的公开数字，不是街道公报。人口按该区常住人口做面积分摊。,"Outline is OSM admin_level 8 clipped into the existing Liwan polygon, not a civil-affairs original. Income and covariates are the parent district figures, not a street bulletin. Population is an area share of the district total."
osm9460053,guangzhou,东沙街道,东沙街道,83094,cny_pc,78,60,76,62,70,45,88,13.6,compiled,轮廓为 OSM admin_level=8，裁入既有荔湾区多边形，非民政原件。收入和学校等指标沿用所在区的公开数字，不是街道公报。人口按该区常住人口做面积分摊。,"Outline is OSM admin_level 8 clipped into the existing Liwan polygon, not a civil-affairs original. Income and covariates are the parent district figures, not a street bulletin. Population is an area share of the district total."
osm9460054,guangzhou,白鹤洞街道,白鹤洞街道,83094,cny_pc,78,60,76,62,70,45,88,5.8,compiled,轮廓为 OSM admin_level=8，裁入既有荔湾区多边形，非民政原件。收入和学校等指标沿用所在区的公开数字，不是街道公报。人口按该区常住人口做面积分摊。,"Outline is OSM admin_level 8 clipped into the existing Liwan polygon, not a civil-affairs original. Income and covariates are the parent district figures, not a street bulletin. Population is an area share of the district total."
osm9460055,guangzhou,冲口街道,Chongkou Subdistrict,83094,cny_pc,78,60,76,62,70,45,88,6.8,compiled,轮廓为 OSM admin_level=8，裁入既有荔湾区多边形，非民政原件。收入和学校等指标沿用所在区的公开数字，不是街道公报。人口按该区常住人口做面积分摊。,"Outline is OSM admin_level 8 clipped into the existing Liwan polygon, not a civil-affairs original. Income and covariates are the parent district figures, not a street bulletin. Population is an area share of the district total."
osm9460176,guangzhou,沙面街道,沙面街道,83094,cny_pc,78,60,76,62,70,45,88,0.8,compiled,轮廓为 OSM admin_level=8，裁入既有荔湾区多边形，非民政原件。收入和学校等指标沿用所在区的公开数字，不是街道公报。人口按该区常住人口做面积分摊。,"Outline is OSM admin_level 8 clipped into the existing Liwan polygon, not a civil-affairs original. Income and covariates are the parent district figures, not a street bulletin. Population is an area share of the district total."
osm9460175,guangzhou,岭南街道,岭南街道,83094,cny_pc,78,60,76,62,70,45,88,1.6,compiled,轮廓为 OSM admin_level=8，裁入既有荔湾区多边形，非民政原件。收入和学校等指标沿用所在区的公开数字，不是街道公报。人口按该区常住人口做面积分摊。,"Outline is OSM admin_level 8 clipped into the existing Liwan polygon, not a civil-affairs original. Income and covariates are the parent district figures, not a street bulletin. Population is an area share of the district total."
osm9460174,guangzhou,华林街道,华林街道,83094,cny_pc,78,60,76,62,70,45,88,1.2,compiled,轮廓为 OSM admin_level=8，裁入既有荔湾区多边形，非民政原件。收入和学校等指标沿用所在区的公开数字，不是街道公报。人口按该区常住人口做面积分摊。,"Outline is OSM admin_level 8 clipped into the existing Liwan polygon, not a civil-affairs original. Income and covariates are the parent district figures, not a street bulletin. Population is an area share of the district total."
osm9460173,guangzhou,多宝街道,多宝街道,83094,cny_pc,78,60,76,62,70,45,88,2.0,compiled,轮廓为 OSM admin_level=8，裁入既有荔湾区多边形，非民政原件。收入和学校等指标沿用所在区的公开数字，不是街道公报。人口按该区常住人口做面积分摊。,"Outline is OSM admin_level 8 clipped into the existing Liwan polygon, not a civil-affairs original. Income and covariates are the parent district figures, not a street bulletin. Population is an area share of the district total."
osm9460172,guangzhou,西村街道,西村街道,83094,cny_pc,78,60,76,62,70,45,88,3.1,compiled,轮廓为 OSM admin_level=8，裁入既有荔湾区多边形，非民政原件。收入和学校等指标沿用所在区的公开数字，不是街道公报。人口按该区常住人口做面积分摊。,"Outline is OSM admin_level 8 clipped into the existing Liwan polygon, not a civil-affairs original. Income and covariates are the parent district figures, not a street bulletin. Population is an area share of the district total."
osm9460171,guangzhou,站前街道,站前街道,83094,cny_pc,78,60,76,62,70,45,88,1.5,compiled,轮廓为 OSM admin_level=8，裁入既有荔湾区多边形，非民政原件。收入和学校等指标沿用所在区的公开数字，不是街道公报。人口按该区常住人口做面积分摊。,"Outline is OSM admin_level 8 clipped into the existing Liwan polygon, not a civil-affairs original. Income and covariates are the parent district figures, not a street bulletin. Population is an area share of the district total."
osm9460170,guangzhou,南源街道,南源街道,83094,cny_pc,78,60,76,62,70,45,88,3.9,compiled,轮廓为 OSM admin_level=8，裁入既有荔湾区多边形，非民政原件。收入和学校等指标沿用所在区的公开数字，不是街道公报。人口按该区常住人口做面积分摊。,"Outline is OSM admin_level 8 clipped into the existing Liwan polygon, not a civil-affairs original. Income and covariates are the parent district figures, not a street bulletin. Population is an area share of the district total."
osm9460169,guangzhou,彩虹街道,彩虹街道,83094,cny_pc,78,60,76,62,70,45,88,1.6,compiled,轮廓为 OSM admin_level=8，裁入既有荔湾区多边形，非民政原件。收入和学校等指标沿用所在区的公开数字，不是街道公报。人口按该区常住人口做面积分摊。,"Outline is OSM admin_level 8 clipped into the existing Liwan polygon, not a civil-affairs original. Income and covariates are the parent district figures, not a street bulletin. Population is an area share of the district total."
osm9460168,guangzhou,金花街道,金花街道,83094,cny_pc,78,60,76,62,70,45,88,1.6,compiled,轮廓为 OSM admin_level=8，裁入既有荔湾区多边形，非民政原件。收入和学校等指标沿用所在区的公开数字，不是街道公报。人口按该区常住人口做面积分摊。,"Outline is OSM admin_level 8 clipped into the existing Liwan polygon, not a civil-affairs original. Income and covariates are the parent district figures, not a street bulletin. Population is an area share of the district total."
osm9460167,guangzhou,龙津街道,龙津街道,83094,cny_pc,78,60,76,62,70,45,88,1.0,compiled,轮廓为 OSM admin_level=8，裁入既有荔湾区多边形，非民政原件。收入和学校等指标沿用所在区的公开数字，不是街道公报。人口按该区常住人口做面积分摊。,"Outline is OSM admin_level 8 clipped into the existing Liwan polygon, not a civil-affairs original. Income and covariates are the parent district figures, not a street bulletin. Population is an area share of the district total."
osm9460166,guangzhou,逢源街道,逢源街道,83094,cny_pc,78,60,76,62,70,45,88,1.4,compiled,轮廓为 OSM admin_level=8，裁入既有荔湾区多边形，非民政原件。收入和学校等指标沿用所在区的公开数字，不是街道公报。人口按该区常住人口做面积分摊。,"Outline is OSM admin_level 8 clipped into the existing Liwan polygon, not a civil-affairs original. Income and covariates are the parent district figures, not a street bulletin. Population is an area share of the district total."
osm9460165,guangzhou,昌华街道,昌华街道,83094,cny_pc,78,60,76,62,70,45,88,2.6,compiled,轮廓为 OSM admin_level=8，裁入既有荔湾区多边形，非民政原件。收入和学校等指标沿用所在区的公开数字，不是街道公报。人口按该区常住人口做面积分摊。,"Outline is OSM admin_level 8 clipped into the existing Liwan polygon, not a civil-affairs original. Income and covariates are the parent district figures, not a street bulletin. Population is an area share of the district total."
osm4069919,guangzhou,白云街道,白云街道,90376,cny_pc,94,82,84,58,80,32,95,9.4,compiled,轮廓为 OSM admin_level=8，裁入既有越秀区多边形，非民政原件。收入和学校等指标沿用所在区的公开数字，不是街道公报。人口按该区常住人口做面积分摊。,"Outline is OSM admin_level 8 clipped into the existing Yuexiu polygon, not a civil-affairs original. Income and covariates are the parent district figures, not a street bulletin. Population is an area share of the district total."
osm4069909,guangzhou,北京街道,北京街道,90376,cny_pc,94,82,84,58,80,32,95,3.9,compiled,轮廓为 OSM admin_level=8，裁入既有越秀区多边形，非民政原件。收入和学校等指标沿用所在区的公开数字，不是街道公报。人口按该区常住人口做面积分摊。,"Outline is OSM admin_level 8 clipped into the existing Yuexiu polygon, not a civil-affairs original. Income and covariates are the parent district figures, not a street bulletin. Population is an area share of the district total."
osm4069912,guangzhou,大塘街道,大塘街道,90376,cny_pc,94,82,84,58,80,32,95,3.2,compiled,轮廓为 OSM admin_level=8，裁入既有越秀区多边形，非民政原件。收入和学校等指标沿用所在区的公开数字，不是街道公报。人口按该区常住人口做面积分摊。,"Outline is OSM admin_level 8 clipped into the existing Yuexiu polygon, not a civil-affairs original. Income and covariates are the parent district figures, not a street bulletin. Population is an area share of the district total."
osm4069918,guangzhou,登峰街道,登峰街道,90376,cny_pc,94,82,84,58,80,32,95,14.9,compiled,轮廓为 OSM admin_level=8，裁入既有越秀区多边形，非民政原件。收入和学校等指标沿用所在区的公开数字，不是街道公报。人口按该区常住人口做面积分摊。,"Outline is OSM admin_level 8 clipped into the existing Yuexiu polygon, not a civil-affairs original. Income and covariates are the parent district figures, not a street bulletin. Population is an area share of the district total."
osm4069904,guangzhou,东山街道,东山街道,90376,cny_pc,94,82,84,58,80,32,95,9.2,compiled,轮廓为 OSM admin_level=8，裁入既有越秀区多边形，非民政原件。收入和学校等指标沿用所在区的公开数字，不是街道公报。人口按该区常住人口做面积分摊。,"Outline is OSM admin_level 8 clipped into the existing Yuexiu polygon, not a civil-affairs original. Income and covariates are the parent district figures, not a street bulletin. Population is an area share of the district total."
osm4069906,guangzhou,光塔街道,光塔街道,90376,cny_pc,94,82,84,58,80,32,95,2.9,compiled,轮廓为 OSM admin_level=8，裁入既有越秀区多边形，非民政原件。收入和学校等指标沿用所在区的公开数字，不是街道公报。人口按该区常住人口做面积分摊。,"Outline is OSM admin_level 8 clipped into the existing Yuexiu polygon, not a civil-affairs original. Income and covariates are the parent district figures, not a street bulletin. Population is an area share of the district total."
osm4069915,guangzhou,洪桥街道,洪桥街道,90376,cny_pc,94,82,84,58,80,32,95,5.6,compiled,轮廓为 OSM admin_level=8，裁入既有越秀区多边形，非民政原件。收入和学校等指标沿用所在区的公开数字，不是街道公报。人口按该区常住人口做面积分摊。,"Outline is OSM admin_level 8 clipped into the existing Yuexiu polygon, not a civil-affairs original. Income and covariates are the parent district figures, not a street bulletin. Population is an area share of the district total."
osm4069910,guangzhou,华乐街道,华乐街道,90376,cny_pc,94,82,84,58,80,32,95,4.0,compiled,轮廓为 OSM admin_level=8，裁入既有越秀区多边形，非民政原件。收入和学校等指标沿用所在区的公开数字，不是街道公报。人口按该区常住人口做面积分摊。,"Outline is OSM admin_level 8 clipped into the existing Yuexiu polygon, not a civil-affairs original. Income and covariates are the parent district figures, not a street bulletin. Population is an area share of the district total."
osm4069921,guangzhou,黄花岗街道,黄花岗街道,90376,cny_pc,94,82,84,58,80,32,95,9.8,compiled,轮廓为 OSM admin_level=8，裁入既有越秀区多边形，非民政原件。收入和学校等指标沿用所在区的公开数字，不是街道公报。人口按该区常住人口做面积分摊。,"Outline is OSM admin_level 8 clipped into the existing Yuexiu polygon, not a civil-affairs original. Income and covariates are the parent district figures, not a street bulletin. Population is an area share of the district total."
osm4069913,guangzhou,建设街道,建设街道,90376,cny_pc,94,82,84,58,80,32,95,2.8,compiled,轮廓为 OSM admin_level=8，裁入既有越秀区多边形，非民政原件。收入和学校等指标沿用所在区的公开数字，不是街道公报。人口按该区常住人口做面积分摊。,"Outline is OSM admin_level 8 clipped into the existing Yuexiu polygon, not a civil-affairs original. Income and covariates are the parent district figures, not a street bulletin. Population is an area share of the district total."
osm4069920,guangzhou,矿泉街道,矿泉街道,90376,cny_pc,94,82,84,58,80,32,95,8.3,compiled,轮廓为 OSM admin_level=8，裁入既有越秀区多边形，非民政原件。收入和学校等指标沿用所在区的公开数字，不是街道公报。人口按该区常住人口做面积分摊。,"Outline is OSM admin_level 8 clipped into the existing Yuexiu polygon, not a civil-affairs original. Income and covariates are the parent district figures, not a street bulletin. Population is an area share of the district total."
osm4069916,guangzhou,流花街道,流花街道,90376,cny_pc,94,82,84,58,80,32,95,5.3,compiled,轮廓为 OSM admin_level=8，裁入既有越秀区多边形，非民政原件。收入和学校等指标沿用所在区的公开数字，不是街道公报。人口按该区常住人口做面积分摊。,"Outline is OSM admin_level 8 clipped into the existing Yuexiu polygon, not a civil-affairs original. Income and covariates are the parent district figures, not a street bulletin. Population is an area share of the district total."
osm4069907,guangzhou,六榕街道,六榕街道,90376,cny_pc,94,82,84,58,80,32,95,5.6,compiled,轮廓为 OSM admin_level=8，裁入既有越秀区多边形，非民政原件。收入和学校等指标沿用所在区的公开数字，不是街道公报。人口按该区常住人口做面积分摊。,"Outline is OSM admin_level 8 clipped into the existing Yuexiu polygon, not a civil-affairs original. Income and covariates are the parent district figures, not a street bulletin. Population is an area share of the district total."
osm4069914,guangzhou,梅花村街道,梅花村街道,90376,cny_pc,94,82,84,58,80,32,95,3.6,compiled,轮廓为 OSM admin_level=8，裁入既有越秀区多边形，非民政原件。收入和学校等指标沿用所在区的公开数字，不是街道公报。人口按该区常住人口做面积分摊。,"Outline is OSM admin_level 8 clipped into the existing Yuexiu polygon, not a civil-affairs original. Income and covariates are the parent district figures, not a street bulletin. Population is an area share of the district total."
osm4069908,guangzhou,农林街道,农林街道,90376,cny_pc,94,82,84,58,80,32,95,3.3,compiled,轮廓为 OSM admin_level=8，裁入既有越秀区多边形，非民政原件。收入和学校等指标沿用所在区的公开数字，不是街道公报。人口按该区常住人口做面积分摊。,"Outline is OSM admin_level 8 clipped into the existing Yuexiu polygon, not a civil-affairs original. Income and covariates are the parent district figures, not a street bulletin. Population is an area share of the district total."
osm4069917,guangzhou,珠光街道,珠光街道,90376,cny_pc,94,82,84,58,80,32,95,2.8,compiled,轮廓为 OSM admin_level=8，裁入既有越秀区多边形，非民政原件。收入和学校等指标沿用所在区的公开数字，不是街道公报。人口按该区常住人口做面积分摊。,"Outline is OSM admin_level 8 clipped into the existing Yuexiu polygon, not a civil-affairs original. Income and covariates are the parent district figures, not a street bulletin. Population is an area share of the district total."
osm4069905,guangzhou,人民街道,人民街道,90376,cny_pc,94,82,84,58,80,32,95,4.3,compiled,轮廓为 OSM admin_level=8，裁入既有越秀区多边形，非民政原件。收入和学校等指标沿用所在区的公开数字，不是街道公报。人口按该区常住人口做面积分摊。,"Outline is OSM admin_level 8 clipped into the existing Yuexiu polygon, not a civil-affairs original. Income and covariates are the parent district figures, not a street bulletin. Population is an area share of the district total."
osm4069911,guangzhou,大东街道,大东街道,90376,cny_pc,94,82,84,58,80,32,95,3.5,compiled,轮廓为 OSM admin_level=8，裁入既有越秀区多边形，非民政原件。收入和学校等指标沿用所在区的公开数字，不是街道公报。人口按该区常住人口做面积分摊。,"Outline is OSM admin_level 8 clipped into the existing Yuexiu polygon, not a civil-affairs original. Income and covariates are the parent district figures, not a street bulletin. Population is an area share of the district total."
osm9463312,guangzhou,南华西街道,南华西街道,84419,cny_pc,82,70,74,68,72,48,86,2.6,compiled,轮廓为 OSM admin_level=8，裁入既有海珠区多边形，非民政原件。收入和学校等指标沿用所在区的公开数字，不是街道公报。人口按该区常住人口做面积分摊。,"Outline is OSM admin_level 8 clipped into the existing Haizhu polygon, not a civil-affairs original. Income and covariates are the parent district figures, not a street bulletin. Population is an area share of the district total."
osm9463311,guangzhou,海幢街道,海幢街道,84419,cny_pc,82,70,74,68,72,48,86,2.8,compiled,轮廓为 OSM admin_level=8，裁入既有海珠区多边形，非民政原件。收入和学校等指标沿用所在区的公开数字，不是街道公报。人口按该区常住人口做面积分摊。,"Outline is OSM admin_level 8 clipped into the existing Haizhu polygon, not a civil-affairs original. Income and covariates are the parent district figures, not a street bulletin. Population is an area share of the district total."
osm9463310,guangzhou,滨江街道,滨江街道,84419,cny_pc,82,70,74,68,72,48,86,3.1,compiled,轮廓为 OSM admin_level=8，裁入既有海珠区多边形，非民政原件。收入和学校等指标沿用所在区的公开数字，不是街道公报。人口按该区常住人口做面积分摊。,"Outline is OSM admin_level 8 clipped into the existing Haizhu polygon, not a civil-affairs original. Income and covariates are the parent district figures, not a street bulletin. Population is an area share of the district total."
osm9463309,guangzhou,素社街道,素社街道,84419,cny_pc,82,70,74,68,72,48,86,2.4,compiled,轮廓为 OSM admin_level=8，裁入既有海珠区多边形，非民政原件。收入和学校等指标沿用所在区的公开数字，不是街道公报。人口按该区常住人口做面积分摊。,"Outline is OSM admin_level 8 clipped into the existing Haizhu polygon, not a civil-affairs original. Income and covariates are the parent district figures, not a street bulletin. Population is an area share of the district total."
osm9463308,guangzhou,新港街道,新港街道,84419,cny_pc,82,70,74,68,72,48,86,7.0,compiled,轮廓为 OSM admin_level=8，裁入既有海珠区多边形，非民政原件。收入和学校等指标沿用所在区的公开数字，不是街道公报。人口按该区常住人口做面积分摊。,"Outline is OSM admin_level 8 clipped into the existing Haizhu polygon, not a civil-affairs original. Income and covariates are the parent district figures, not a street bulletin. Population is an area share of the district total."
osm9463307,guangzhou,赤岗街道,Chigang Sub-District,84419,cny_pc,82,70,74,68,72,48,86,11.9,compiled,轮廓为 OSM admin_level=8，裁入既有海珠区多边形，非民政原件。收入和学校等指标沿用所在区的公开数字，不是街道公报。人口按该区常住人口做面积分摊。,"Outline is OSM admin_level 8 clipped into the existing Haizhu polygon, not a civil-affairs original. Income and covariates are the parent district figures, not a street bulletin. Population is an area share of the district total."
osm9463306,guangzhou,琶洲街道,Pazhou Sub-District,84419,cny_pc,82,70,74,68,72,48,86,30.4,compiled,轮廓为 OSM admin_level=8，裁入既有海珠区多边形，非民政原件。收入和学校等指标沿用所在区的公开数字，不是街道公报。人口按该区常住人口做面积分摊。,"Outline is OSM admin_level 8 clipped into the existing Haizhu polygon, not a civil-affairs original. Income and covariates are the parent district figures, not a street bulletin. Population is an area share of the district total."
osm9463305,guangzhou,官洲街道,Guanzhou Sub-District,84419,cny_pc,82,70,74,68,72,48,86,22.7,compiled,轮廓为 OSM admin_level=8，裁入既有海珠区多边形，非民政原件。收入和学校等指标沿用所在区的公开数字，不是街道公报。人口按该区常住人口做面积分摊。,"Outline is OSM admin_level 8 clipped into the existing Haizhu polygon, not a civil-affairs original. Income and covariates are the parent district figures, not a street bulletin. Population is an area share of the district total."
osm9463304,guangzhou,华洲街道,Huazhou Sub-District,84419,cny_pc,82,70,74,68,72,48,86,23.7,compiled,轮廓为 OSM admin_level=8，裁入既有海珠区多边形，非民政原件。收入和学校等指标沿用所在区的公开数字，不是街道公报。人口按该区常住人口做面积分摊。,"Outline is OSM admin_level 8 clipped into the existing Haizhu polygon, not a civil-affairs original. Income and covariates are the parent district figures, not a street bulletin. Population is an area share of the district total."
osm9463303,guangzhou,南洲街道,Nanzhou Sub-District,84419,cny_pc,82,70,74,68,72,48,86,23.5,compiled,轮廓为 OSM admin_level=8，裁入既有海珠区多边形，非民政原件。收入和学校等指标沿用所在区的公开数字，不是街道公报。人口按该区常住人口做面积分摊。,"Outline is OSM admin_level 8 clipped into the existing Haizhu polygon, not a civil-affairs original. Income and covariates are the parent district figures, not a street bulletin. Population is an area share of the district total."
osm9463302,guangzhou,瑞宝街道,瑞宝街道,84419,cny_pc,82,70,74,68,72,48,86,11.2,compiled,轮廓为 OSM admin_level=8，裁入既有海珠区多边形，非民政原件。收入和学校等指标沿用所在区的公开数字，不是街道公报。人口按该区常住人口做面积分摊。,"Outline is OSM admin_level 8 clipped into the existing Haizhu polygon, not a civil-affairs original. Income and covariates are the parent district figures, not a street bulletin. Population is an area share of the district total."
osm9463301,guangzhou,南石头街道,南石头街道,84419,cny_pc,82,70,74,68,72,48,86,9.7,compiled,轮廓为 OSM admin_level=8，裁入既有海珠区多边形，非民政原件。收入和学校等指标沿用所在区的公开数字，不是街道公报。人口按该区常住人口做面积分摊。,"Outline is OSM admin_level 8 clipped into the existing Haizhu polygon, not a civil-affairs original. Income and covariates are the parent district figures, not a street bulletin. Population is an area share of the district total."
osm9463300,guangzhou,凤阳街道,凤阳街道,84419,cny_pc,82,70,74,68,72,48,86,8.9,compiled,轮廓为 OSM admin_level=8，裁入既有海珠区多边形，非民政原件。收入和学校等指标沿用所在区的公开数字，不是街道公报。人口按该区常住人口做面积分摊。,"Outline is OSM admin_level 8 clipped into the existing Haizhu polygon, not a civil-affairs original. Income and covariates are the parent district figures, not a street bulletin. Population is an area share of the district total."
osm9463299,guangzhou,江海街道,Jianghai Sub-District,84419,cny_pc,82,70,74,68,72,48,86,8.0,compiled,轮廓为 OSM admin_level=8，裁入既有海珠区多边形，非民政原件。收入和学校等指标沿用所在区的公开数字，不是街道公报。人口按该区常住人口做面积分摊。,"Outline is OSM admin_level 8 clipped into the existing Haizhu polygon, not a civil-affairs original. Income and covariates are the parent district figures, not a street bulletin. Population is an area share of the district total."
osm9463298,guangzhou,昌岗街道,昌岗街道,84419,cny_pc,82,70,74,68,72,48,86,3.3,compiled,轮廓为 OSM admin_level=8，裁入既有海珠区多边形，非民政原件。收入和学校等指标沿用所在区的公开数字，不是街道公报。人口按该区常住人口做面积分摊。,"Outline is OSM admin_level 8 clipped into the existing Haizhu polygon, not a civil-affairs original. Income and covariates are the parent district figures, not a street bulletin. Population is an area share of the district total."
osm9463297,guangzhou,江南中街道,江南中街道,84419,cny_pc,82,70,74,68,72,48,86,2.6,compiled,轮廓为 OSM admin_level=8，裁入既有海珠区多边形，非民政原件。收入和学校等指标沿用所在区的公开数字，不是街道公报。人口按该区常住人口做面积分摊。,"Outline is OSM admin_level 8 clipped into the existing Haizhu polygon, not a civil-affairs original. Income and covariates are the parent district figures, not a street bulletin. Population is an area share of the district total."
osm9463296,guangzhou,龙凤街道,龙凤街道,84419,cny_pc,82,70,74,68,72,48,86,4.5,compiled,轮廓为 OSM admin_level=8，裁入既有海珠区多边形，非民政原件。收入和学校等指标沿用所在区的公开数字，不是街道公报。人口按该区常住人口做面积分摊。,"Outline is OSM admin_level 8 clipped into the existing Haizhu polygon, not a civil-affairs original. Income and covariates are the parent district figures, not a street bulletin. Population is an area share of the district total."
osm9463295,guangzhou,沙园街道,沙园街道,84419,cny_pc,82,70,74,68,72,48,86,3.0,compiled,轮廓为 OSM admin_level=8，裁入既有海珠区多边形，非民政原件。收入和学校等指标沿用所在区的公开数字，不是街道公报。人口按该区常住人口做面积分摊。,"Outline is OSM admin_level 8 clipped into the existing Haizhu polygon, not a civil-affairs original. Income and covariates are the parent district figures, not a street bulletin. Population is an area share of the district total."
osm9524347,guangzhou,沙东街道,沙东街道,94717,cny_pc,90,78,82,65,94,42,94,3.3,compiled,轮廓为 OSM admin_level=8，裁入既有天河区多边形，非民政原件。收入和学校等指标沿用所在区的公开数字，不是街道公报。人口按该区常住人口做面积分摊。,"Outline is OSM admin_level 8 clipped into the existing Tianhe polygon, not a civil-affairs original. Income and covariates are the parent district figures, not a street bulletin. Population is an area share of the district total."
osm9524346,guangzhou,兴华街道,兴华街道,94717,cny_pc,90,78,82,65,94,42,94,3.6,compiled,轮廓为 OSM admin_level=8，裁入既有天河区多边形，非民政原件。收入和学校等指标沿用所在区的公开数字，不是街道公报。人口按该区常住人口做面积分摊。,"Outline is OSM admin_level 8 clipped into the existing Tianhe polygon, not a civil-affairs original. Income and covariates are the parent district figures, not a street bulletin. Population is an area share of the district total."
osm9524334,guangzhou,五山街道,五山街道,94717,cny_pc,90,78,82,65,94,42,94,16.1,compiled,轮廓为 OSM admin_level=8，裁入既有天河区多边形，非民政原件。收入和学校等指标沿用所在区的公开数字，不是街道公报。人口按该区常住人口做面积分摊。,"Outline is OSM admin_level 8 clipped into the existing Tianhe polygon, not a civil-affairs original. Income and covariates are the parent district figures, not a street bulletin. Population is an area share of the district total."
osm9524340,guangzhou,石牌街道,石牌街道,94717,cny_pc,90,78,82,65,94,42,94,6.7,compiled,轮廓为 OSM admin_level=8，裁入既有天河区多边形，非民政原件。收入和学校等指标沿用所在区的公开数字，不是街道公报。人口按该区常住人口做面积分摊。,"Outline is OSM admin_level 8 clipped into the existing Tianhe polygon, not a civil-affairs original. Income and covariates are the parent district figures, not a street bulletin. Population is an area share of the district total."
osm9524337,guangzhou,棠下街道,棠下街道,94717,cny_pc,90,78,82,65,94,42,94,12.2,compiled,轮廓为 OSM admin_level=8，裁入既有天河区多边形，非民政原件。收入和学校等指标沿用所在区的公开数字，不是街道公报。人口按该区常住人口做面积分摊。,"Outline is OSM admin_level 8 clipped into the existing Tianhe polygon, not a civil-affairs original. Income and covariates are the parent district figures, not a street bulletin. Population is an area share of the district total."
osm9524343,guangzhou,天河南街道,天河南街道,94717,cny_pc,90,78,82,65,94,42,94,4.2,compiled,轮廓为 OSM admin_level=8，裁入既有天河区多边形，非民政原件。收入和学校等指标沿用所在区的公开数字，不是街道公报。人口按该区常住人口做面积分摊。,"Outline is OSM admin_level 8 clipped into the existing Tianhe polygon, not a civil-affairs original. Income and covariates are the parent district figures, not a street bulletin. Population is an area share of the district total."
osm9524338,guangzhou,天园街道,天园街道,94717,cny_pc,90,78,82,65,94,42,94,6.7,compiled,轮廓为 OSM admin_level=8，裁入既有天河区多边形，非民政原件。收入和学校等指标沿用所在区的公开数字，不是街道公报。人口按该区常住人口做面积分摊。,"Outline is OSM admin_level 8 clipped into the existing Tianhe polygon, not a civil-affairs original. Income and covariates are the parent district figures, not a street bulletin. Population is an area share of the district total."
osm9524351,guangzhou,新塘街道,新塘街道,94717,cny_pc,90,78,82,65,94,42,94,18.7,compiled,轮廓为 OSM admin_level=8，裁入既有天河区多边形，非民政原件。收入和学校等指标沿用所在区的公开数字，不是街道公报。人口按该区常住人口做面积分摊。,"Outline is OSM admin_level 8 clipped into the existing Tianhe polygon, not a civil-affairs original. Income and covariates are the parent district figures, not a street bulletin. Population is an area share of the district total."
osm9524339,guangzhou,员村街道,员村街道,94717,cny_pc,90,78,82,65,94,42,94,8.2,compiled,轮廓为 OSM admin_level=8，裁入既有天河区多边形，非民政原件。收入和学校等指标沿用所在区的公开数字，不是街道公报。人口按该区常住人口做面积分摊。,"Outline is OSM admin_level 8 clipped into the existing Tianhe polygon, not a civil-affairs original. Income and covariates are the parent district figures, not a street bulletin. Population is an area share of the district total."
osm9524342,guangzhou,冼村街道,冼村街道,94717,cny_pc,90,78,82,65,94,42,94,5.6,compiled,轮廓为 OSM admin_level=8，裁入既有天河区多边形，非民政原件。收入和学校等指标沿用所在区的公开数字，不是街道公报。人口按该区常住人口做面积分摊。,"Outline is OSM admin_level 8 clipped into the existing Tianhe polygon, not a civil-affairs original. Income and covariates are the parent district figures, not a street bulletin. Population is an area share of the district total."
osm9524352,guangzhou,珠吉街道,珠吉街道,94717,cny_pc,90,78,82,65,94,42,94,13.1,compiled,轮廓为 OSM admin_level=8，裁入既有天河区多边形，非民政原件。收入和学校等指标沿用所在区的公开数字，不是街道公报。人口按该区常住人口做面积分摊。,"Outline is OSM admin_level 8 clipped into the existing Tianhe polygon, not a civil-affairs original. Income and covariates are the parent district figures, not a street bulletin. Population is an area share of the district total."
osm9524349,guangzhou,龙洞街道,龙洞街道,94717,cny_pc,90,78,82,65,94,42,94,19.1,compiled,轮廓为 OSM admin_level=8，裁入既有天河区多边形，非民政原件。收入和学校等指标沿用所在区的公开数字，不是街道公报。人口按该区常住人口做面积分摊。,"Outline is OSM admin_level 8 clipped into the existing Tianhe polygon, not a civil-affairs original. Income and covariates are the parent district figures, not a street bulletin. Population is an area share of the district total."
osm9524350,guangzhou,凤凰街道,凤凰街道,94717,cny_pc,90,78,82,65,94,42,94,36.1,compiled,轮廓为 OSM admin_level=8，裁入既有天河区多边形，非民政原件。收入和学校等指标沿用所在区的公开数字，不是街道公报。人口按该区常住人口做面积分摊。,"Outline is OSM admin_level 8 clipped into the existing Tianhe polygon, not a civil-affairs original. Income and covariates are the parent district figures, not a street bulletin. Population is an area share of the district total."
osm9524336,guangzhou,黄村街道,黄村街道,94717,cny_pc,90,78,82,65,94,42,94,10.5,compiled,轮廓为 OSM admin_level=8，裁入既有天河区多边形，非民政原件。收入和学校等指标沿用所在区的公开数字，不是街道公报。人口按该区常住人口做面积分摊。,"Outline is OSM admin_level 8 clipped into the existing Tianhe polygon, not a civil-affairs original. Income and covariates are the parent district figures, not a street bulletin. Population is an area share of the district total."
osm9524345,guangzhou,沙河街道,沙河街道,94717,cny_pc,90,78,82,65,94,42,94,2.1,compiled,轮廓为 OSM admin_level=8，裁入既有天河区多边形，非民政原件。收入和学校等指标沿用所在区的公开数字，不是街道公报。人口按该区常住人口做面积分摊。,"Outline is OSM admin_level 8 clipped into the existing Tianhe polygon, not a civil-affairs original. Income and covariates are the parent district figures, not a street bulletin. Population is an area share of the district total."
osm9524341,guangzhou,猎德街道,猎德街道,94717,cny_pc,90,78,82,65,94,42,94,6.7,compiled,轮廓为 OSM admin_level=8，裁入既有天河区多边形，非民政原件。收入和学校等指标沿用所在区的公开数字，不是街道公报。人口按该区常住人口做面积分摊。,"Outline is OSM admin_level 8 clipped into the existing Tianhe polygon, not a civil-affairs original. Income and covariates are the parent district figures, not a street bulletin. Population is an area share of the district total."
osm9524348,guangzhou,元岗街道,元岗街道,94717,cny_pc,90,78,82,65,94,42,94,8.4,compiled,轮廓为 OSM admin_level=8，裁入既有天河区多边形，非民政原件。收入和学校等指标沿用所在区的公开数字，不是街道公报。人口按该区常住人口做面积分摊。,"Outline is OSM admin_level 8 clipped into the existing Tianhe polygon, not a civil-affairs original. Income and covariates are the parent district figures, not a street bulletin. Population is an area share of the district total."
osm9524333,guangzhou,长兴街道,长兴街道,94717,cny_pc,90,78,82,65,94,42,94,20.8,compiled,轮廓为 OSM admin_level=8，裁入既有天河区多边形，非民政原件。收入和学校等指标沿用所在区的公开数字，不是街道公报。人口按该区常住人口做面积分摊。,"Outline is OSM admin_level 8 clipped into the existing Tianhe polygon, not a civil-affairs original. Income and covariates are the parent district figures, not a street bulletin. Population is an area share of the district total."
osm9524335,guangzhou,车陂街道,Chebei Subdistrict,94717,cny_pc,90,78,82,65,94,42,94,9.7,compiled,轮廓为 OSM admin_level=8，裁入既有天河区多边形，非民政原件。收入和学校等指标沿用所在区的公开数字，不是街道公报。人口按该区常住人口做面积分摊。,"Outline is OSM admin_level 8 clipped into the existing Tianhe polygon, not a civil-affairs original. Income and covariates are the parent district figures, not a street bulletin. Population is an area share of the district total."
osm9524353,guangzhou,前进街道,Qianjin Subdistrict,94717,cny_pc,90,78,82,65,94,42,94,7.5,compiled,轮廓为 OSM admin_level=8，裁入既有天河区多边形，非民政原件。收入和学校等指标沿用所在区的公开数字，不是街道公报。人口按该区常住人口做面积分摊。,"Outline is OSM admin_level 8 clipped into the existing Tianhe polygon, not a civil-affairs original. Income and covariates are the parent district figures, not a street bulletin. Population is an area share of the district total."
osm9524344,guangzhou,林和街道,林和街道,94717,cny_pc,90,78,82,65,94,42,94,5.4,compiled,轮廓为 OSM admin_level=8，裁入既有天河区多边形，非民政原件。收入和学校等指标沿用所在区的公开数字，不是街道公报。人口按该区常住人口做面积分摊。,"Outline is OSM admin_level 8 clipped into the existing Tianhe polygon, not a civil-affairs original. Income and covariates are the parent district figures, not a street bulletin. Population is an area share of the district total."
osm12117389,guangzhou,三元里街道,三元里街道,81805,cny_pc,68,50,62,70,58,58,72,2.5,compiled,轮廓为 OSM admin_level=8，裁入既有白云区多边形，非民政原件。收入和学校等指标沿用所在区的公开数字，不是街道公报。人口按该区常住人口做面积分摊。,"Outline is OSM admin_level 8 clipped into the existing Baiyun polygon, not a civil-affairs original. Income and covariates are the parent district figures, not a street bulletin. Population is an area share of the district total."
osm12081317,guangzhou,松洲街道,松洲街道,81805,cny_pc,68,50,62,70,58,58,72,4.7,compiled,轮廓为 OSM admin_level=8，裁入既有白云区多边形，非民政原件。收入和学校等指标沿用所在区的公开数字，不是街道公报。人口按该区常住人口做面积分摊。,"Outline is OSM admin_level 8 clipped into the existing Baiyun polygon, not a civil-affairs original. Income and covariates are the parent district figures, not a street bulletin. Population is an area share of the district total."
osm12119018,guangzhou,景泰街道,景泰街道,81805,cny_pc,68,50,62,70,58,58,72,3.5,compiled,轮廓为 OSM admin_level=8，裁入既有白云区多边形，非民政原件。收入和学校等指标沿用所在区的公开数字，不是街道公报。人口按该区常住人口做面积分摊。,"Outline is OSM admin_level 8 clipped into the existing Baiyun polygon, not a civil-affairs original. Income and covariates are the parent district figures, not a street bulletin. Population is an area share of the district total."
osm12100060,guangzhou,同和街道,同和街道,81805,cny_pc,68,50,62,70,58,58,72,15.1,compiled,轮廓为 OSM admin_level=8，裁入既有白云区多边形，非民政原件。收入和学校等指标沿用所在区的公开数字，不是街道公报。人口按该区常住人口做面积分摊。,"Outline is OSM admin_level 8 clipped into the existing Baiyun polygon, not a civil-affairs original. Income and covariates are the parent district figures, not a street bulletin. Population is an area share of the district total."
osm12119019,guangzhou,黄石街道,黄石街道,81805,cny_pc,68,50,62,70,58,58,72,3.7,compiled,轮廓为 OSM admin_level=8，裁入既有白云区多边形，非民政原件。收入和学校等指标沿用所在区的公开数字，不是街道公报。人口按该区常住人口做面积分摊。,"Outline is OSM admin_level 8 clipped into the existing Baiyun polygon, not a civil-affairs original. Income and covariates are the parent district figures, not a street bulletin. Population is an area share of the district total."
osm12118986,guangzhou,棠景街道,棠景街道,81805,cny_pc,68,50,62,70,58,58,72,2.3,compiled,轮廓为 OSM admin_level=8，裁入既有白云区多边形，非民政原件。收入和学校等指标沿用所在区的公开数字，不是街道公报。人口按该区常住人口做面积分摊。,"Outline is OSM admin_level 8 clipped into the existing Baiyun polygon, not a civil-affairs original. Income and covariates are the parent district figures, not a street bulletin. Population is an area share of the district total."
osm12116887,guangzhou,新市街道,新市街道,81805,cny_pc,68,50,62,70,58,58,72,2.2,compiled,轮廓为 OSM admin_level=8，裁入既有白云区多边形，非民政原件。收入和学校等指标沿用所在区的公开数字，不是街道公报。人口按该区常住人口做面积分摊。,"Outline is OSM admin_level 8 clipped into the existing Baiyun polygon, not a civil-affairs original. Income and covariates are the parent district figures, not a street bulletin. Population is an area share of the district total."
osm12118987,guangzhou,同德街道,同德街道,81805,cny_pc,68,50,62,70,58,58,72,2.0,compiled,轮廓为 OSM admin_level=8，裁入既有白云区多边形，非民政原件。收入和学校等指标沿用所在区的公开数字，不是街道公报。人口按该区常住人口做面积分摊。,"Outline is OSM admin_level 8 clipped into the existing Baiyun polygon, not a civil-affairs original. Income and covariates are the parent district figures, not a street bulletin. Population is an area share of the district total."
osm12100079,guangzhou,京溪街道,京溪街道,81805,cny_pc,68,50,62,70,58,58,72,3.4,compiled,轮廓为 OSM admin_level=8，裁入既有白云区多边形，非民政原件。收入和学校等指标沿用所在区的公开数字，不是街道公报。人口按该区常住人口做面积分摊。,"Outline is OSM admin_level 8 clipped into the existing Baiyun polygon, not a civil-affairs original. Income and covariates are the parent district figures, not a street bulletin. Population is an area share of the district total."
osm12118988,guangzhou,永平街道,永平街道,81805,cny_pc,68,50,62,70,58,58,72,8.3,compiled,轮廓为 OSM admin_level=8，裁入既有白云区多边形，非民政原件。收入和学校等指标沿用所在区的公开数字，不是街道公报。人口按该区常住人口做面积分摊。,"Outline is OSM admin_level 8 clipped into the existing Baiyun polygon, not a civil-affairs original. Income and covariates are the parent district figures, not a street bulletin. Population is an area share of the district total."
osm12119030,guangzhou,嘉禾街道,嘉禾街道,81805,cny_pc,68,50,62,70,58,58,72,5.3,compiled,轮廓为 OSM admin_level=8，裁入既有白云区多边形，非民政原件。收入和学校等指标沿用所在区的公开数字，不是街道公报。人口按该区常住人口做面积分摊。,"Outline is OSM admin_level 8 clipped into the existing Baiyun polygon, not a civil-affairs original. Income and covariates are the parent district figures, not a street bulletin. Population is an area share of the district total."
osm12081318,guangzhou,金沙街道,金沙街道,81805,cny_pc,68,50,62,70,58,58,72,4.8,compiled,轮廓为 OSM admin_level=8，裁入既有白云区多边形，非民政原件。收入和学校等指标沿用所在区的公开数字，不是街道公报。人口按该区常住人口做面积分摊。,"Outline is OSM admin_level 8 clipped into the existing Baiyun polygon, not a civil-affairs original. Income and covariates are the parent district figures, not a street bulletin. Population is an area share of the district total."
osm12081357,guangzhou,石井街道,石井街道,81805,cny_pc,68,50,62,70,58,58,72,6.1,compiled,轮廓为 OSM admin_level=8，裁入既有白云区多边形，非民政原件。收入和学校等指标沿用所在区的公开数字，不是街道公报。人口按该区常住人口做面积分摊。,"Outline is OSM admin_level 8 clipped into the existing Baiyun polygon, not a civil-affairs original. Income and covariates are the parent district figures, not a street bulletin. Population is an area share of the district total."
osm12086619,guangzhou,均禾街道,均禾街道,81805,cny_pc,68,50,62,70,58,58,72,7.7,compiled,轮廓为 OSM admin_level=8，裁入既有白云区多边形，非民政原件。收入和学校等指标沿用所在区的公开数字，不是街道公报。人口按该区常住人口做面积分摊。,"Outline is OSM admin_level 8 clipped into the existing Baiyun polygon, not a civil-affairs original. Income and covariates are the parent district figures, not a street bulletin. Population is an area share of the district total."
osm12127342,guangzhou,云城街道,云城街道,81805,cny_pc,68,50,62,70,58,58,72,2.3,compiled,轮廓为 OSM admin_level=8，裁入既有白云区多边形，非民政原件。收入和学校等指标沿用所在区的公开数字，不是街道公报。人口按该区常住人口做面积分摊。,"Outline is OSM admin_level 8 clipped into the existing Baiyun polygon, not a civil-affairs original. Income and covariates are the parent district figures, not a street bulletin. Population is an area share of the district total."
osm17473680,guangzhou,鹤龙街道,鹤龙街道,81805,cny_pc,68,50,62,70,58,58,72,3.4,compiled,轮廓为 OSM admin_level=8，裁入既有白云区多边形，非民政原件。收入和学校等指标沿用所在区的公开数字，不是街道公报。人口按该区常住人口做面积分摊。,"Outline is OSM admin_level 8 clipped into the existing Baiyun polygon, not a civil-affairs original. Income and covariates are the parent district figures, not a street bulletin. Population is an area share of the district total."
osm16507752,guangzhou,白云湖街道,Baiyunhu,81805,cny_pc,68,50,62,70,58,58,72,10.0,compiled,轮廓为 OSM admin_level=8，裁入既有白云区多边形，非民政原件。收入和学校等指标沿用所在区的公开数字，不是街道公报。人口按该区常住人口做面积分摊。,"Outline is OSM admin_level 8 clipped into the existing Baiyun polygon, not a civil-affairs original. Income and covariates are the parent district figures, not a street bulletin. Population is an area share of the district total."
osm16507751,guangzhou,石门街道,Shimen,81805,cny_pc,68,50,62,70,58,58,72,11.2,compiled,轮廓为 OSM admin_level=8，裁入既有白云区多边形，非民政原件。收入和学校等指标沿用所在区的公开数字，不是街道公报。人口按该区常住人口做面积分摊。,"Outline is OSM admin_level 8 clipped into the existing Baiyun polygon, not a civil-affairs original. Income and covariates are the parent district figures, not a street bulletin. Population is an area share of the district total."
osm12119763,guangzhou,龙归街道,龙归街道,81805,cny_pc,68,50,62,70,58,58,72,15.3,compiled,轮廓为 OSM admin_level=8，裁入既有白云区多边形，非民政原件。收入和学校等指标沿用所在区的公开数字，不是街道公报。人口按该区常住人口做面积分摊。,"Outline is OSM admin_level 8 clipped into the existing Baiyun polygon, not a civil-affairs original. Income and covariates are the parent district figures, not a street bulletin. Population is an area share of the district total."
osm12119764,guangzhou,大源街道,大源街道,81805,cny_pc,68,50,62,70,58,58,72,15.6,compiled,轮廓为 OSM admin_level=8，裁入既有白云区多边形，非民政原件。收入和学校等指标沿用所在区的公开数字，不是街道公报。人口按该区常住人口做面积分摊。,"Outline is OSM admin_level 8 clipped into the existing Baiyun polygon, not a civil-affairs original. Income and covariates are the parent district figures, not a street bulletin. Population is an area share of the district total."
osm12098773,guangzhou,人和镇,人和镇,81805,cny_pc,68,50,62,70,58,58,72,41.2,compiled,轮廓为 OSM admin_level=8，裁入既有白云区多边形，非民政原件。收入和学校等指标沿用所在区的公开数字，不是街道公报。人口按该区常住人口做面积分摊。,"Outline is OSM admin_level 8 clipped into the existing Baiyun polygon, not a civil-affairs original. Income and covariates are the parent district figures, not a street bulletin. Population is an area share of the district total."
osm12099807,guangzhou,太和镇,太和镇,81805,cny_pc,68,50,62,70,58,58,72,54.5,compiled,轮廓为 OSM admin_level=8，裁入既有白云区多边形，非民政原件。收入和学校等指标沿用所在区的公开数字，不是街道公报。人口按该区常住人口做面积分摊。,"Outline is OSM admin_level 8 clipped into the existing Baiyun polygon, not a civil-affairs original. Income and covariates are the parent district figures, not a street bulletin. Population is an area share of the district total."
osm12119020,guangzhou,钟落潭镇,钟落潭镇,81805,cny_pc,68,50,62,70,58,58,72,92.4,compiled,轮廓为 OSM admin_level=8，裁入既有白云区多边形，非民政原件。收入和学校等指标沿用所在区的公开数字，不是街道公报。人口按该区常住人口做面积分摊。,"Outline is OSM admin_level 8 clipped into the existing Baiyun polygon, not a civil-affairs original. Income and covariates are the parent district figures, not a street bulletin. Population is an area share of the district total."
osm12098780,guangzhou,江高镇,江高镇,81805,cny_pc,68,50,62,70,58,58,72,53.6,compiled,轮廓为 OSM admin_level=8，裁入既有白云区多边形，非民政原件。收入和学校等指标沿用所在区的公开数字，不是街道公报。人口按该区常住人口做面积分摊。,"Outline is OSM admin_level 8 clipped into the existing Baiyun polygon, not a civil-affairs original. Income and covariates are the parent district figures, not a street bulletin. Population is an area share of the district total."
osm9695295,guangzhou,龙湖街道,Longhu Subdistrict,86784,cny_pc,80,72,70,66,82,52,78,12.4,compiled,轮廓为 OSM admin_level=8，裁入既有黄埔区多边形，非民政原件。收入和学校等指标沿用所在区的公开数字，不是街道公报。人口按该区常住人口做面积分摊。,"Outline is OSM admin_level 8 clipped into the existing Huangpu GZ polygon, not a civil-affairs original. Income and covariates are the parent district figures, not a street bulletin. Population is an area share of the district total."
osm9695293,guangzhou,萝岗街道,Luogang Subdistrict,86784,cny_pc,80,72,70,66,82,52,78,5.7,compiled,轮廓为 OSM admin_level=8，裁入既有黄埔区多边形，非民政原件。收入和学校等指标沿用所在区的公开数字，不是街道公报。人口按该区常住人口做面积分摊。,"Outline is OSM admin_level 8 clipped into the existing Huangpu GZ polygon, not a civil-affairs original. Income and covariates are the parent district figures, not a street bulletin. Population is an area share of the district total."
osm9695292,guangzhou,联和街道,Lianhe Subdistrict,86784,cny_pc,80,72,70,66,82,52,78,13.3,compiled,轮廓为 OSM admin_level=8，裁入既有黄埔区多边形，非民政原件。收入和学校等指标沿用所在区的公开数字，不是街道公报。人口按该区常住人口做面积分摊。,"Outline is OSM admin_level 8 clipped into the existing Huangpu GZ polygon, not a civil-affairs original. Income and covariates are the parent district figures, not a street bulletin. Population is an area share of the district total."
osm9695291,guangzhou,大沙街道,Dasha Subdistrict,86784,cny_pc,80,72,70,66,82,52,78,3.3,compiled,轮廓为 OSM admin_level=8，裁入既有黄埔区多边形，非民政原件。收入和学校等指标沿用所在区的公开数字，不是街道公报。人口按该区常住人口做面积分摊。,"Outline is OSM admin_level 8 clipped into the existing Huangpu GZ polygon, not a civil-affairs original. Income and covariates are the parent district figures, not a street bulletin. Population is an area share of the district total."
osm9695290,guangzhou,鱼珠街道,Yuzhu Subdistrict,86784,cny_pc,80,72,70,66,82,52,78,2.3,compiled,轮廓为 OSM admin_level=8，裁入既有黄埔区多边形，非民政原件。收入和学校等指标沿用所在区的公开数字，不是街道公报。人口按该区常住人口做面积分摊。,"Outline is OSM admin_level 8 clipped into the existing Huangpu GZ polygon, not a civil-affairs original. Income and covariates are the parent district figures, not a street bulletin. Population is an area share of the district total."
osm9695289,guangzhou,黄埔街道,Huangpu Subdistrict,86784,cny_pc,80,72,70,66,82,52,78,1.9,compiled,轮廓为 OSM admin_level=8，裁入既有黄埔区多边形，非民政原件。收入和学校等指标沿用所在区的公开数字，不是街道公报。人口按该区常住人口做面积分摊。,"Outline is OSM admin_level 8 clipped into the existing Huangpu GZ polygon, not a civil-affairs original. Income and covariates are the parent district figures, not a street bulletin. Population is an area share of the district total."
osm9695288,guangzhou,文冲街道,Wenchong Subdistrict,86784,cny_pc,80,72,70,66,82,52,78,2.7,compiled,轮廓为 OSM admin_level=8，裁入既有黄埔区多边形，非民政原件。收入和学校等指标沿用所在区的公开数字，不是街道公报。人口按该区常住人口做面积分摊。,"Outline is OSM admin_level 8 clipped into the existing Huangpu GZ polygon, not a civil-affairs original. Income and covariates are the parent district figures, not a street bulletin. Population is an area share of the district total."
osm9695287,guangzhou,红山街道,Hongshan Subdistrict,86784,cny_pc,80,72,70,66,82,52,78,2.2,compiled,轮廓为 OSM admin_level=8，裁入既有黄埔区多边形，非民政原件。收入和学校等指标沿用所在区的公开数字，不是街道公报。人口按该区常住人口做面积分摊。,"Outline is OSM admin_level 8 clipped into the existing Huangpu GZ polygon, not a civil-affairs original. Income and covariates are the parent district figures, not a street bulletin. Population is an area share of the district total."
osm9695286,guangzhou,穗东街道,Suidong Subdistrict,86784,cny_pc,80,72,70,66,82,52,78,3.2,compiled,轮廓为 OSM admin_level=8，裁入既有黄埔区多边形，非民政原件。收入和学校等指标沿用所在区的公开数字，不是街道公报。人口按该区常住人口做面积分摊。,"Outline is OSM admin_level 8 clipped into the existing Huangpu GZ polygon, not a civil-affairs original. Income and covariates are the parent district figures, not a street bulletin. Population is an area share of the district total."
osm9695285,guangzhou,夏港街道,Xiagang Subdistrict,86784,cny_pc,80,72,70,66,82,52,78,3.9,compiled,轮廓为 OSM admin_level=8，裁入既有黄埔区多边形，非民政原件。收入和学校等指标沿用所在区的公开数字，不是街道公报。人口按该区常住人口做面积分摊。,"Outline is OSM admin_level 8 clipped into the existing Huangpu GZ polygon, not a civil-affairs original. Income and covariates are the parent district figures, not a street bulletin. Population is an area share of the district total."
osm9695284,guangzhou,南岗街道,Nangang Subdistrict,86784,cny_pc,80,72,70,66,82,52,78,3.2,compiled,轮廓为 OSM admin_level=8，裁入既有黄埔区多边形，非民政原件。收入和学校等指标沿用所在区的公开数字，不是街道公报。人口按该区常住人口做面积分摊。,"Outline is OSM admin_level 8 clipped into the existing Huangpu GZ polygon, not a civil-affairs original. Income and covariates are the parent district figures, not a street bulletin. Population is an area share of the district total."
osm9695294,guangzhou,永和街道,Yonghe Subdistrict,86784,cny_pc,80,72,70,66,82,52,78,8.7,compiled,轮廓为 OSM admin_level=8，裁入既有黄埔区多边形，非民政原件。收入和学校等指标沿用所在区的公开数字，不是街道公报。人口按该区常住人口做面积分摊。,"Outline is OSM admin_level 8 clipped into the existing Huangpu GZ polygon, not a civil-affairs original. Income and covariates are the parent district figures, not a street bulletin. Population is an area share of the district total."
osm17473875,guangzhou,长岭街道,长岭街道,86784,cny_pc,80,72,70,66,82,52,78,14.0,compiled,轮廓为 OSM admin_level=8，裁入既有黄埔区多边形，非民政原件。收入和学校等指标沿用所在区的公开数字，不是街道公报。人口按该区常住人口做面积分摊。,"Outline is OSM admin_level 8 clipped into the existing Huangpu GZ polygon, not a civil-affairs original. Income and covariates are the parent district figures, not a street bulletin. Population is an area share of the district total."
osm9695282,guangzhou,云埔街道,Yunpu Subdistrict,86784,cny_pc,80,72,70,66,82,52,78,11.9,compiled,轮廓为 OSM admin_level=8，裁入既有黄埔区多边形，非民政原件。收入和学校等指标沿用所在区的公开数字，不是街道公报。人口按该区常住人口做面积分摊。,"Outline is OSM admin_level 8 clipped into the existing Huangpu GZ polygon, not a civil-affairs original. Income and covariates are the parent district figures, not a street bulletin. Population is an area share of the district total."
osm9695281,guangzhou,长洲街道,Changzhou Sub-District,86784,cny_pc,80,72,70,66,82,52,78,3.2,compiled,轮廓为 OSM admin_level=8，裁入既有黄埔区多边形，非民政原件。收入和学校等指标沿用所在区的公开数字，不是街道公报。人口按该区常住人口做面积分摊。,"Outline is OSM admin_level 8 clipped into the existing Huangpu GZ polygon, not a civil-affairs original. Income and covariates are the parent district figures, not a street bulletin. Population is an area share of the district total."
osm17459912,guangzhou,九佛街道,九佛街道,86784,cny_pc,80,72,70,66,82,52,78,14.6,compiled,轮廓为 OSM admin_level=8，裁入既有黄埔区多边形，非民政原件。收入和学校等指标沿用所在区的公开数字，不是街道公报。人口按该区常住人口做面积分摊。,"Outline is OSM admin_level 8 clipped into the existing Huangpu GZ polygon, not a civil-affairs original. Income and covariates are the parent district figures, not a street bulletin. Population is an area share of the district total."
osm17459523,guangzhou,新龙镇,新龙镇,86784,cny_pc,80,72,70,66,82,52,78,19.9,compiled,轮廓为 OSM admin_level=8，裁入既有黄埔区多边形，非民政原件。收入和学校等指标沿用所在区的公开数字，不是街道公报。人口按该区常住人口做面积分摊。,"Outline is OSM admin_level 8 clipped into the existing Huangpu GZ polygon, not a civil-affairs original. Income and covariates are the parent district figures, not a street bulletin. Population is an area share of the district total."
osm9463947,guangzhou,小谷围街道,Xiaoguwei Sub-District,76705,cny_pc,76,65,66,72,60,58,70,11.9,compiled,轮廓为 OSM admin_level=8，裁入既有番禺区多边形，非民政原件。收入和学校等指标沿用所在区的公开数字，不是街道公报。人口按该区常住人口做面积分摊。,"Outline is OSM admin_level 8 clipped into the existing Panyu polygon, not a civil-affairs original. Income and covariates are the parent district figures, not a street bulletin. Population is an area share of the district total."
osm9463946,guangzhou,洛浦街道,Luopu Sub-District,76705,cny_pc,76,65,66,72,60,58,70,13.7,compiled,轮廓为 OSM admin_level=8，裁入既有番禺区多边形，非民政原件。收入和学校等指标沿用所在区的公开数字，不是街道公报。人口按该区常住人口做面积分摊。,"Outline is OSM admin_level 8 clipped into the existing Panyu polygon, not a civil-affairs original. Income and covariates are the parent district figures, not a street bulletin. Population is an area share of the district total."
osm11996533,guangzhou,桥南街道,Qiaonan Subdistrict,76705,cny_pc,76,65,66,72,60,58,70,9.9,compiled,轮廓为 OSM admin_level=8，裁入既有番禺区多边形，非民政原件。收入和学校等指标沿用所在区的公开数字，不是街道公报。人口按该区常住人口做面积分摊。,"Outline is OSM admin_level 8 clipped into the existing Panyu polygon, not a civil-affairs original. Income and covariates are the parent district figures, not a street bulletin. Population is an area share of the district total."
osm12032052,guangzhou,沙头街道,Shatou Subdistrict,76705,cny_pc,76,65,66,72,60,58,70,10.2,compiled,轮廓为 OSM admin_level=8，裁入既有番禺区多边形，非民政原件。收入和学校等指标沿用所在区的公开数字，不是街道公报。人口按该区常住人口做面积分摊。,"Outline is OSM admin_level 8 clipped into the existing Panyu polygon, not a civil-affairs original. Income and covariates are the parent district figures, not a street bulletin. Population is an area share of the district total."
osm12031258,guangzhou,市桥街道,Shiqiao Subdistrict,76705,cny_pc,76,65,66,72,60,58,70,5.6,compiled,轮廓为 OSM admin_level=8，裁入既有番禺区多边形，非民政原件。收入和学校等指标沿用所在区的公开数字，不是街道公报。人口按该区常住人口做面积分摊。,"Outline is OSM admin_level 8 clipped into the existing Panyu polygon, not a civil-affairs original. Income and covariates are the parent district figures, not a street bulletin. Population is an area share of the district total."
osm12032277,guangzhou,沙湾街道,Shawan Subdistrict,76705,cny_pc,76,65,66,72,60,58,70,19.3,compiled,轮廓为 OSM admin_level=8，裁入既有番禺区多边形，非民政原件。收入和学校等指标沿用所在区的公开数字，不是街道公报。人口按该区常住人口做面积分摊。,"Outline is OSM admin_level 8 clipped into the existing Panyu polygon, not a civil-affairs original. Income and covariates are the parent district figures, not a street bulletin. Population is an area share of the district total."
osm12034493,guangzhou,钟村街道,Zhongcun Subdistrict,76705,cny_pc,76,65,66,72,60,58,70,12.9,compiled,轮廓为 OSM admin_level=8，裁入既有番禺区多边形，非民政原件。收入和学校等指标沿用所在区的公开数字，不是街道公报。人口按该区常住人口做面积分摊。,"Outline is OSM admin_level 8 clipped into the existing Panyu polygon, not a civil-affairs original. Income and covariates are the parent district figures, not a street bulletin. Population is an area share of the district total."
osm12033891,guangzhou,大龙街道,Dalong Subdistrict,76705,cny_pc,76,65,66,72,60,58,70,13.6,compiled,轮廓为 OSM admin_level=8，裁入既有番禺区多边形，非民政原件。收入和学校等指标沿用所在区的公开数字，不是街道公报。人口按该区常住人口做面积分摊。,"Outline is OSM admin_level 8 clipped into the existing Panyu polygon, not a civil-affairs original. Income and covariates are the parent district figures, not a street bulletin. Population is an area share of the district total."
osm12042955,guangzhou,大石街道,Dashi Subdistrict,76705,cny_pc,76,65,66,72,60,58,70,10.7,compiled,轮廓为 OSM admin_level=8，裁入既有番禺区多边形，非民政原件。收入和学校等指标沿用所在区的公开数字，不是街道公报。人口按该区常住人口做面积分摊。,"Outline is OSM admin_level 8 clipped into the existing Panyu polygon, not a civil-affairs original. Income and covariates are the parent district figures, not a street bulletin. Population is an area share of the district total."
osm12045940,guangzhou,石壁街道,Shibi Subdistrict,76705,cny_pc,76,65,66,72,60,58,70,14.1,compiled,轮廓为 OSM admin_level=8，裁入既有番禺区多边形，非民政原件。收入和学校等指标沿用所在区的公开数字，不是街道公报。人口按该区常住人口做面积分摊。,"Outline is OSM admin_level 8 clipped into the existing Panyu polygon, not a civil-affairs original. Income and covariates are the parent district figures, not a street bulletin. Population is an area share of the district total."
osm12033869,guangzhou,东环街道,Donghuan Subdistrict,76705,cny_pc,76,65,66,72,60,58,70,6.3,compiled,轮廓为 OSM admin_level=8，裁入既有番禺区多边形，非民政原件。收入和学校等指标沿用所在区的公开数字，不是街道公报。人口按该区常住人口做面积分摊。,"Outline is OSM admin_level 8 clipped into the existing Panyu polygon, not a civil-affairs original. Income and covariates are the parent district figures, not a street bulletin. Population is an area share of the district total."
osm12034602,guangzhou,南村镇,Nancun Town,76705,cny_pc,76,65,66,72,60,58,70,24.2,compiled,轮廓为 OSM admin_level=8，裁入既有番禺区多边形，非民政原件。收入和学校等指标沿用所在区的公开数字，不是街道公报。人口按该区常住人口做面积分摊。,"Outline is OSM admin_level 8 clipped into the existing Panyu polygon, not a civil-affairs original. Income and covariates are the parent district figures, not a street bulletin. Population is an area share of the district total."
osm12045937,guangzhou,石楼镇,Shilou,76705,cny_pc,76,65,66,72,60,58,70,62.9,compiled,轮廓为 OSM admin_level=8，裁入既有番禺区多边形，非民政原件。收入和学校等指标沿用所在区的公开数字，不是街道公报。人口按该区常住人口做面积分摊。,"Outline is OSM admin_level 8 clipped into the existing Panyu polygon, not a civil-affairs original. Income and covariates are the parent district figures, not a street bulletin. Population is an area share of the district total."
osm12043044,guangzhou,新造镇,Xinzao Town,76705,cny_pc,76,65,66,72,60,58,70,7.5,compiled,轮廓为 OSM admin_level=8，裁入既有番禺区多边形，非民政原件。收入和学校等指标沿用所在区的公开数字，不是街道公报。人口按该区常住人口做面积分摊。,"Outline is OSM admin_level 8 clipped into the existing Panyu polygon, not a civil-affairs original. Income and covariates are the parent district figures, not a street bulletin. Population is an area share of the district total."
osm12043253,guangzhou,化龙镇,Hualong Town,76705,cny_pc,76,65,66,72,60,58,70,29.7,compiled,轮廓为 OSM admin_level=8，裁入既有番禺区多边形，非民政原件。收入和学校等指标沿用所在区的公开数字，不是街道公报。人口按该区常住人口做面积分摊。,"Outline is OSM admin_level 8 clipped into the existing Panyu polygon, not a civil-affairs original. Income and covariates are the parent district figures, not a street bulletin. Population is an area share of the district total."
osm12037949,guangzhou,石碁镇,Shiqi,76705,cny_pc,76,65,66,72,60,58,70,25.7,compiled,轮廓为 OSM admin_level=8，裁入既有番禺区多边形，非民政原件。收入和学校等指标沿用所在区的公开数字，不是街道公报。人口按该区常住人口做面积分摊。,"Outline is OSM admin_level 8 clipped into the existing Panyu polygon, not a civil-affairs original. Income and covariates are the parent district figures, not a street bulletin. Population is an area share of the district total."
osm12162668,guangzhou,新华街道,Xinhua Subdistrict,67774,cny_pc,60,40,56,64,48,60,58,4.3,compiled,轮廓为 OSM admin_level=8，裁入既有花都区多边形，非民政原件。收入和学校等指标沿用所在区的公开数字，不是街道公报。人口按该区常住人口做面积分摊。,"Outline is OSM admin_level 8 clipped into the existing Huadu polygon, not a civil-affairs original. Income and covariates are the parent district figures, not a street bulletin. Population is an area share of the district total."
osm12162667,guangzhou,新雅街道,Xinya Subdistrict,67774,cny_pc,60,40,56,64,48,60,58,5.6,compiled,轮廓为 OSM admin_level=8，裁入既有花都区多边形，非民政原件。收入和学校等指标沿用所在区的公开数字，不是街道公报。人口按该区常住人口做面积分摊。,"Outline is OSM admin_level 8 clipped into the existing Huadu polygon, not a civil-affairs original. Income and covariates are the parent district figures, not a street bulletin. Population is an area share of the district total."
osm17472389,guangzhou,秀全街道,秀全街道,67774,cny_pc,60,40,56,64,48,60,58,8.5,compiled,轮廓为 OSM admin_level=8，裁入既有花都区多边形，非民政原件。收入和学校等指标沿用所在区的公开数字，不是街道公报。人口按该区常住人口做面积分摊。,"Outline is OSM admin_level 8 clipped into the existing Huadu polygon, not a civil-affairs original. Income and covariates are the parent district figures, not a street bulletin. Population is an area share of the district total."
osm12162700,guangzhou,梯面镇,Timian,67774,cny_pc,60,40,56,64,48,60,58,15.5,compiled,轮廓为 OSM admin_level=8，裁入既有花都区多边形，非民政原件。收入和学校等指标沿用所在区的公开数字，不是街道公报。人口按该区常住人口做面积分摊。,"Outline is OSM admin_level 8 clipped into the existing Huadu polygon, not a civil-affairs original. Income and covariates are the parent district figures, not a street bulletin. Population is an area share of the district total."
osm12305340,guangzhou,花山镇,Huashan,67774,cny_pc,60,40,56,64,48,60,58,25.0,compiled,轮廓为 OSM admin_level=8，裁入既有花都区多边形，非民政原件。收入和学校等指标沿用所在区的公开数字，不是街道公报。人口按该区常住人口做面积分摊。,"Outline is OSM admin_level 8 clipped into the existing Huadu polygon, not a civil-affairs original. Income and covariates are the parent district figures, not a street bulletin. Population is an area share of the district total."
osm12305339,guangzhou,花东镇,Huadong,67774,cny_pc,60,40,56,64,48,60,58,36.4,compiled,轮廓为 OSM admin_level=8，裁入既有花都区多边形，非民政原件。收入和学校等指标沿用所在区的公开数字，不是街道公报。人口按该区常住人口做面积分摊。,"Outline is OSM admin_level 8 clipped into the existing Huadu polygon, not a civil-affairs original. Income and covariates are the parent district figures, not a street bulletin. Population is an area share of the district total."
osm12153669,guangzhou,炭步镇,Tanbu,67774,cny_pc,60,40,56,64,48,60,58,19.2,compiled,轮廓为 OSM admin_level=8，裁入既有花都区多边形，非民政原件。收入和学校等指标沿用所在区的公开数字，不是街道公报。人口按该区常住人口做面积分摊。,"Outline is OSM admin_level 8 clipped into the existing Huadu polygon, not a civil-affairs original. Income and covariates are the parent district figures, not a street bulletin. Population is an area share of the district total."
osm12162670,guangzhou,赤坭镇,Chini,67774,cny_pc,60,40,56,64,48,60,58,27.2,compiled,轮廓为 OSM admin_level=8，裁入既有花都区多边形，非民政原件。收入和学校等指标沿用所在区的公开数字，不是街道公报。人口按该区常住人口做面积分摊。,"Outline is OSM admin_level 8 clipped into the existing Huadu polygon, not a civil-affairs original. Income and covariates are the parent district figures, not a street bulletin. Population is an area share of the district total."
osm12162669,guangzhou,狮岭镇,Shiling,67774,cny_pc,60,40,56,64,48,60,58,22.9,compiled,轮廓为 OSM admin_level=8，裁入既有花都区多边形，非民政原件。收入和学校等指标沿用所在区的公开数字，不是街道公报。人口按该区常住人口做面积分摊。,"Outline is OSM admin_level 8 clipped into the existing Huadu polygon, not a civil-affairs original. Income and covariates are the parent district figures, not a street bulletin. Population is an area share of the district total."
osm9463940,guangzhou,南沙街道,Nansha Subdistrict,67288,cny_pc,64,48,58,68,62,62,60,4.8,compiled,轮廓为 OSM admin_level=8，裁入既有南沙区多边形，非民政原件。收入和学校等指标沿用所在区的公开数字，不是街道公报。人口按该区常住人口做面积分摊。,"Outline is OSM admin_level 8 clipped into the existing Nansha polygon, not a civil-affairs original. Income and covariates are the parent district figures, not a street bulletin. Population is an area share of the district total."
osm9463938,guangzhou,珠江街道,Zhujiang Subdistrict,67288,cny_pc,64,48,58,68,62,62,60,4.4,compiled,轮廓为 OSM admin_level=8，裁入既有南沙区多边形，非民政原件。收入和学校等指标沿用所在区的公开数字，不是街道公报。人口按该区常住人口做面积分摊。,"Outline is OSM admin_level 8 clipped into the existing Nansha polygon, not a civil-affairs original. Income and covariates are the parent district figures, not a street bulletin. Population is an area share of the district total."
osm9463939,guangzhou,龙穴街道,Longxue Subdistrict,67288,cny_pc,64,48,58,68,62,62,60,15.9,compiled,轮廓为 OSM admin_level=8，裁入既有南沙区多边形，非民政原件。收入和学校等指标沿用所在区的公开数字，不是街道公报。人口按该区常住人口做面积分摊。,"Outline is OSM admin_level 8 clipped into the existing Nansha polygon, not a civil-affairs original. Income and covariates are the parent district figures, not a street bulletin. Population is an area share of the district total."
osm18922749,guangzhou,港湾街道,Gangwan,67288,cny_pc,64,48,58,68,62,62,60,6.0,compiled,轮廓为 OSM admin_level=8，裁入既有南沙区多边形，非民政原件。收入和学校等指标沿用所在区的公开数字，不是街道公报。人口按该区常住人口做面积分摊。,"Outline is OSM admin_level 8 clipped into the existing Nansha polygon, not a civil-affairs original. Income and covariates are the parent district figures, not a street bulletin. Population is an area share of the district total."
osm9463941,guangzhou,横沥镇,Hengli,67288,cny_pc,64,48,58,68,62,62,60,5.8,compiled,轮廓为 OSM admin_level=8，裁入既有南沙区多边形，非民政原件。收入和学校等指标沿用所在区的公开数字，不是街道公报。人口按该区常住人口做面积分摊。,"Outline is OSM admin_level 8 clipped into the existing Nansha polygon, not a civil-affairs original. Income and covariates are the parent district figures, not a street bulletin. Population is an area share of the district total."
osm9463937,guangzhou,万顷沙镇,Wanqingsha,67288,cny_pc,64,48,58,68,62,62,60,19.1,compiled,轮廓为 OSM admin_level=8，裁入既有南沙区多边形，非民政原件。收入和学校等指标沿用所在区的公开数字，不是街道公报。人口按该区常住人口做面积分摊。,"Outline is OSM admin_level 8 clipped into the existing Nansha polygon, not a civil-affairs original. Income and covariates are the parent district figures, not a street bulletin. Population is an area share of the district total."
osm9463942,guangzhou,黄阁镇,Huangge,67288,cny_pc,64,48,58,68,62,62,60,6.4,compiled,轮廓为 OSM admin_level=8，裁入既有南沙区多边形，非民政原件。收入和学校等指标沿用所在区的公开数字，不是街道公报。人口按该区常住人口做面积分摊。,"Outline is OSM admin_level 8 clipped into the existing Nansha polygon, not a civil-affairs original. Income and covariates are the parent district figures, not a street bulletin. Population is an area share of the district total."
osm9463945,guangzhou,东涌镇,Dongchong,67288,cny_pc,64,48,58,68,62,62,60,9.6,compiled,轮廓为 OSM admin_level=8，裁入既有南沙区多边形，非民政原件。收入和学校等指标沿用所在区的公开数字，不是街道公报。人口按该区常住人口做面积分摊。,"Outline is OSM admin_level 8 clipped into the existing Nansha polygon, not a civil-affairs original. Income and covariates are the parent district figures, not a street bulletin. Population is an area share of the district total."
osm9463943,guangzhou,大岗镇,Dagang,67288,cny_pc,64,48,58,68,62,62,60,9.7,compiled,轮廓为 OSM admin_level=8，裁入既有南沙区多边形，非民政原件。收入和学校等指标沿用所在区的公开数字，不是街道公报。人口按该区常住人口做面积分摊。,"Outline is OSM admin_level 8 clipped into the existing Nansha polygon, not a civil-affairs original. Income and covariates are the parent district figures, not a street bulletin. Population is an area share of the district total."
osm9463944,guangzhou,榄核镇,Lanhe,67288,cny_pc,64,48,58,68,62,62,60,7.9,compiled,轮廓为 OSM admin_level=8，裁入既有南沙区多边形，非民政原件。收入和学校等指标沿用所在区的公开数字，不是街道公报。人口按该区常住人口做面积分摊。,"Outline is OSM admin_level 8 clipped into the existing Nansha polygon, not a civil-affairs original. Income and covariates are the parent district figures, not a street bulletin. Population is an area share of the district total."
osm12351237,guangzhou,街口街道,街口街道,53160,cny_pc,50,32,46,58,30,62,38,0.8,compiled,轮廓为 OSM admin_level=8，裁入既有从化区多边形，非民政原件。收入和学校等指标沿用所在区的公开数字，不是街道公报。人口按该区常住人口做面积分摊。,"Outline is OSM admin_level 8 clipped into the existing Conghua polygon, not a civil-affairs original. Income and covariates are the parent district figures, not a street bulletin. Population is an area share of the district total."
osm17458247,guangzhou,城郊街道,城郊街道,53160,cny_pc,50,32,46,58,30,62,38,4.9,compiled,轮廓为 OSM admin_level=8，裁入既有从化区多边形，非民政原件。收入和学校等指标沿用所在区的公开数字，不是街道公报。人口按该区常住人口做面积分摊。,"Outline is OSM admin_level 8 clipped into the existing Conghua polygon, not a civil-affairs original. Income and covariates are the parent district figures, not a street bulletin. Population is an area share of the district total."
osm12351152,guangzhou,江埔街道,江埔街道,53160,cny_pc,50,32,46,58,30,62,38,4.4,compiled,轮廓为 OSM admin_level=8，裁入既有从化区多边形，非民政原件。收入和学校等指标沿用所在区的公开数字，不是街道公报。人口按该区常住人口做面积分摊。,"Outline is OSM admin_level 8 clipped into the existing Conghua polygon, not a civil-affairs original. Income and covariates are the parent district figures, not a street bulletin. Population is an area share of the district total."
osm17458248,guangzhou,温泉镇,温泉镇,53160,cny_pc,50,32,46,58,30,62,38,7.7,compiled,轮廓为 OSM admin_level=8，裁入既有从化区多边形，非民政原件。收入和学校等指标沿用所在区的公开数字，不是街道公报。人口按该区常住人口做面积分摊。,"Outline is OSM admin_level 8 clipped into the existing Conghua polygon, not a civil-affairs original. Income and covariates are the parent district figures, not a street bulletin. Population is an area share of the district total."
osm17458344,guangzhou,良口镇,良口镇,53160,cny_pc,50,32,46,58,30,62,38,19.4,compiled,轮廓为 OSM admin_level=8，裁入既有从化区多边形，非民政原件。收入和学校等指标沿用所在区的公开数字，不是街道公报。人口按该区常住人口做面积分摊。,"Outline is OSM admin_level 8 clipped into the existing Conghua polygon, not a civil-affairs original. Income and covariates are the parent district figures, not a street bulletin. Population is an area share of the district total."
osm17458433,guangzhou,吕田镇,吕田镇,53160,cny_pc,50,32,46,58,30,62,38,14.3,compiled,轮廓为 OSM admin_level=8，裁入既有从化区多边形，非民政原件。收入和学校等指标沿用所在区的公开数字，不是街道公报。人口按该区常住人口做面积分摊。,"Outline is OSM admin_level 8 clipped into the existing Conghua polygon, not a civil-affairs original. Income and covariates are the parent district figures, not a street bulletin. Population is an area share of the district total."
osm12351105,guangzhou,太平镇,太平镇,53160,cny_pc,50,32,46,58,30,62,38,7.6,compiled,轮廓为 OSM admin_level=8，裁入既有从化区多边形，非民政原件。收入和学校等指标沿用所在区的公开数字，不是街道公报。人口按该区常住人口做面积分摊。,"Outline is OSM admin_level 8 clipped into the existing Conghua polygon, not a civil-affairs original. Income and covariates are the parent district figures, not a street bulletin. Population is an area share of the district total."
osm12351106,guangzhou,鳌头镇,鳌头镇,53160,cny_pc,50,32,46,58,30,62,38,13.4,compiled,轮廓为 OSM admin_level=8，裁入既有从化区多边形，非民政原件。收入和学校等指标沿用所在区的公开数字，不是街道公报。人口按该区常住人口做面积分摊。,"Outline is OSM admin_level 8 clipped into the existing Conghua polygon, not a civil-affairs original. Income and covariates are the parent district figures, not a street bulletin. Population is an area share of the district total."
osm17461074,guangzhou,荔城街道,荔城街道,64559,cny_pc,58,38,54,64,42,62,48,7.9,compiled,轮廓为 OSM admin_level=8，裁入既有增城区多边形，非民政原件。收入和学校等指标沿用所在区的公开数字，不是街道公报。人口按该区常住人口做面积分摊。,"Outline is OSM admin_level 8 clipped into the existing Zengcheng polygon, not a civil-affairs original. Income and covariates are the parent district figures, not a street bulletin. Population is an area share of the district total."
osm17461045,guangzhou,增江街道,增江街道,64559,cny_pc,58,38,54,64,42,62,48,8.1,compiled,轮廓为 OSM admin_level=8，裁入既有增城区多边形，非民政原件。收入和学校等指标沿用所在区的公开数字，不是街道公报。人口按该区常住人口做面积分摊。,"Outline is OSM admin_level 8 clipped into the existing Zengcheng polygon, not a civil-affairs original. Income and covariates are the parent district figures, not a street bulletin. Population is an area share of the district total."
osm17461312,guangzhou,朱村街道,朱村街道,64559,cny_pc,58,38,54,64,42,62,48,8.8,compiled,轮廓为 OSM admin_level=8，裁入既有增城区多边形，非民政原件。收入和学校等指标沿用所在区的公开数字，不是街道公报。人口按该区常住人口做面积分摊。,"Outline is OSM admin_level 8 clipped into the existing Zengcheng polygon, not a civil-affairs original. Income and covariates are the parent district figures, not a street bulletin. Population is an area share of the district total."
osm17462580,guangzhou,永宁街道,永宁街道,64559,cny_pc,58,38,54,64,42,62,48,4.4,compiled,轮廓为 OSM admin_level=8，裁入既有增城区多边形，非民政原件。收入和学校等指标沿用所在区的公开数字，不是街道公报。人口按该区常住人口做面积分摊。,"Outline is OSM admin_level 8 clipped into the existing Zengcheng polygon, not a civil-affairs original. Income and covariates are the parent district figures, not a street bulletin. Population is an area share of the district total."
osm17461075,guangzhou,荔湖街道,荔湖街道,64559,cny_pc,58,38,54,64,42,62,48,4.1,compiled,轮廓为 OSM admin_level=8，裁入既有增城区多边形，非民政原件。收入和学校等指标沿用所在区的公开数字，不是街道公报。人口按该区常住人口做面积分摊。,"Outline is OSM admin_level 8 clipped into the existing Zengcheng polygon, not a civil-affairs original. Income and covariates are the parent district figures, not a street bulletin. Population is an area share of the district total."
osm17462422,guangzhou,宁西街道,宁西街道,64559,cny_pc,58,38,54,64,42,62,48,5.1,compiled,轮廓为 OSM admin_level=8，裁入既有增城区多边形，非民政原件。收入和学校等指标沿用所在区的公开数字，不是街道公报。人口按该区常住人口做面积分摊。,"Outline is OSM admin_level 8 clipped into the existing Zengcheng polygon, not a civil-affairs original. Income and covariates are the parent district figures, not a street bulletin. Population is an area share of the district total."
osm17461044,guangzhou,正果镇,正果镇,64559,cny_pc,58,38,54,64,42,62,48,21.8,compiled,轮廓为 OSM admin_level=8，裁入既有增城区多边形，非民政原件。收入和学校等指标沿用所在区的公开数字，不是街道公报。人口按该区常住人口做面积分摊。,"Outline is OSM admin_level 8 clipped into the existing Zengcheng polygon, not a civil-affairs original. Income and covariates are the parent district figures, not a street bulletin. Population is an area share of the district total."
osm17461076,guangzhou,石滩镇,石滩镇,64559,cny_pc,58,38,54,64,42,62,48,15.0,compiled,轮廓为 OSM admin_level=8，裁入既有增城区多边形，非民政原件。收入和学校等指标沿用所在区的公开数字，不是街道公报。人口按该区常住人口做面积分摊。,"Outline is OSM admin_level 8 clipped into the existing Zengcheng polygon, not a civil-affairs original. Income and covariates are the parent district figures, not a street bulletin. Population is an area share of the district total."
osm17462579,guangzhou,新塘镇,新塘镇,64559,cny_pc,58,38,54,64,42,62,48,7.7,compiled,轮廓为 OSM admin_level=8，裁入既有增城区多边形，非民政原件。收入和学校等指标沿用所在区的公开数字，不是街道公报。人口按该区常住人口做面积分摊。,"Outline is OSM admin_level 8 clipped into the existing Zengcheng polygon, not a civil-affairs original. Income and covariates are the parent district figures, not a street bulletin. Population is an area share of the district total."
osm17461439,guangzhou,中新镇,中新镇,64559,cny_pc,58,38,54,64,42,62,48,21.4,compiled,轮廓为 OSM admin_level=8，裁入既有增城区多边形，非民政原件。收入和学校等指标沿用所在区的公开数字，不是街道公报。人口按该区常住人口做面积分摊。,"Outline is OSM admin_level 8 clipped into the existing Zengcheng polygon, not a civil-affairs original. Income and covariates are the parent district figures, not a street bulletin. Population is an area share of the district total."
osm12305277,guangzhou,派潭镇,Paitan,64559,cny_pc,58,38,54,64,42,62,48,26.9,compiled,轮廓为 OSM admin_level=8，裁入既有增城区多边形，非民政原件。收入和学校等指标沿用所在区的公开数字，不是街道公报。人口按该区常住人口做面积分摊。,"Outline is OSM admin_level 8 clipped into the existing Zengcheng polygon, not a civil-affairs original. Income and covariates are the parent district figures, not a street bulletin. Population is an area share of the district total."
osm17461046,guangzhou,小楼镇,小楼镇,64559,cny_pc,58,38,54,64,42,62,48,12.5,compiled,轮廓为 OSM admin_level=8，裁入既有增城区多边形，非民政原件。收入和学校等指标沿用所在区的公开数字，不是街道公报。人口按该区常住人口做面积分摊。,"Outline is OSM admin_level 8 clipped into the existing Zengcheng polygon, not a civil-affairs original. Income and covariates are the parent district figures, not a street bulletin. Population is an area share of the district total."
osm17461313,guangzhou,仙村镇,仙村镇,64559,cny_pc,58,38,54,64,42,62,48,5.2,compiled,轮廓为 OSM admin_level=8，裁入既有增城区多边形，非民政原件。收入和学校等指标沿用所在区的公开数字，不是街道公报。人口按该区常住人口做面积分摊。,"Outline is OSM admin_level 8 clipped into the existing Zengcheng polygon, not a civil-affairs original. Income and covariates are the parent district figures, not a street bulletin. Population is an area share of the district total."
osm9255379,shenzhen,桂园街道,Guiyuan Sub-district,80799,cny_pc,84,62,74,68,78,55,90,3.1,compiled,轮廓为 OSM admin_level=8，裁入既有罗湖区多边形，非民政原件。收入和学校等指标沿用所在区的公开数字，不是街道公报。人口按该区常住人口做面积分摊。,"Outline is OSM admin_level 8 clipped into the existing Luohu polygon, not a civil-affairs original. Income and covariates are the parent district figures, not a street bulletin. Population is an area share of the district total."
osm9255808,shenzhen,东门街道,Dongmen Sub-district,80799,cny_pc,84,62,74,68,78,55,90,2.6,compiled,轮廓为 OSM admin_level=8，裁入既有罗湖区多边形，非民政原件。收入和学校等指标沿用所在区的公开数字，不是街道公报。人口按该区常住人口做面积分摊。,"Outline is OSM admin_level 8 clipped into the existing Luohu polygon, not a civil-affairs original. Income and covariates are the parent district figures, not a street bulletin. Population is an area share of the district total."
osm9255809,shenzhen,黄贝街道,Huangbei Sub-district,80799,cny_pc,84,62,74,68,78,55,90,9.5,compiled,轮廓为 OSM admin_level=8，裁入既有罗湖区多边形，非民政原件。收入和学校等指标沿用所在区的公开数字，不是街道公报。人口按该区常住人口做面积分摊。,"Outline is OSM admin_level 8 clipped into the existing Luohu polygon, not a civil-affairs original. Income and covariates are the parent district figures, not a street bulletin. Population is an area share of the district total."
osm9281659,shenzhen,翠竹街道,Cuizhu Sub-district,80799,cny_pc,84,62,74,68,78,55,90,4.6,compiled,轮廓为 OSM admin_level=8，裁入既有罗湖区多边形，非民政原件。收入和学校等指标沿用所在区的公开数字，不是街道公报。人口按该区常住人口做面积分摊。,"Outline is OSM admin_level 8 clipped into the existing Luohu polygon, not a civil-affairs original. Income and covariates are the parent district figures, not a street bulletin. Population is an area share of the district total."
osm9281660,shenzhen,南湖街道,Nanhu Sub-district,80799,cny_pc,84,62,74,68,78,55,90,3.6,compiled,轮廓为 OSM admin_level=8，裁入既有罗湖区多边形，非民政原件。收入和学校等指标沿用所在区的公开数字，不是街道公报。人口按该区常住人口做面积分摊。,"Outline is OSM admin_level 8 clipped into the existing Luohu polygon, not a civil-affairs original. Income and covariates are the parent district figures, not a street bulletin. Population is an area share of the district total."
osm9281665,shenzhen,清水河街道,Qingshuihe Sub-district,80799,cny_pc,84,62,74,68,78,55,90,17.7,compiled,轮廓为 OSM admin_level=8，裁入既有罗湖区多边形，非民政原件。收入和学校等指标沿用所在区的公开数字，不是街道公报。人口按该区常住人口做面积分摊。,"Outline is OSM admin_level 8 clipped into the existing Luohu polygon, not a civil-affairs original. Income and covariates are the parent district figures, not a street bulletin. Population is an area share of the district total."
osm9281662,shenzhen,东湖街道,Donghu Sub-district,80799,cny_pc,84,62,74,68,78,55,90,36.0,compiled,轮廓为 OSM admin_level=8，裁入既有罗湖区多边形，非民政原件。收入和学校等指标沿用所在区的公开数字，不是街道公报。人口按该区常住人口做面积分摊。,"Outline is OSM admin_level 8 clipped into the existing Luohu polygon, not a civil-affairs original. Income and covariates are the parent district figures, not a street bulletin. Population is an area share of the district total."
osm9281661,shenzhen,笋岗街道,Sungang Sub-district,80799,cny_pc,84,62,74,68,78,55,90,4.5,compiled,轮廓为 OSM admin_level=8，裁入既有罗湖区多边形，非民政原件。收入和学校等指标沿用所在区的公开数字，不是街道公报。人口按该区常住人口做面积分摊。,"Outline is OSM admin_level 8 clipped into the existing Luohu polygon, not a civil-affairs original. Income and covariates are the parent district figures, not a street bulletin. Population is an area share of the district total."
osm9281663,shenzhen,莲塘街道,Liantang Sub-district,80799,cny_pc,84,62,74,68,78,55,90,17.4,compiled,轮廓为 OSM admin_level=8，裁入既有罗湖区多边形，非民政原件。收入和学校等指标沿用所在区的公开数字，不是街道公报。人口按该区常住人口做面积分摊。,"Outline is OSM admin_level 8 clipped into the existing Luohu polygon, not a civil-affairs original. Income and covariates are the parent district figures, not a street bulletin. Population is an area share of the district total."
osm9281664,shenzhen,东晓街道,Dongxiao Sub-district,80799,cny_pc,84,62,74,68,78,55,90,4.5,compiled,轮廓为 OSM admin_level=8，裁入既有罗湖区多边形，非民政原件。收入和学校等指标沿用所在区的公开数字，不是街道公报。人口按该区常住人口做面积分摊。,"Outline is OSM admin_level 8 clipped into the existing Luohu polygon, not a civil-affairs original. Income and covariates are the parent district figures, not a street bulletin. Population is an area share of the district total."
osm10786947,shenzhen,沙头街道,Shatou Sub-district,101810,cny_pc,93,70,88,64,92,48,96,32.4,compiled,轮廓为 OSM admin_level=8，裁入既有福田区多边形，非民政原件。收入和学校等指标沿用所在区的公开数字，不是街道公报。人口按该区常住人口做面积分摊。,"Outline is OSM admin_level 8 clipped into the existing Futian polygon, not a civil-affairs original. Income and covariates are the parent district figures, not a street bulletin. Population is an area share of the district total."
osm15480320,shenzhen,福保街道,Fubao Sub-district,101810,cny_pc,93,70,88,64,92,48,96,9.4,compiled,轮廓为 OSM admin_level=8，裁入既有福田区多边形，非民政原件。收入和学校等指标沿用所在区的公开数字，不是街道公报。人口按该区常住人口做面积分摊。,"Outline is OSM admin_level 8 clipped into the existing Futian polygon, not a civil-affairs original. Income and covariates are the parent district figures, not a street bulletin. Population is an area share of the district total."
osm12341745,shenzhen,福田街道,Futian Sub-district,101810,cny_pc,93,70,88,64,92,48,96,17.9,compiled,轮廓为 OSM admin_level=8，裁入既有福田区多边形，非民政原件。收入和学校等指标沿用所在区的公开数字，不是街道公报。人口按该区常住人口做面积分摊。,"Outline is OSM admin_level 8 clipped into the existing Futian polygon, not a civil-affairs original. Income and covariates are the parent district figures, not a street bulletin. Population is an area share of the district total."
osm12341744,shenzhen,华富街道,Huafu Sub-district,101810,cny_pc,93,70,88,64,92,48,96,10.6,compiled,轮廓为 OSM admin_level=8，裁入既有福田区多边形，非民政原件。收入和学校等指标沿用所在区的公开数字，不是街道公报。人口按该区常住人口做面积分摊。,"Outline is OSM admin_level 8 clipped into the existing Futian polygon, not a civil-affairs original. Income and covariates are the parent district figures, not a street bulletin. Population is an area share of the district total."
osm12341743,shenzhen,华强北街道,Huaqiangbei Sub-district,101810,cny_pc,93,70,88,64,92,48,96,4.7,compiled,轮廓为 OSM admin_level=8，裁入既有福田区多边形，非民政原件。收入和学校等指标沿用所在区的公开数字，不是街道公报。人口按该区常住人口做面积分摊。,"Outline is OSM admin_level 8 clipped into the existing Futian polygon, not a civil-affairs original. Income and covariates are the parent district figures, not a street bulletin. Population is an area share of the district total."
osm12341742,shenzhen,莲花街道,Lianhua Sub-district,101810,cny_pc,93,70,88,64,92,48,96,14.8,compiled,轮廓为 OSM admin_level=8，裁入既有福田区多边形，非民政原件。收入和学校等指标沿用所在区的公开数字，不是街道公报。人口按该区常住人口做面积分摊。,"Outline is OSM admin_level 8 clipped into the existing Futian polygon, not a civil-affairs original. Income and covariates are the parent district figures, not a street bulletin. Population is an area share of the district total."
osm12341741,shenzhen,梅林街道,Meilin Sub-district,101810,cny_pc,93,70,88,64,92,48,96,34.3,compiled,轮廓为 OSM admin_level=8，裁入既有福田区多边形，非民政原件。收入和学校等指标沿用所在区的公开数字，不是街道公报。人口按该区常住人口做面积分摊。,"Outline is OSM admin_level 8 clipped into the existing Futian polygon, not a civil-affairs original. Income and covariates are the parent district figures, not a street bulletin. Population is an area share of the district total."
osm12341740,shenzhen,南园街道,Nanyuan Sub-district,101810,cny_pc,93,70,88,64,92,48,96,3.8,compiled,轮廓为 OSM admin_level=8，裁入既有福田区多边形，非民政原件。收入和学校等指标沿用所在区的公开数字，不是街道公报。人口按该区常住人口做面积分摊。,"Outline is OSM admin_level 8 clipped into the existing Futian polygon, not a civil-affairs original. Income and covariates are the parent district figures, not a street bulletin. Population is an area share of the district total."
osm12341739,shenzhen,香蜜湖街道,Xiangmihu Sub-district,101810,cny_pc,93,70,88,64,92,48,96,18.1,compiled,轮廓为 OSM admin_level=8，裁入既有福田区多边形，非民政原件。收入和学校等指标沿用所在区的公开数字，不是街道公报。人口按该区常住人口做面积分摊。,"Outline is OSM admin_level 8 clipped into the existing Futian polygon, not a civil-affairs original. Income and covariates are the parent district figures, not a street bulletin. Population is an area share of the district total."
osm12341738,shenzhen,园岭街道,Yuanling Sub-district,101810,cny_pc,93,70,88,64,92,48,96,6.1,compiled,轮廓为 OSM admin_level=8，裁入既有福田区多边形，非民政原件。收入和学校等指标沿用所在区的公开数字，不是街道公报。人口按该区常住人口做面积分摊。,"Outline is OSM admin_level 8 clipped into the existing Futian polygon, not a civil-affairs original. Income and covariates are the parent district figures, not a street bulletin. Population is an area share of the district total."
osm6661698,shenzhen,石岩街道,Shiyan Sub-District,70008,cny_pc,72,55,62,72,70,62,78,73.3,compiled,轮廓为 OSM admin_level=8，裁入既有宝安区多边形，非民政原件。收入和学校等指标沿用所在区的公开数字，不是街道公报。人口按该区常住人口做面积分摊。,"Outline is OSM admin_level 8 clipped into the existing Bao'an polygon, not a civil-affairs original. Income and covariates are the parent district figures, not a street bulletin. Population is an area share of the district total."
osm10038642,shenzhen,新安街道,Xin'an Sub-District,70008,cny_pc,72,55,62,72,70,62,78,29.1,compiled,轮廓为 OSM admin_level=8，裁入既有宝安区多边形，非民政原件。收入和学校等指标沿用所在区的公开数字，不是街道公报。人口按该区常住人口做面积分摊。,"Outline is OSM admin_level 8 clipped into the existing Bao'an polygon, not a civil-affairs original. Income and covariates are the parent district figures, not a street bulletin. Population is an area share of the district total."
osm10038643,shenzhen,西乡街道,Xixiang Sub-District,70008,cny_pc,72,55,62,72,70,62,78,58.4,compiled,轮廓为 OSM admin_level=8，裁入既有宝安区多边形，非民政原件。收入和学校等指标沿用所在区的公开数字，不是街道公报。人口按该区常住人口做面积分摊。,"Outline is OSM admin_level 8 clipped into the existing Bao'an polygon, not a civil-affairs original. Income and covariates are the parent district figures, not a street bulletin. Population is an area share of the district total."
osm10490866,shenzhen,航城街道,Hangcheng Sub-District,70008,cny_pc,72,55,62,72,70,62,78,48.8,compiled,轮廓为 OSM admin_level=8，裁入既有宝安区多边形，非民政原件。收入和学校等指标沿用所在区的公开数字，不是街道公报。人口按该区常住人口做面积分摊。,"Outline is OSM admin_level 8 clipped into the existing Bao'an polygon, not a civil-affairs original. Income and covariates are the parent district figures, not a street bulletin. Population is an area share of the district total."
osm10490913,shenzhen,福永街道,Fuyong Sub-district,70008,cny_pc,72,55,62,72,70,62,78,40.1,compiled,轮廓为 OSM admin_level=8，裁入既有宝安区多边形，非民政原件。收入和学校等指标沿用所在区的公开数字，不是街道公报。人口按该区常住人口做面积分摊。,"Outline is OSM admin_level 8 clipped into the existing Bao'an polygon, not a civil-affairs original. Income and covariates are the parent district figures, not a street bulletin. Population is an area share of the district total."
osm10490914,shenzhen,福海街道,Fuhai Sub-district,70008,cny_pc,72,55,62,72,70,62,78,63.0,compiled,轮廓为 OSM admin_level=8，裁入既有宝安区多边形，非民政原件。收入和学校等指标沿用所在区的公开数字，不是街道公报。人口按该区常住人口做面积分摊。,"Outline is OSM admin_level 8 clipped into the existing Bao'an polygon, not a civil-affairs original. Income and covariates are the parent district figures, not a street bulletin. Population is an area share of the district total."
osm10490915,shenzhen,沙井街道,Shajing Sub-district,70008,cny_pc,72,55,62,72,70,62,78,41.2,compiled,轮廓为 OSM admin_level=8，裁入既有宝安区多边形，非民政原件。收入和学校等指标沿用所在区的公开数字，不是街道公报。人口按该区常住人口做面积分摊。,"Outline is OSM admin_level 8 clipped into the existing Bao'an polygon, not a civil-affairs original. Income and covariates are the parent district figures, not a street bulletin. Population is an area share of the district total."
osm10490945,shenzhen,新桥街道,Xinqiao Sub-District,70008,cny_pc,72,55,62,72,70,62,78,29.1,compiled,轮廓为 OSM admin_level=8，裁入既有宝安区多边形，非民政原件。收入和学校等指标沿用所在区的公开数字，不是街道公报。人口按该区常住人口做面积分摊。,"Outline is OSM admin_level 8 clipped into the existing Bao'an polygon, not a civil-affairs original. Income and covariates are the parent district figures, not a street bulletin. Population is an area share of the district total."
osm10490946,shenzhen,松岗街道,Songgang Sub-District,70008,cny_pc,72,55,62,72,70,62,78,32.2,compiled,轮廓为 OSM admin_level=8，裁入既有宝安区多边形，非民政原件。收入和学校等指标沿用所在区的公开数字，不是街道公报。人口按该区常住人口做面积分摊。,"Outline is OSM admin_level 8 clipped into the existing Bao'an polygon, not a civil-affairs original. Income and covariates are the parent district figures, not a street bulletin. Population is an area share of the district total."
osm10490947,shenzhen,燕罗街道,Yanluo Sub-District,70008,cny_pc,72,55,62,72,70,62,78,41.3,compiled,轮廓为 OSM admin_level=8，裁入既有宝安区多边形，非民政原件。收入和学校等指标沿用所在区的公开数字，不是街道公报。人口按该区常住人口做面积分摊。,"Outline is OSM admin_level 8 clipped into the existing Bao'an polygon, not a civil-affairs original. Income and covariates are the parent district figures, not a street bulletin. Population is an area share of the district total."
osm9281729,shenzhen,布吉街道,Buji Sub-district,64154,cny_pc,70,58,58,74,68,64,72,5.9,compiled,轮廓为 OSM admin_level=8，裁入既有龙岗区多边形，非民政原件。收入和学校等指标沿用所在区的公开数字，不是街道公报。人口按该区常住人口做面积分摊。,"Outline is OSM admin_level 8 clipped into the existing Longgang polygon, not a civil-affairs original. Income and covariates are the parent district figures, not a street bulletin. Population is an area share of the district total."
osm9281728,shenzhen,横岗街道,Henggang Sub-district,64154,cny_pc,70,58,58,74,68,64,72,12.1,compiled,轮廓为 OSM admin_level=8，裁入既有龙岗区多边形，非民政原件。收入和学校等指标沿用所在区的公开数字，不是街道公报。人口按该区常住人口做面积分摊。,"Outline is OSM admin_level 8 clipped into the existing Longgang polygon, not a civil-affairs original. Income and covariates are the parent district figures, not a street bulletin. Population is an area share of the district total."
osm9281730,shenzhen,葵涌街道,Kuichong Sub-district,64154,cny_pc,70,58,58,74,68,64,72,52.3,compiled,轮廓为 OSM admin_level=8，裁入既有龙岗区多边形，非民政原件。收入和学校等指标沿用所在区的公开数字，不是街道公报。人口按该区常住人口做面积分摊。,"Outline is OSM admin_level 8 clipped into the existing Longgang polygon, not a civil-affairs original. Income and covariates are the parent district figures, not a street bulletin. Population is an area share of the district total."
osm9281731,shenzhen,大鹏街道,Dapeng Sub-district,64154,cny_pc,70,58,58,74,68,64,72,62.9,compiled,轮廓为 OSM admin_level=8，裁入既有龙岗区多边形，非民政原件。收入和学校等指标沿用所在区的公开数字，不是街道公报。人口按该区常住人口做面积分摊。,"Outline is OSM admin_level 8 clipped into the existing Longgang polygon, not a civil-affairs original. Income and covariates are the parent district figures, not a street bulletin. Population is an area share of the district total."
osm9281732,shenzhen,南澳街道,Nan'ao Sub-district,64154,cny_pc,70,58,58,74,68,64,72,90.3,compiled,轮廓为 OSM admin_level=8，裁入既有龙岗区多边形，非民政原件。收入和学校等指标沿用所在区的公开数字，不是街道公报。人口按该区常住人口做面积分摊。,"Outline is OSM admin_level 8 clipped into the existing Longgang polygon, not a civil-affairs original. Income and covariates are the parent district figures, not a street bulletin. Population is an area share of the district total."
osm9281733,shenzhen,平湖街道,Pinghu Sub-district,64154,cny_pc,70,58,58,74,68,64,72,21.6,compiled,轮廓为 OSM admin_level=8，裁入既有龙岗区多边形，非民政原件。收入和学校等指标沿用所在区的公开数字，不是街道公报。人口按该区常住人口做面积分摊。,"Outline is OSM admin_level 8 clipped into the existing Longgang polygon, not a civil-affairs original. Income and covariates are the parent district figures, not a street bulletin. Population is an area share of the district total."
osm9281734,shenzhen,坪地街道,Pingde Sub-district,64154,cny_pc,70,58,58,74,68,64,72,28.7,compiled,轮廓为 OSM admin_level=8，裁入既有龙岗区多边形，非民政原件。收入和学校等指标沿用所在区的公开数字，不是街道公报。人口按该区常住人口做面积分摊。,"Outline is OSM admin_level 8 clipped into the existing Longgang polygon, not a civil-affairs original. Income and covariates are the parent district figures, not a street bulletin. Population is an area share of the district total."
osm9281967,shenzhen,龙岗街道,Longgang Sub-district,64154,cny_pc,70,58,58,74,68,64,72,31.3,compiled,轮廓为 OSM admin_level=8，裁入既有龙岗区多边形，非民政原件。收入和学校等指标沿用所在区的公开数字，不是街道公报。人口按该区常住人口做面积分摊。,"Outline is OSM admin_level 8 clipped into the existing Longgang polygon, not a civil-affairs original. Income and covariates are the parent district figures, not a street bulletin. Population is an area share of the district total."
osm9281968,shenzhen,龙城街道,Longcheng Sub-district,64154,cny_pc,70,58,58,74,68,64,72,18.7,compiled,轮廓为 OSM admin_level=8，裁入既有龙岗区多边形，非民政原件。收入和学校等指标沿用所在区的公开数字，不是街道公报。人口按该区常住人口做面积分摊。,"Outline is OSM admin_level 8 clipped into the existing Longgang polygon, not a civil-affairs original. Income and covariates are the parent district figures, not a street bulletin. Population is an area share of the district total."
osm9281969,shenzhen,坂田街道,Bantian Sub-District,64154,cny_pc,70,58,58,74,68,64,72,14.8,compiled,轮廓为 OSM admin_level=8，裁入既有龙岗区多边形，非民政原件。收入和学校等指标沿用所在区的公开数字，不是街道公报。人口按该区常住人口做面积分摊。,"Outline is OSM admin_level 8 clipped into the existing Longgang polygon, not a civil-affairs original. Income and covariates are the parent district figures, not a street bulletin. Population is an area share of the district total."
osm9281970,shenzhen,南湾街道,Nanwan Sub-district,64154,cny_pc,70,58,58,74,68,64,72,13.2,compiled,轮廓为 OSM admin_level=8，裁入既有龙岗区多边形，非民政原件。收入和学校等指标沿用所在区的公开数字，不是街道公报。人口按该区常住人口做面积分摊。,"Outline is OSM admin_level 8 clipped into the existing Longgang polygon, not a civil-affairs original. Income and covariates are the parent district figures, not a street bulletin. Population is an area share of the district total."
osm9281971,shenzhen,吉华街道,Jihua Sub-district,64154,cny_pc,70,58,58,74,68,64,72,10.4,compiled,轮廓为 OSM admin_level=8，裁入既有龙岗区多边形，非民政原件。收入和学校等指标沿用所在区的公开数字，不是街道公报。人口按该区常住人口做面积分摊。,"Outline is OSM admin_level 8 clipped into the existing Longgang polygon, not a civil-affairs original. Income and covariates are the parent district figures, not a street bulletin. Population is an area share of the district total."
osm9281972,shenzhen,园山街道,Yuanshan Sub-district,64154,cny_pc,70,58,58,74,68,64,72,24.8,compiled,轮廓为 OSM admin_level=8，裁入既有龙岗区多边形，非民政原件。收入和学校等指标沿用所在区的公开数字，不是街道公报。人口按该区常住人口做面积分摊。,"Outline is OSM admin_level 8 clipped into the existing Longgang polygon, not a civil-affairs original. Income and covariates are the parent district figures, not a street bulletin. Population is an area share of the district total."
osm9281973,shenzhen,宝龙街道,Baolong Sub-district,64154,cny_pc,70,58,58,74,68,64,72,22.8,compiled,轮廓为 OSM admin_level=8，裁入既有龙岗区多边形，非民政原件。收入和学校等指标沿用所在区的公开数字，不是街道公报。人口按该区常住人口做面积分摊。,"Outline is OSM admin_level 8 clipped into the existing Longgang polygon, not a civil-affairs original. Income and covariates are the parent district figures, not a street bulletin. Population is an area share of the district total."
osm9282040,shenzhen,梅沙街道,Meisha Sub-district,83310,cny_pc,76,48,78,60,62,52,70,4.0,compiled,轮廓为 OSM admin_level=8，裁入既有盐田区多边形，非民政原件。收入和学校等指标沿用所在区的公开数字，不是街道公报。人口按该区常住人口做面积分摊。,"Outline is OSM admin_level 8 clipped into the existing Yantian polygon, not a civil-affairs original. Income and covariates are the parent district figures, not a street bulletin. Population is an area share of the district total."
osm9282041,shenzhen,盐田街道,Yantian Sub-district,83310,cny_pc,76,48,78,60,62,52,70,14.3,compiled,轮廓为 OSM admin_level=8，裁入既有盐田区多边形，非民政原件。收入和学校等指标沿用所在区的公开数字，不是街道公报。人口按该区常住人口做面积分摊。,"Outline is OSM admin_level 8 clipped into the existing Yantian polygon, not a civil-affairs original. Income and covariates are the parent district figures, not a street bulletin. Population is an area share of the district total."
osm9282042,shenzhen,海山街道,Haishan Sub-district,83310,cny_pc,76,48,78,60,62,52,70,1.4,compiled,轮廓为 OSM admin_level=8，裁入既有盐田区多边形，非民政原件。收入和学校等指标沿用所在区的公开数字，不是街道公报。人口按该区常住人口做面积分摊。,"Outline is OSM admin_level 8 clipped into the existing Yantian polygon, not a civil-affairs original. Income and covariates are the parent district figures, not a street bulletin. Population is an area share of the district total."
osm9282043,shenzhen,沙头角街道,Shatoujiao Sub-district,83310,cny_pc,76,48,78,60,62,52,70,1.5,compiled,轮廓为 OSM admin_level=8，裁入既有盐田区多边形，非民政原件。收入和学校等指标沿用所在区的公开数字，不是街道公报。人口按该区常住人口做面积分摊。,"Outline is OSM admin_level 8 clipped into the existing Yantian polygon, not a civil-affairs original. Income and covariates are the parent district figures, not a street bulletin. Population is an area share of the district total."
osm10660743,shenzhen,观湖街道,Guanhu Sub-District,71168,cny_pc,74,52,64,72,72,60,80,35.1,compiled,轮廓为 OSM admin_level=8，裁入既有龙华区多边形，非民政原件。收入和学校等指标沿用所在区的公开数字，不是街道公报。人口按该区常住人口做面积分摊。,"Outline is OSM admin_level 8 clipped into the existing Longhua polygon, not a civil-affairs original. Income and covariates are the parent district figures, not a street bulletin. Population is an area share of the district total."
osm10660744,shenzhen,观澜街道,Guanlan Sub-District,71168,cny_pc,74,52,64,72,72,60,80,50.9,compiled,轮廓为 OSM admin_level=8，裁入既有龙华区多边形，非民政原件。收入和学校等指标沿用所在区的公开数字，不是街道公报。人口按该区常住人口做面积分摊。,"Outline is OSM admin_level 8 clipped into the existing Longhua polygon, not a civil-affairs original. Income and covariates are the parent district figures, not a street bulletin. Population is an area share of the district total."
osm10660745,shenzhen,福城街道,Fucheng Sub-District,71168,cny_pc,74,52,64,72,72,60,80,43.9,compiled,轮廓为 OSM admin_level=8，裁入既有龙华区多边形，非民政原件。收入和学校等指标沿用所在区的公开数字，不是街道公报。人口按该区常住人口做面积分摊。,"Outline is OSM admin_level 8 clipped into the existing Longhua polygon, not a civil-affairs original. Income and covariates are the parent district figures, not a street bulletin. Population is an area share of the district total."
osm10660746,shenzhen,大浪街道,Dalang Sub-District,71168,cny_pc,74,52,64,72,72,60,80,54.2,compiled,轮廓为 OSM admin_level=8，裁入既有龙华区多边形，非民政原件。收入和学校等指标沿用所在区的公开数字，不是街道公报。人口按该区常住人口做面积分摊。,"Outline is OSM admin_level 8 clipped into the existing Longhua polygon, not a civil-affairs original. Income and covariates are the parent district figures, not a street bulletin. Population is an area share of the district total."
osm10660747,shenzhen,龙华街道,Longhua Sub-District,71168,cny_pc,74,52,64,72,72,60,80,25.8,compiled,轮廓为 OSM admin_level=8，裁入既有龙华区多边形，非民政原件。收入和学校等指标沿用所在区的公开数字，不是街道公报。人口按该区常住人口做面积分摊。,"Outline is OSM admin_level 8 clipped into the existing Longhua polygon, not a civil-affairs original. Income and covariates are the parent district figures, not a street bulletin. Population is an area share of the district total."
osm10660748,shenzhen,民治街道,Minzhi Sub-district,71168,cny_pc,74,52,64,72,72,60,80,41.9,compiled,轮廓为 OSM admin_level=8，裁入既有龙华区多边形，非民政原件。收入和学校等指标沿用所在区的公开数字，不是街道公报。人口按该区常住人口做面积分摊。,"Outline is OSM admin_level 8 clipped into the existing Longhua polygon, not a civil-affairs original. Income and covariates are the parent district figures, not a street bulletin. Population is an area share of the district total."
osm10501406,shenzhen,坪山街道,Pingshan Sub-district,69806,cny_pc,62,45,60,70,58,66,55,4.4,compiled,轮廓为 OSM admin_level=8，裁入既有坪山区多边形，非民政原件。收入和学校等指标沿用所在区的公开数字，不是街道公报。人口按该区常住人口做面积分摊。,"Outline is OSM admin_level 8 clipped into the existing Pingshan polygon, not a civil-affairs original. Income and covariates are the parent district figures, not a street bulletin. Population is an area share of the district total."
osm10501407,shenzhen,马峦街道,Maluan Sub-district,69806,cny_pc,62,45,60,70,58,66,55,15.6,compiled,轮廓为 OSM admin_level=8，裁入既有坪山区多边形，非民政原件。收入和学校等指标沿用所在区的公开数字，不是街道公报。人口按该区常住人口做面积分摊。,"Outline is OSM admin_level 8 clipped into the existing Pingshan polygon, not a civil-affairs original. Income and covariates are the parent district figures, not a street bulletin. Population is an area share of the district total."
osm10501408,shenzhen,碧岭街道,Biling Sub-district,69806,cny_pc,62,45,60,70,58,66,55,9.0,compiled,轮廓为 OSM admin_level=8，裁入既有坪山区多边形，非民政原件。收入和学校等指标沿用所在区的公开数字，不是街道公报。人口按该区常住人口做面积分摊。,"Outline is OSM admin_level 8 clipped into the existing Pingshan polygon, not a civil-affairs original. Income and covariates are the parent district figures, not a street bulletin. Population is an area share of the district total."
osm10501409,shenzhen,石井街道,Shijing Sub-district,69806,cny_pc,62,45,60,70,58,66,55,13.7,compiled,轮廓为 OSM admin_level=8，裁入既有坪山区多边形，非民政原件。收入和学校等指标沿用所在区的公开数字，不是街道公报。人口按该区常住人口做面积分摊。,"Outline is OSM admin_level 8 clipped into the existing Pingshan polygon, not a civil-affairs original. Income and covariates are the parent district figures, not a street bulletin. Population is an area share of the district total."
osm10501410,shenzhen,坑梓街道,Kengzi Sub-district,69806,cny_pc,62,45,60,70,58,66,55,8.1,compiled,轮廓为 OSM admin_level=8，裁入既有坪山区多边形，非民政原件。收入和学校等指标沿用所在区的公开数字，不是街道公报。人口按该区常住人口做面积分摊。,"Outline is OSM admin_level 8 clipped into the existing Pingshan polygon, not a civil-affairs original. Income and covariates are the parent district figures, not a street bulletin. Population is an area share of the district total."
osm10501411,shenzhen,龙田街道,Longtian Sub-district,69806,cny_pc,62,45,60,70,58,66,55,10.8,compiled,轮廓为 OSM admin_level=8，裁入既有坪山区多边形，非民政原件。收入和学校等指标沿用所在区的公开数字，不是街道公报。人口按该区常住人口做面积分摊。,"Outline is OSM admin_level 8 clipped into the existing Pingshan polygon, not a civil-affairs original. Income and covariates are the parent district figures, not a street bulletin. Population is an area share of the district total."
osm9692945,shenzhen,马田街道,Matian Sub-district,67598,cny_pc,64,50,58,70,60,66,58,13.3,compiled,轮廓为 OSM admin_level=8，裁入既有光明区多边形，非民政原件。收入和学校等指标沿用所在区的公开数字，不是街道公报。人口按该区常住人口做面积分摊。,"Outline is OSM admin_level 8 clipped into the existing Guangming polygon, not a civil-affairs original. Income and covariates are the parent district figures, not a street bulletin. Population is an area share of the district total."
osm9692941,shenzhen,公明街道,Gongming Sub-district,67598,cny_pc,64,50,58,70,60,66,58,17.3,compiled,轮廓为 OSM admin_level=8，裁入既有光明区多边形，非民政原件。收入和学校等指标沿用所在区的公开数字，不是街道公报。人口按该区常住人口做面积分摊。,"Outline is OSM admin_level 8 clipped into the existing Guangming polygon, not a civil-affairs original. Income and covariates are the parent district figures, not a street bulletin. Population is an area share of the district total."
osm9692943,shenzhen,凤凰街道,Fenghuang Sub-District,67598,cny_pc,64,50,58,70,60,66,58,16.5,compiled,轮廓为 OSM admin_level=8，裁入既有光明区多边形，非民政原件。收入和学校等指标沿用所在区的公开数字，不是街道公报。人口按该区常住人口做面积分摊。,"Outline is OSM admin_level 8 clipped into the existing Guangming polygon, not a civil-affairs original. Income and covariates are the parent district figures, not a street bulletin. Population is an area share of the district total."
osm9692942,shenzhen,新湖街道,Xinhu Sub-district,67598,cny_pc,64,50,58,70,60,66,58,30.8,compiled,轮廓为 OSM admin_level=8，裁入既有光明区多边形，非民政原件。收入和学校等指标沿用所在区的公开数字，不是街道公报。人口按该区常住人口做面积分摊。,"Outline is OSM admin_level 8 clipped into the existing Guangming polygon, not a civil-affairs original. Income and covariates are the parent district figures, not a street bulletin. Population is an area share of the district total."
osm9692940,shenzhen,光明街道,Guangming Sub-district,67598,cny_pc,64,50,58,70,60,66,58,21.8,compiled,轮廓为 OSM admin_level=8，裁入既有光明区多边形，非民政原件。收入和学校等指标沿用所在区的公开数字，不是街道公报。人口按该区常住人口做面积分摊。,"Outline is OSM admin_level 8 clipped into the existing Guangming polygon, not a civil-affairs original. Income and covariates are the parent district figures, not a street bulletin. Population is an area share of the district total."
osm9692944,shenzhen,玉塘街道,Yutang Sub-District,67598,cny_pc,64,50,58,70,60,66,58,16.2,compiled,轮廓为 OSM admin_level=8，裁入既有光明区多边形，非民政原件。收入和学校等指标沿用所在区的公开数字，不是街道公报。人口按该区常住人口做面积分摊。,"Outline is OSM admin_level 8 clipped into the existing Guangming polygon, not a civil-affairs original. Income and covariates are the parent district figures, not a street bulletin. Population is an area share of the district total."
440305001,shenzhen,南头街道,Nantou,106582,cny_pc,94,82,86,70,90,50,93,23.9,compiled,轮廓为 OSM admin_level=8，裁入既有南山区多边形，非民政原件。收入不是街道公报：以区级公开人均可支配收入为基准，按区政府与前海门户功能做人口加权平移。,"Outline is OSM admin_level 8 clipped into the existing Nanshan polygon, not a civil-affairs original. Income is not a street bulletin: district disposable income, shifted only by the documented civic/Qianhai-gateway function and pop-weighted back to the district mean."
440305002,shenzhen,南山街道,Nanshan Subdistrict,110682,cny_pc,96,86,88,66,96,48,94,33.2,compiled,轮廓为 OSM admin_level=8，裁入既有南山区多边形，非民政原件。收入不是街道公报：以区级公开人均可支配收入为基准，按前海沿湾与半岛城区功能做人口加权平移。,"Outline is OSM admin_level 8 clipped into the existing Nanshan polygon, not a civil-affairs original. Income is not a street bulletin: district disposable income, shifted only by the documented Qianhai-waterfront / peninsula-core function and pop-weighted back to the district mean."
440305003,shenzhen,沙河街道,Shahe,92235,cny_pc,93,80,80,78,84,58,90,16.6,compiled,轮廓为 OSM admin_level=8，裁入既有南山区多边形，非民政原件。收入不是街道公报：以区级公开人均可支配收入为基准，按华侨城与原白石洲混居功能做人口加权平移。,"Outline is OSM admin_level 8 clipped into the existing Nanshan polygon, not a civil-affairs original. Income is not a street bulletin: district disposable income, shifted only by the documented OCT / former Baishizhou mix function and pop-weighted back to the district mean."
440305005,shenzhen,蛇口街道,Shekou,98384,cny_pc,90,76,84,68,82,52,86,15.2,compiled,轮廓为 OSM admin_level=8，裁入既有南山区多边形，非民政原件。收入不是街道公报：以区级公开人均可支配收入为基准，按港口遗产与滨海居住功能做人口加权平移。,"Outline is OSM admin_level 8 clipped into the existing Nanshan polygon, not a civil-affairs original. Income is not a street bulletin: district disposable income, shifted only by the documented port-heritage / coastal-residential function and pop-weighted back to the district mean."
440305006,shenzhen,招商街道,Zhaoshang,102483,cny_pc,92,78,88,64,86,48,88,13.2,compiled,轮廓为 OSM admin_level=8，裁入既有南山区多边形，非民政原件。收入不是街道公报：以区级公开人均可支配收入为基准，按招商蛇口与海上世界功能做人口加权平移。,"Outline is OSM admin_level 8 clipped into the existing Nanshan polygon, not a civil-affairs original. Income is not a street bulletin: district disposable income, shifted only by the documented China Merchants Shekou / Sea World function and pop-weighted back to the district mean."
440305007,shenzhen,粤海街道,Yuehai,120930,cny_pc,99,96,90,62,100,46,97,24.0,compiled,轮廓为 OSM admin_level=8，裁入既有南山区多边形，非民政原件。收入不是街道公报：以区级公开人均可支配收入为基准，按科技园、深圳大学与后海总部功能做人口加权平移。,"Outline is OSM admin_level 8 clipped into the existing Nanshan polygon, not a civil-affairs original. Income is not a street bulletin: district disposable income, shifted only by the documented Science Park / SZU / Houhai-HQ function and pop-weighted back to the district mean."
440305008,shenzhen,桃源街道,Taoyuan,96334,cny_pc,95,100,84,72,88,54,88,24.8,compiled,轮廓为 OSM admin_level=8，裁入既有南山区多边形，非民政原件。收入不是街道公报：以区级公开人均可支配收入为基准，按深圳大学城（清华 / 北大 / 哈工大深圳）功能做人口加权平移。,"Outline is OSM admin_level 8 clipped into the existing Nanshan polygon, not a civil-affairs original. Income is not a street bulletin: district disposable income, shifted only by the documented Shenzhen University Town function and pop-weighted back to the district mean."
440305009,shenzhen,西丽街道,Xili,88135,cny_pc,90,94,78,76,80,58,82,28.8,compiled,轮廓为 OSM admin_level=8，裁入既有南山区多边形，非民政原件。收入不是街道公报：以区级公开人均可支配收入为基准，按北部产业与高校走廊功能做人口加权平移。,"Outline is OSM admin_level 8 clipped into the existing Nanshan polygon, not a civil-affairs original. Income is not a street bulletin: district disposable income, shifted only by the documented northern industry / university-corridor function and pop-weighted back to the district mean."
osm9425401,chengdu,书院街街道,Shuyuanjie,65200,cny_pc,88,70,78,62,82,48,92,3.0,compiled,轮廓为 OSM admin_level=8，裁入既有锦江区多边形，非民政原件。收入和学校等指标沿用所在区的公开数字，不是街道公报。人口按该区常住人口做面积分摊。,"Outline is OSM admin_level 8 clipped into the existing Jinjiang polygon, not a civil-affairs original. Income and covariates are the parent district figures, not a street bulletin. Population is an area share of the district total."
osm9817850,chengdu,春熙路街道,Chunxilu,65200,cny_pc,88,70,78,62,82,48,92,2.8,compiled,轮廓为 OSM admin_level=8，裁入既有锦江区多边形，非民政原件。收入和学校等指标沿用所在区的公开数字，不是街道公报。人口按该区常住人口做面积分摊。,"Outline is OSM admin_level 8 clipped into the existing Jinjiang polygon, not a civil-affairs original. Income and covariates are the parent district figures, not a street bulletin. Population is an area share of the district total."
osm9425400,chengdu,锦官驿街道,Jinguanyi,65200,cny_pc,88,70,78,62,82,48,92,3.0,compiled,轮廓为 OSM admin_level=8，裁入既有锦江区多边形，非民政原件。收入和学校等指标沿用所在区的公开数字，不是街道公报。人口按该区常住人口做面积分摊。,"Outline is OSM admin_level 8 clipped into the existing Jinjiang polygon, not a civil-affairs original. Income and covariates are the parent district figures, not a street bulletin. Population is an area share of the district total."
osm9425403,chengdu,牛市口街道,Niushikou,65200,cny_pc,88,70,78,62,82,48,92,4.3,compiled,轮廓为 OSM admin_level=8，裁入既有锦江区多边形，非民政原件。收入和学校等指标沿用所在区的公开数字，不是街道公报。人口按该区常住人口做面积分摊。,"Outline is OSM admin_level 8 clipped into the existing Jinjiang polygon, not a civil-affairs original. Income and covariates are the parent district figures, not a street bulletin. Population is an area share of the district total."
osm9425407,chengdu,沙河街道,Shahe,65200,cny_pc,88,70,78,62,82,48,92,6.8,compiled,轮廓为 OSM admin_level=8，裁入既有锦江区多边形，非民政原件。收入和学校等指标沿用所在区的公开数字，不是街道公报。人口按该区常住人口做面积分摊。,"Outline is OSM admin_level 8 clipped into the existing Jinjiang polygon, not a civil-affairs original. Income and covariates are the parent district figures, not a street bulletin. Population is an area share of the district total."
osm9425409,chengdu,狮子山街道,狮子山街道,65200,cny_pc,88,70,78,62,82,48,92,5.5,compiled,轮廓为 OSM admin_level=8，裁入既有锦江区多边形，非民政原件。收入和学校等指标沿用所在区的公开数字，不是街道公报。人口按该区常住人口做面积分摊。,"Outline is OSM admin_level 8 clipped into the existing Jinjiang polygon, not a civil-affairs original. Income and covariates are the parent district figures, not a street bulletin. Population is an area share of the district total."
osm9425408,chengdu,东湖街道,Donghu,65200,cny_pc,88,70,78,62,82,48,92,5.3,compiled,轮廓为 OSM admin_level=8，裁入既有锦江区多边形，非民政原件。收入和学校等指标沿用所在区的公开数字，不是街道公报。人口按该区常住人口做面积分摊。,"Outline is OSM admin_level 8 clipped into the existing Jinjiang polygon, not a civil-affairs original. Income and covariates are the parent district figures, not a street bulletin. Population is an area share of the district total."
osm11516693,chengdu,锦华路街道,Jinhualu,65200,cny_pc,88,70,78,62,82,48,92,5.6,compiled,轮廓为 OSM admin_level=8，裁入既有锦江区多边形，非民政原件。收入和学校等指标沿用所在区的公开数字，不是街道公报。人口按该区常住人口做面积分摊。,"Outline is OSM admin_level 8 clipped into the existing Jinjiang polygon, not a civil-affairs original. Income and covariates are the parent district figures, not a street bulletin. Population is an area share of the district total."
osm9425410,chengdu,成龙路街道,成龙路街道,65200,cny_pc,88,70,78,62,82,48,92,11.8,compiled,轮廓为 OSM admin_level=8，裁入既有锦江区多边形，非民政原件。收入和学校等指标沿用所在区的公开数字，不是街道公报。人口按该区常住人口做面积分摊。,"Outline is OSM admin_level 8 clipped into the existing Jinjiang polygon, not a civil-affairs original. Income and covariates are the parent district figures, not a street bulletin. Population is an area share of the district total."
osm17924099,chengdu,柳江街道,柳江街道,65200,cny_pc,88,70,78,62,82,48,92,16.6,compiled,轮廓为 OSM admin_level=8，裁入既有锦江区多边形，非民政原件。收入和学校等指标沿用所在区的公开数字，不是街道公报。人口按该区常住人口做面积分摊。,"Outline is OSM admin_level 8 clipped into the existing Jinjiang polygon, not a civil-affairs original. Income and covariates are the parent district figures, not a street bulletin. Population is an area share of the district total."
osm17924100,chengdu,三圣街道,三圣街道,65200,cny_pc,88,70,78,62,82,48,92,25.5,compiled,轮廓为 OSM admin_level=8，裁入既有锦江区多边形，非民政原件。收入和学校等指标沿用所在区的公开数字，不是街道公报。人口按该区常住人口做面积分摊。,"Outline is OSM admin_level 8 clipped into the existing Jinjiang polygon, not a civil-affairs original. Income and covariates are the parent district figures, not a street bulletin. Population is an area share of the district total."
osm9817879,chengdu,草市街街道,Caoshijie,64800,cny_pc,90,72,80,60,80,45,93,3.9,compiled,轮廓为 OSM admin_level=8，裁入既有青羊区多边形，非民政原件。收入和学校等指标沿用所在区的公开数字，不是街道公报。人口按该区常住人口做面积分摊。,"Outline is OSM admin_level 8 clipped into the existing Qingyang polygon, not a civil-affairs original. Income and covariates are the parent district figures, not a street bulletin. Population is an area share of the district total."
osm9817881,chengdu,少城街道,Shaocheng,64800,cny_pc,90,72,80,60,80,45,93,4.8,compiled,轮廓为 OSM admin_level=8，裁入既有青羊区多边形，非民政原件。收入和学校等指标沿用所在区的公开数字，不是街道公报。人口按该区常住人口做面积分摊。,"Outline is OSM admin_level 8 clipped into the existing Qingyang polygon, not a civil-affairs original. Income and covariates are the parent district figures, not a street bulletin. Population is an area share of the district total."
osm9817848,chengdu,西御河街道,Xiyuhe,64800,cny_pc,90,72,80,60,80,45,93,3.4,compiled,轮廓为 OSM admin_level=8，裁入既有青羊区多边形，非民政原件。收入和学校等指标沿用所在区的公开数字，不是街道公报。人口按该区常住人口做面积分摊。,"Outline is OSM admin_level 8 clipped into the existing Qingyang polygon, not a civil-affairs original. Income and covariates are the parent district figures, not a street bulletin. Population is an area share of the district total."
osm11124849,chengdu,草堂街道,Caotang,64800,cny_pc,90,72,80,60,80,45,93,5.9,compiled,轮廓为 OSM admin_level=8，裁入既有青羊区多边形，非民政原件。收入和学校等指标沿用所在区的公开数字，不是街道公报。人口按该区常住人口做面积分摊。,"Outline is OSM admin_level 8 clipped into the existing Qingyang polygon, not a civil-affairs original. Income and covariates are the parent district figures, not a street bulletin. Population is an area share of the district total."
osm11124853,chengdu,府南街道,Funan,64800,cny_pc,90,72,80,60,80,45,93,3.8,compiled,轮廓为 OSM admin_level=8，裁入既有青羊区多边形，非民政原件。收入和学校等指标沿用所在区的公开数字，不是街道公报。人口按该区常住人口做面积分摊。,"Outline is OSM admin_level 8 clipped into the existing Qingyang polygon, not a civil-affairs original. Income and covariates are the parent district figures, not a street bulletin. Population is an area share of the district total."
osm11124866,chengdu,光华街道,Guanghua,64800,cny_pc,90,72,80,60,80,45,93,8.0,compiled,轮廓为 OSM admin_level=8，裁入既有青羊区多边形，非民政原件。收入和学校等指标沿用所在区的公开数字，不是街道公报。人口按该区常住人口做面积分摊。,"Outline is OSM admin_level 8 clipped into the existing Qingyang polygon, not a civil-affairs original. Income and covariates are the parent district figures, not a street bulletin. Population is an area share of the district total."
osm11126244,chengdu,金沙街道,Jinsha,64800,cny_pc,90,72,80,60,80,45,93,5.1,compiled,轮廓为 OSM admin_level=8，裁入既有青羊区多边形，非民政原件。收入和学校等指标沿用所在区的公开数字，不是街道公报。人口按该区常住人口做面积分摊。,"Outline is OSM admin_level 8 clipped into the existing Qingyang polygon, not a civil-affairs original. Income and covariates are the parent district figures, not a street bulletin. Population is an area share of the district total."
osm11126406,chengdu,苏坡街道,Supo,64800,cny_pc,90,72,80,60,80,45,93,10.4,compiled,轮廓为 OSM admin_level=8，裁入既有青羊区多边形，非民政原件。收入和学校等指标沿用所在区的公开数字，不是街道公报。人口按该区常住人口做面积分摊。,"Outline is OSM admin_level 8 clipped into the existing Qingyang polygon, not a civil-affairs original. Income and covariates are the parent district figures, not a street bulletin. Population is an area share of the district total."
osm11126562,chengdu,黄田坝街道,Huangtianba,64800,cny_pc,90,72,80,60,80,45,93,14.1,compiled,轮廓为 OSM admin_level=8，裁入既有青羊区多边形，非民政原件。收入和学校等指标沿用所在区的公开数字，不是街道公报。人口按该区常住人口做面积分摊。,"Outline is OSM admin_level 8 clipped into the existing Qingyang polygon, not a civil-affairs original. Income and covariates are the parent district figures, not a street bulletin. Population is an area share of the district total."
osm11205941,chengdu,蔡桥街道,Caiqiao,64800,cny_pc,90,72,80,60,80,45,93,13.4,compiled,轮廓为 OSM admin_level=8，裁入既有青羊区多边形，非民政原件。收入和学校等指标沿用所在区的公开数字，不是街道公报。人口按该区常住人口做面积分摊。,"Outline is OSM admin_level 8 clipped into the existing Qingyang polygon, not a civil-affairs original. Income and covariates are the parent district figures, not a street bulletin. Population is an area share of the district total."
osm11519304,chengdu,文家街道,Wenjia,64800,cny_pc,90,72,80,60,80,45,93,11.3,compiled,轮廓为 OSM admin_level=8，裁入既有青羊区多边形，非民政原件。收入和学校等指标沿用所在区的公开数字，不是街道公报。人口按该区常住人口做面积分摊。,"Outline is OSM admin_level 8 clipped into the existing Qingyang polygon, not a civil-affairs original. Income and covariates are the parent district figures, not a street bulletin. Population is an area share of the district total."
osm11519305,chengdu,康河街道,Kanghe,64800,cny_pc,90,72,80,60,80,45,93,11.7,compiled,轮廓为 OSM admin_level=8，裁入既有青羊区多边形，非民政原件。收入和学校等指标沿用所在区的公开数字，不是街道公报。人口按该区常住人口做面积分摊。,"Outline is OSM admin_level 8 clipped into the existing Qingyang polygon, not a civil-affairs original. Income and covariates are the parent district figures, not a street bulletin. Population is an area share of the district total."
osm9494075,chengdu,西安路街道,Xi'anlu,61200,cny_pc,80,62,72,66,70,50,86,4.2,compiled,轮廓为 OSM admin_level=8，裁入既有金牛区多边形，非民政原件。收入和学校等指标沿用所在区的公开数字，不是街道公报。人口按该区常住人口做面积分摊。,"Outline is OSM admin_level 8 clipped into the existing Jinniu polygon, not a civil-affairs original. Income and covariates are the parent district figures, not a street bulletin. Population is an area share of the district total."
osm15488482,chengdu,荷花池街道,荷花池街道,61200,cny_pc,80,62,72,66,70,50,86,5.1,compiled,轮廓为 OSM admin_level=8，裁入既有金牛区多边形，非民政原件。收入和学校等指标沿用所在区的公开数字，不是街道公报。人口按该区常住人口做面积分摊。,"Outline is OSM admin_level 8 clipped into the existing Jinniu polygon, not a civil-affairs original. Income and covariates are the parent district figures, not a street bulletin. Population is an area share of the district total."
osm15488483,chengdu,驷马桥街道,驷马桥街道,61200,cny_pc,80,62,72,66,70,50,86,3.4,compiled,轮廓为 OSM admin_level=8，裁入既有金牛区多边形，非民政原件。收入和学校等指标沿用所在区的公开数字，不是街道公报。人口按该区常住人口做面积分摊。,"Outline is OSM admin_level 8 clipped into the existing Jinniu polygon, not a civil-affairs original. Income and covariates are the parent district figures, not a street bulletin. Population is an area share of the district total."
osm15488484,chengdu,抚琴街道,抚琴街道,61200,cny_pc,80,62,72,66,70,50,86,3.3,compiled,轮廓为 OSM admin_level=8，裁入既有金牛区多边形，非民政原件。收入和学校等指标沿用所在区的公开数字，不是街道公报。人口按该区常住人口做面积分摊。,"Outline is OSM admin_level 8 clipped into the existing Jinniu polygon, not a civil-affairs original. Income and covariates are the parent district figures, not a street bulletin. Population is an area share of the district total."
osm15488485,chengdu,茶店子街道,茶店子街道,61200,cny_pc,80,62,72,66,70,50,86,5.5,compiled,轮廓为 OSM admin_level=8，裁入既有金牛区多边形，非民政原件。收入和学校等指标沿用所在区的公开数字，不是街道公报。人口按该区常住人口做面积分摊。,"Outline is OSM admin_level 8 clipped into the existing Jinniu polygon, not a civil-affairs original. Income and covariates are the parent district figures, not a street bulletin. Population is an area share of the district total."
osm15488486,chengdu,营门口街道,营门口街道,61200,cny_pc,80,62,72,66,70,50,86,3.7,compiled,轮廓为 OSM admin_level=8，裁入既有金牛区多边形，非民政原件。收入和学校等指标沿用所在区的公开数字，不是街道公报。人口按该区常住人口做面积分摊。,"Outline is OSM admin_level 8 clipped into the existing Jinniu polygon, not a civil-affairs original. Income and covariates are the parent district figures, not a street bulletin. Population is an area share of the district total."
osm15488487,chengdu,九里堤街道,九里堤街道,61200,cny_pc,80,62,72,66,70,50,86,3.0,compiled,轮廓为 OSM admin_level=8，裁入既有金牛区多边形，非民政原件。收入和学校等指标沿用所在区的公开数字，不是街道公报。人口按该区常住人口做面积分摊。,"Outline is OSM admin_level 8 clipped into the existing Jinniu polygon, not a civil-affairs original. Income and covariates are the parent district figures, not a street bulletin. Population is an area share of the district total."
osm15488488,chengdu,五块石街道,五块石街道,61200,cny_pc,80,62,72,66,70,50,86,3.7,compiled,轮廓为 OSM admin_level=8，裁入既有金牛区多边形，非民政原件。收入和学校等指标沿用所在区的公开数字，不是街道公报。人口按该区常住人口做面积分摊。,"Outline is OSM admin_level 8 clipped into the existing Jinniu polygon, not a civil-affairs original. Income and covariates are the parent district figures, not a street bulletin. Population is an area share of the district total."
osm15488489,chengdu,沙河源街道,沙河源街道,61200,cny_pc,80,62,72,66,70,50,86,13.8,compiled,轮廓为 OSM admin_level=8，裁入既有金牛区多边形，非民政原件。收入和学校等指标沿用所在区的公开数字，不是街道公报。人口按该区常住人口做面积分摊。,"Outline is OSM admin_level 8 clipped into the existing Jinniu polygon, not a civil-affairs original. Income and covariates are the parent district figures, not a street bulletin. Population is an area share of the district total."
osm15488490,chengdu,西华街道,西华街道,61200,cny_pc,80,62,72,66,70,50,86,19.5,compiled,轮廓为 OSM admin_level=8，裁入既有金牛区多边形，非民政原件。收入和学校等指标沿用所在区的公开数字，不是街道公报。人口按该区常住人口做面积分摊。,"Outline is OSM admin_level 8 clipped into the existing Jinniu polygon, not a civil-affairs original. Income and covariates are the parent district figures, not a street bulletin. Population is an area share of the district total."
osm15488491,chengdu,金泉街道,金泉街道,61200,cny_pc,80,62,72,66,70,50,86,15.1,compiled,轮廓为 OSM admin_level=8，裁入既有金牛区多边形，非民政原件。收入和学校等指标沿用所在区的公开数字，不是街道公报。人口按该区常住人口做面积分摊。,"Outline is OSM admin_level 8 clipped into the existing Jinniu polygon, not a civil-affairs original. Income and covariates are the parent district figures, not a street bulletin. Population is an area share of the district total."
osm15488492,chengdu,凤凰山街道,凤凰山街道,61200,cny_pc,80,62,72,66,70,50,86,8.8,compiled,轮廓为 OSM admin_level=8，裁入既有金牛区多边形，非民政原件。收入和学校等指标沿用所在区的公开数字，不是街道公报。人口按该区常住人口做面积分摊。,"Outline is OSM admin_level 8 clipped into the existing Jinniu polygon, not a civil-affairs original. Income and covariates are the parent district figures, not a street bulletin. Population is an area share of the district total."
osm15488493,chengdu,天回镇街道,天回镇街道,61200,cny_pc,80,62,72,66,70,50,86,38.7,compiled,轮廓为 OSM admin_level=8，裁入既有金牛区多边形，非民政原件。收入和学校等指标沿用所在区的公开数字，不是街道公报。人口按该区常住人口做面积分摊。,"Outline is OSM admin_level 8 clipped into the existing Jinniu polygon, not a civil-affairs original. Income and covariates are the parent district figures, not a street bulletin. Population is an area share of the district total."
osm13895593,chengdu,机投桥街道,Jitouqiao,63800,cny_pc,92,90,76,68,84,48,90,7.5,compiled,轮廓为 OSM admin_level=8，裁入既有武侯区多边形，非民政原件。收入和学校等指标沿用所在区的公开数字，不是街道公报。人口按该区常住人口做面积分摊。,"Outline is OSM admin_level 8 clipped into the existing Wuhou polygon, not a civil-affairs original. Income and covariates are the parent district figures, not a street bulletin. Population is an area share of the district total."
osm13895661,chengdu,簇锦街道,Cujin,63800,cny_pc,92,90,76,68,84,48,90,8.9,compiled,轮廓为 OSM admin_level=8，裁入既有武侯区多边形，非民政原件。收入和学校等指标沿用所在区的公开数字，不是街道公报。人口按该区常住人口做面积分摊。,"Outline is OSM admin_level 8 clipped into the existing Wuhou polygon, not a civil-affairs original. Income and covariates are the parent district figures, not a street bulletin. Population is an area share of the district total."
osm15484994,chengdu,浆洗街街道,浆洗街街道,63800,cny_pc,92,90,76,68,84,48,90,6.2,compiled,轮廓为 OSM admin_level=8，裁入既有武侯区多边形，非民政原件。收入和学校等指标沿用所在区的公开数字，不是街道公报。人口按该区常住人口做面积分摊。,"Outline is OSM admin_level 8 clipped into the existing Wuhou polygon, not a civil-affairs original. Income and covariates are the parent district figures, not a street bulletin. Population is an area share of the district total."
osm15484995,chengdu,晋阳街道,晋阳街道,63800,cny_pc,92,90,76,68,84,48,90,3.7,compiled,轮廓为 OSM admin_level=8，裁入既有武侯区多边形，非民政原件。收入和学校等指标沿用所在区的公开数字，不是街道公报。人口按该区常住人口做面积分摊。,"Outline is OSM admin_level 8 clipped into the existing Wuhou polygon, not a civil-affairs original. Income and covariates are the parent district figures, not a street bulletin. Population is an area share of the district total."
osm15484996,chengdu,红牌楼街道,红牌楼街道,63800,cny_pc,92,90,76,68,84,48,90,6.7,compiled,轮廓为 OSM admin_level=8，裁入既有武侯区多边形，非民政原件。收入和学校等指标沿用所在区的公开数字，不是街道公报。人口按该区常住人口做面积分摊。,"Outline is OSM admin_level 8 clipped into the existing Wuhou polygon, not a civil-affairs original. Income and covariates are the parent district figures, not a street bulletin. Population is an area share of the district total."
osm15484997,chengdu,玉林街道,玉林街道,63800,cny_pc,92,90,76,68,84,48,90,5.7,compiled,轮廓为 OSM admin_level=8，裁入既有武侯区多边形，非民政原件。收入和学校等指标沿用所在区的公开数字，不是街道公报。人口按该区常住人口做面积分摊。,"Outline is OSM admin_level 8 clipped into the existing Wuhou polygon, not a civil-affairs original. Income and covariates are the parent district figures, not a street bulletin. Population is an area share of the district total."
osm15484998,chengdu,望江路街道,望江路街道,63800,cny_pc,92,90,76,68,84,48,90,3.7,compiled,轮廓为 OSM admin_level=8，裁入既有武侯区多边形，非民政原件。收入和学校等指标沿用所在区的公开数字，不是街道公报。人口按该区常住人口做面积分摊。,"Outline is OSM admin_level 8 clipped into the existing Wuhou polygon, not a civil-affairs original. Income and covariates are the parent district figures, not a street bulletin. Population is an area share of the district total."
osm15484999,chengdu,火车南站街道,火车南站街道,63800,cny_pc,92,90,76,68,84,48,90,4.5,compiled,轮廓为 OSM admin_level=8，裁入既有武侯区多边形，非民政原件。收入和学校等指标沿用所在区的公开数字，不是街道公报。人口按该区常住人口做面积分摊。,"Outline is OSM admin_level 8 clipped into the existing Wuhou polygon, not a civil-affairs original. Income and covariates are the parent district figures, not a street bulletin. Population is an area share of the district total."
osm8732296,chengdu,芳草街街道,Fangcaojie,63800,cny_pc,92,90,76,68,84,48,90,5.6,compiled,轮廓为 OSM admin_level=8，裁入既有武侯区多边形，非民政原件。收入和学校等指标沿用所在区的公开数字，不是街道公报。人口按该区常住人口做面积分摊。,"Outline is OSM admin_level 8 clipped into the existing Wuhou polygon, not a civil-affairs original. Income and covariates are the parent district figures, not a street bulletin. Population is an area share of the district total."
osm8732293,chengdu,桂溪街道,Guixi,63800,cny_pc,92,90,76,68,84,48,90,27.3,compiled,轮廓为 OSM admin_level=8，裁入既有武侯区多边形，非民政原件。收入和学校等指标沿用所在区的公开数字，不是街道公报。人口按该区常住人口做面积分摊。,"Outline is OSM admin_level 8 clipped into the existing Wuhou polygon, not a civil-affairs original. Income and covariates are the parent district figures, not a street bulletin. Population is an area share of the district total."
osm8732295,chengdu,石羊街道,Shiyang,63800,cny_pc,92,90,76,68,84,48,90,17.9,compiled,轮廓为 OSM admin_level=8，裁入既有武侯区多边形，非民政原件。收入和学校等指标沿用所在区的公开数字，不是街道公报。人口按该区常住人口做面积分摊。,"Outline is OSM admin_level 8 clipped into the existing Wuhou polygon, not a civil-affairs original. Income and covariates are the parent district figures, not a street bulletin. Population is an area share of the district total."
osm15485000,chengdu,金花桥街道,金花桥街道,63800,cny_pc,92,90,76,68,84,48,90,18.1,compiled,轮廓为 OSM admin_level=8，裁入既有武侯区多边形，非民政原件。收入和学校等指标沿用所在区的公开数字，不是街道公报。人口按该区常住人口做面积分摊。,"Outline is OSM admin_level 8 clipped into the existing Wuhou polygon, not a civil-affairs original. Income and covariates are the parent district figures, not a street bulletin. Population is an area share of the district total."
osm15485001,chengdu,簇桥街道,簇桥街道,63800,cny_pc,92,90,76,68,84,48,90,8.8,compiled,轮廓为 OSM admin_level=8，裁入既有武侯区多边形，非民政原件。收入和学校等指标沿用所在区的公开数字，不是街道公报。人口按该区常住人口做面积分摊。,"Outline is OSM admin_level 8 clipped into the existing Wuhou polygon, not a civil-affairs original. Income and covariates are the parent district figures, not a street bulletin. Population is an area share of the district total."
osm15485002,chengdu,华兴街道,华兴街道,63800,cny_pc,92,90,76,68,84,48,90,8.9,compiled,轮廓为 OSM admin_level=8，裁入既有武侯区多边形，非民政原件。收入和学校等指标沿用所在区的公开数字，不是街道公报。人口按该区常住人口做面积分摊。,"Outline is OSM admin_level 8 clipped into the existing Wuhou polygon, not a civil-affairs original. Income and covariates are the parent district figures, not a street bulletin. Population is an area share of the district total."
osm8732294,chengdu,肖家河街道,Xiaojiahe,63800,cny_pc,92,90,76,68,84,48,90,5.1,compiled,轮廓为 OSM admin_level=8，裁入既有武侯区多边形，非民政原件。收入和学校等指标沿用所在区的公开数字，不是街道公报。人口按该区常住人口做面积分摊。,"Outline is OSM admin_level 8 clipped into the existing Wuhou polygon, not a civil-affairs original. Income and covariates are the parent district figures, not a street bulletin. Population is an area share of the district total."
osm9425295,chengdu,双桥子街道,Shuangqiaozi,60100,cny_pc,78,60,70,68,68,52,84,3.5,compiled,轮廓为 OSM admin_level=8，裁入既有成华区多边形，非民政原件。收入和学校等指标沿用所在区的公开数字，不是街道公报。人口按该区常住人口做面积分摊。,"Outline is OSM admin_level 8 clipped into the existing Chenghua polygon, not a civil-affairs original. Income and covariates are the parent district figures, not a street bulletin. Population is an area share of the district total."
osm9425294,chengdu,猛追湾街道,Mengzhuiwan,60100,cny_pc,78,60,70,68,68,52,84,4.7,compiled,轮廓为 OSM admin_level=8，裁入既有成华区多边形，非民政原件。收入和学校等指标沿用所在区的公开数字，不是街道公报。人口按该区常住人口做面积分摊。,"Outline is OSM admin_level 8 clipped into the existing Chenghua polygon, not a civil-affairs original. Income and covariates are the parent district figures, not a street bulletin. Population is an area share of the district total."
osm9425297,chengdu,府青路街道,Fuqinglu,60100,cny_pc,78,60,70,68,68,52,84,6.8,compiled,轮廓为 OSM admin_level=8，裁入既有成华区多边形，非民政原件。收入和学校等指标沿用所在区的公开数字，不是街道公报。人口按该区常住人口做面积分摊。,"Outline is OSM admin_level 8 clipped into the existing Chenghua polygon, not a civil-affairs original. Income and covariates are the parent district figures, not a street bulletin. Population is an area share of the district total."
osm9425298,chengdu,跳蹬河街道,Tiaodenghe,60100,cny_pc,78,60,70,68,68,52,84,6.3,compiled,轮廓为 OSM admin_level=8，裁入既有成华区多边形，非民政原件。收入和学校等指标沿用所在区的公开数字，不是街道公报。人口按该区常住人口做面积分摊。,"Outline is OSM admin_level 8 clipped into the existing Chenghua polygon, not a civil-affairs original. Income and covariates are the parent district figures, not a street bulletin. Population is an area share of the district total."
osm11516532,chengdu,二仙桥街道,Erxianqiao,60100,cny_pc,78,60,70,68,68,52,84,13.6,compiled,轮廓为 OSM admin_level=8，裁入既有成华区多边形，非民政原件。收入和学校等指标沿用所在区的公开数字，不是街道公报。人口按该区常住人口做面积分摊。,"Outline is OSM admin_level 8 clipped into the existing Chenghua polygon, not a civil-affairs original. Income and covariates are the parent district figures, not a street bulletin. Population is an area share of the district total."
osm11516533,chengdu,万年场街道,Wannianchang,60100,cny_pc,78,60,70,68,68,52,84,6.9,compiled,轮廓为 OSM admin_level=8，裁入既有成华区多边形，非民政原件。收入和学校等指标沿用所在区的公开数字，不是街道公报。人口按该区常住人口做面积分摊。,"Outline is OSM admin_level 8 clipped into the existing Chenghua polygon, not a civil-affairs original. Income and covariates are the parent district figures, not a street bulletin. Population is an area share of the district total."
osm11516534,chengdu,保和街道,Baohe,60100,cny_pc,78,60,70,68,68,52,84,13.6,compiled,轮廓为 OSM admin_level=8，裁入既有成华区多边形，非民政原件。收入和学校等指标沿用所在区的公开数字，不是街道公报。人口按该区常住人口做面积分摊。,"Outline is OSM admin_level 8 clipped into the existing Chenghua polygon, not a civil-affairs original. Income and covariates are the parent district figures, not a street bulletin. Population is an area share of the district total."
osm11516535,chengdu,双水碾街道,Shuangshuinian,60100,cny_pc,78,60,70,68,68,52,84,4.3,compiled,轮廓为 OSM admin_level=8，裁入既有成华区多边形，非民政原件。收入和学校等指标沿用所在区的公开数字，不是街道公报。人口按该区常住人口做面积分摊。,"Outline is OSM admin_level 8 clipped into the existing Chenghua polygon, not a civil-affairs original. Income and covariates are the parent district figures, not a street bulletin. Population is an area share of the district total."
osm11516536,chengdu,青龙街道,Qinglong,60100,cny_pc,78,60,70,68,68,52,84,11.4,compiled,轮廓为 OSM admin_level=8，裁入既有成华区多边形，非民政原件。收入和学校等指标沿用所在区的公开数字，不是街道公报。人口按该区常住人口做面积分摊。,"Outline is OSM admin_level 8 clipped into the existing Chenghua polygon, not a civil-affairs original. Income and covariates are the parent district figures, not a street bulletin. Population is an area share of the district total."
osm11516537,chengdu,白莲池街道,Bailianchi,60100,cny_pc,78,60,70,68,68,52,84,14.0,compiled,轮廓为 OSM admin_level=8，裁入既有成华区多边形，非民政原件。收入和学校等指标沿用所在区的公开数字，不是街道公报。人口按该区常住人口做面积分摊。,"Outline is OSM admin_level 8 clipped into the existing Chenghua polygon, not a civil-affairs original. Income and covariates are the parent district figures, not a street bulletin. Population is an area share of the district total."
osm11516538,chengdu,龙潭街道,Longtan,60100,cny_pc,78,60,70,68,68,52,84,43.3,compiled,轮廓为 OSM admin_level=8，裁入既有成华区多边形，非民政原件。收入和学校等指标沿用所在区的公开数字，不是街道公报。人口按该区常住人口做面积分摊。,"Outline is OSM admin_level 8 clipped into the existing Chenghua polygon, not a civil-affairs original. Income and covariates are the parent district figures, not a street bulletin. Population is an area share of the district total."
osm17926016,chengdu,龙泉街道,龙泉街道,55800,cny_pc,70,48,62,70,72,58,70,6.8,compiled,轮廓为 OSM admin_level=8，裁入既有龙泉驿区多边形，非民政原件。收入和学校等指标沿用所在区的公开数字，不是街道公报。人口按该区常住人口做面积分摊。,"Outline is OSM admin_level 8 clipped into the existing Longquanyi polygon, not a civil-affairs original. Income and covariates are the parent district figures, not a street bulletin. Population is an area share of the district total."
osm17926019,chengdu,大面街道,大面街道,55800,cny_pc,70,48,62,70,72,58,70,10.7,compiled,轮廓为 OSM admin_level=8，裁入既有龙泉驿区多边形，非民政原件。收入和学校等指标沿用所在区的公开数字，不是街道公报。人口按该区常住人口做面积分摊。,"Outline is OSM admin_level 8 clipped into the existing Longquanyi polygon, not a civil-affairs original. Income and covariates are the parent district figures, not a street bulletin. Population is an area share of the district total."
osm17926022,chengdu,十陵街道,十陵街道,55800,cny_pc,70,48,62,70,72,58,70,6.5,compiled,轮廓为 OSM admin_level=8，裁入既有龙泉驿区多边形，非民政原件。收入和学校等指标沿用所在区的公开数字，不是街道公报。人口按该区常住人口做面积分摊。,"Outline is OSM admin_level 8 clipped into the existing Longquanyi polygon, not a civil-affairs original. Income and covariates are the parent district figures, not a street bulletin. Population is an area share of the district total."
osm17926017,chengdu,同安街道,同安街道,55800,cny_pc,70,48,62,70,72,58,70,13.6,compiled,轮廓为 OSM admin_level=8，裁入既有龙泉驿区多边形，非民政原件。收入和学校等指标沿用所在区的公开数字，不是街道公报。人口按该区常住人口做面积分摊。,"Outline is OSM admin_level 8 clipped into the existing Longquanyi polygon, not a civil-affairs original. Income and covariates are the parent district figures, not a street bulletin. Population is an area share of the district total."
osm17926021,chengdu,西河街道,西河街道,55800,cny_pc,70,48,62,70,72,58,70,11.4,compiled,轮廓为 OSM admin_level=8，裁入既有龙泉驿区多边形，非民政原件。收入和学校等指标沿用所在区的公开数字，不是街道公报。人口按该区常住人口做面积分摊。,"Outline is OSM admin_level 8 clipped into the existing Longquanyi polygon, not a civil-affairs original. Income and covariates are the parent district figures, not a street bulletin. Population is an area share of the district total."
osm11215414,chengdu,柏合街道,Baihe Subdistrict,55800,cny_pc,70,48,62,70,72,58,70,17.0,compiled,轮廓为 OSM admin_level=8，裁入既有龙泉驿区多边形，非民政原件。收入和学校等指标沿用所在区的公开数字，不是街道公报。人口按该区常住人口做面积分摊。,"Outline is OSM admin_level 8 clipped into the existing Longquanyi polygon, not a civil-affairs original. Income and covariates are the parent district figures, not a street bulletin. Population is an area share of the district total."
osm17926018,chengdu,东安街道,东安街道,55800,cny_pc,70,48,62,70,72,58,70,8.7,compiled,轮廓为 OSM admin_level=8，裁入既有龙泉驿区多边形，非民政原件。收入和学校等指标沿用所在区的公开数字，不是街道公报。人口按该区常住人口做面积分摊。,"Outline is OSM admin_level 8 clipped into the existing Longquanyi polygon, not a civil-affairs original. Income and covariates are the parent district figures, not a street bulletin. Population is an area share of the district total."
osm17926020,chengdu,洛带镇,洛带镇,55800,cny_pc,70,48,62,70,72,58,70,11.1,compiled,轮廓为 OSM admin_level=8，裁入既有龙泉驿区多边形，非民政原件。收入和学校等指标沿用所在区的公开数字，不是街道公报。人口按该区常住人口做面积分摊。,"Outline is OSM admin_level 8 clipped into the existing Longquanyi polygon, not a civil-affairs original. Income and covariates are the parent district figures, not a street bulletin. Population is an area share of the district total."
osm17926023,chengdu,洪安镇,洪安镇,55800,cny_pc,70,48,62,70,72,58,70,12.9,compiled,轮廓为 OSM admin_level=8，裁入既有龙泉驿区多边形，非民政原件。收入和学校等指标沿用所在区的公开数字，不是街道公报。人口按该区常住人口做面积分摊。,"Outline is OSM admin_level 8 clipped into the existing Longquanyi polygon, not a civil-affairs original. Income and covariates are the parent district figures, not a street bulletin. Population is an area share of the district total."
osm17926015,chengdu,山泉镇,山泉镇,55800,cny_pc,70,48,62,70,72,58,70,35.9,compiled,轮廓为 OSM admin_level=8，裁入既有龙泉驿区多边形，非民政原件。收入和学校等指标沿用所在区的公开数字，不是街道公报。人口按该区常住人口做面积分摊。,"Outline is OSM admin_level 8 clipped into the existing Longquanyi polygon, not a civil-affairs original. Income and covariates are the parent district figures, not a street bulletin. Population is an area share of the district total."
510113,chengdu,青白江区,Qingbaijiang,50200,cny_pc,58,38,56,64,52,60,55,68.9,compiled,重工业区，空气与学校口碑偏弱。,Heavy industry.
osm17924666,chengdu,大丰街道,大丰街道,52800,cny_pc,66,55,58,68,55,58,62,5.5,compiled,轮廓为 OSM admin_level=8，裁入既有新都区多边形，非民政原件。收入和学校等指标沿用所在区的公开数字，不是街道公报。人口按该区常住人口做面积分摊。,"Outline is OSM admin_level 8 clipped into the existing Xindu polygon, not a civil-affairs original. Income and covariates are the parent district figures, not a street bulletin. Population is an area share of the district total."
osm17924660,chengdu,三河街道,三河街道,52800,cny_pc,66,55,58,68,55,58,62,8.6,compiled,轮廓为 OSM admin_level=8，裁入既有新都区多边形，非民政原件。收入和学校等指标沿用所在区的公开数字，不是街道公报。人口按该区常住人口做面积分摊。,"Outline is OSM admin_level 8 clipped into the existing Xindu polygon, not a civil-affairs original. Income and covariates are the parent district figures, not a street bulletin. Population is an area share of the district total."
osm17924661,chengdu,新都街道,新都街道,52800,cny_pc,66,55,58,68,55,58,62,20.9,compiled,轮廓为 OSM admin_level=8，裁入既有新都区多边形，非民政原件。收入和学校等指标沿用所在区的公开数字，不是街道公报。人口按该区常住人口做面积分摊。,"Outline is OSM admin_level 8 clipped into the existing Xindu polygon, not a civil-affairs original. Income and covariates are the parent district figures, not a street bulletin. Population is an area share of the district total."
osm17924665,chengdu,新繁街道,新繁街道,52800,cny_pc,66,55,58,68,55,58,62,34.7,compiled,轮廓为 OSM admin_level=8，裁入既有新都区多边形，非民政原件。收入和学校等指标沿用所在区的公开数字，不是街道公报。人口按该区常住人口做面积分摊。,"Outline is OSM admin_level 8 clipped into the existing Xindu polygon, not a civil-affairs original. Income and covariates are the parent district figures, not a street bulletin. Population is an area share of the district total."
osm17924659,chengdu,石板滩街道,石板滩街道,52800,cny_pc,66,55,58,68,55,58,62,23.7,compiled,轮廓为 OSM admin_level=8，裁入既有新都区多边形，非民政原件。收入和学校等指标沿用所在区的公开数字，不是街道公报。人口按该区常住人口做面积分摊。,"Outline is OSM admin_level 8 clipped into the existing Xindu polygon, not a civil-affairs original. Income and covariates are the parent district figures, not a street bulletin. Population is an area share of the district total."
osm17924664,chengdu,斑竹园街道,斑竹园街道,52800,cny_pc,66,55,58,68,55,58,62,21.0,compiled,轮廓为 OSM admin_level=8，裁入既有新都区多边形，非民政原件。收入和学校等指标沿用所在区的公开数字，不是街道公报。人口按该区常住人口做面积分摊。,"Outline is OSM admin_level 8 clipped into the existing Xindu polygon, not a civil-affairs original. Income and covariates are the parent district figures, not a street bulletin. Population is an area share of the district total."
osm17924662,chengdu,桂湖街道,桂湖街道,52800,cny_pc,66,55,58,68,55,58,62,12.6,compiled,轮廓为 OSM admin_level=8，裁入既有新都区多边形，非民政原件。收入和学校等指标沿用所在区的公开数字，不是街道公报。人口按该区常住人口做面积分摊。,"Outline is OSM admin_level 8 clipped into the existing Xindu polygon, not a civil-affairs original. Income and covariates are the parent district figures, not a street bulletin. Population is an area share of the district total."
osm11218640,chengdu,清流镇,Qingliu,52800,cny_pc,66,55,58,68,55,58,62,11.3,compiled,轮廓为 OSM admin_level=8，裁入既有新都区多边形，非民政原件。收入和学校等指标沿用所在区的公开数字，不是街道公报。人口按该区常住人口做面积分摊。,"Outline is OSM admin_level 8 clipped into the existing Xindu polygon, not a civil-affairs original. Income and covariates are the parent district figures, not a street bulletin. Population is an area share of the district total."
osm17924663,chengdu,军屯镇,军屯镇,52800,cny_pc,66,55,58,68,55,58,62,17.3,compiled,轮廓为 OSM admin_level=8，裁入既有新都区多边形，非民政原件。收入和学校等指标沿用所在区的公开数字，不是街道公报。人口按该区常住人口做面积分摊。,"Outline is OSM admin_level 8 clipped into the existing Xindu polygon, not a civil-affairs original. Income and covariates are the parent district figures, not a street bulletin. Population is an area share of the district total."
osm17924300,chengdu,金马街道,金马街道,54200,cny_pc,74,78,60,70,58,58,65,17.0,compiled,轮廓为 OSM admin_level=8，裁入既有温江区多边形，非民政原件。收入和学校等指标沿用所在区的公开数字，不是街道公报。人口按该区常住人口做面积分摊。,"Outline is OSM admin_level 8 clipped into the existing Wenjiang polygon, not a civil-affairs original. Income and covariates are the parent district figures, not a street bulletin. Population is an area share of the district total."
osm17924301,chengdu,和盛镇,和盛镇,54200,cny_pc,74,78,60,70,58,58,65,19.1,compiled,轮廓为 OSM admin_level=8，裁入既有温江区多边形，非民政原件。收入和学校等指标沿用所在区的公开数字，不是街道公报。人口按该区常住人口做面积分摊。,"Outline is OSM admin_level 8 clipped into the existing Wenjiang polygon, not a civil-affairs original. Income and covariates are the parent district figures, not a street bulletin. Population is an area share of the district total."
osm17924302,chengdu,天府街道,天府街道,54200,cny_pc,74,78,60,70,58,58,65,9.4,compiled,轮廓为 OSM admin_level=8，裁入既有温江区多边形，非民政原件。收入和学校等指标沿用所在区的公开数字，不是街道公报。人口按该区常住人口做面积分摊。,"Outline is OSM admin_level 8 clipped into the existing Wenjiang polygon, not a civil-affairs original. Income and covariates are the parent district figures, not a street bulletin. Population is an area share of the district total."
osm17924303,chengdu,柳城街道,柳城街道,54200,cny_pc,74,78,60,70,58,58,65,8.4,compiled,轮廓为 OSM admin_level=8，裁入既有温江区多边形，非民政原件。收入和学校等指标沿用所在区的公开数字，不是街道公报。人口按该区常住人口做面积分摊。,"Outline is OSM admin_level 8 clipped into the existing Wenjiang polygon, not a civil-affairs original. Income and covariates are the parent district figures, not a street bulletin. Population is an area share of the district total."
osm17924304,chengdu,涌泉街道,涌泉街道,54200,cny_pc,74,78,60,70,58,58,65,7.7,compiled,轮廓为 OSM admin_level=8，裁入既有温江区多边形，非民政原件。收入和学校等指标沿用所在区的公开数字，不是街道公报。人口按该区常住人口做面积分摊。,"Outline is OSM admin_level 8 clipped into the existing Wenjiang polygon, not a civil-affairs original. Income and covariates are the parent district figures, not a street bulletin. Population is an area share of the district total."
osm17924305,chengdu,公平街道,公平街道,54200,cny_pc,74,78,60,70,58,58,65,9.6,compiled,轮廓为 OSM admin_level=8，裁入既有温江区多边形，非民政原件。收入和学校等指标沿用所在区的公开数字，不是街道公报。人口按该区常住人口做面积分摊。,"Outline is OSM admin_level 8 clipped into the existing Wenjiang polygon, not a civil-affairs original. Income and covariates are the parent district figures, not a street bulletin. Population is an area share of the district total."
osm17924306,chengdu,永宁街道,永宁街道,54200,cny_pc,74,78,60,70,58,58,65,11.7,compiled,轮廓为 OSM admin_level=8，裁入既有温江区多边形，非民政原件。收入和学校等指标沿用所在区的公开数字，不是街道公报。人口按该区常住人口做面积分摊。,"Outline is OSM admin_level 8 clipped into the existing Wenjiang polygon, not a civil-affairs original. Income and covariates are the parent district figures, not a street bulletin. Population is an area share of the district total."
osm17924307,chengdu,万春镇,万春镇,54200,cny_pc,74,78,60,70,58,58,65,25.3,compiled,轮廓为 OSM admin_level=8，裁入既有温江区多边形，非民政原件。收入和学校等指标沿用所在区的公开数字，不是街道公报。人口按该区常住人口做面积分摊。,"Outline is OSM admin_level 8 clipped into the existing Wenjiang polygon, not a civil-affairs original. Income and covariates are the parent district figures, not a street bulletin. Population is an area share of the district total."
osm17924308,chengdu,寿安镇,寿安镇,54200,cny_pc,74,78,60,70,58,58,65,22.8,compiled,轮廓为 OSM admin_level=8，裁入既有温江区多边形，非民政原件。收入和学校等指标沿用所在区的公开数字，不是街道公报。人口按该区常住人口做面积分摊。,"Outline is OSM admin_level 8 clipped into the existing Wenjiang polygon, not a civil-affairs original. Income and covariates are the parent district figures, not a street bulletin. Population is an area share of the district total."
osm8732297,chengdu,中和街道,Zhonghe,55000,cny_pc,72,58,60,70,62,58,74,4.7,compiled,轮廓为 OSM admin_level=8，裁入既有双流区多边形，非民政原件。收入和学校等指标沿用所在区的公开数字，不是街道公报。人口按该区常住人口做面积分摊。,"Outline is OSM admin_level 8 clipped into the existing Shuangliu polygon, not a civil-affairs original. Income and covariates are the parent district figures, not a street bulletin. Population is an area share of the district total."
osm10051260,chengdu,华阳街道,Huayang,55000,cny_pc,72,58,60,70,62,58,74,5.0,compiled,轮廓为 OSM admin_level=8，裁入既有双流区多边形，非民政原件。收入和学校等指标沿用所在区的公开数字，不是街道公报。人口按该区常住人口做面积分摊。,"Outline is OSM admin_level 8 clipped into the existing Shuangliu polygon, not a civil-affairs original. Income and covariates are the parent district figures, not a street bulletin. Population is an area share of the district total."
osm10051261,chengdu,新兴街道,Xinxing subdistrict,55000,cny_pc,72,58,60,70,62,58,74,10.3,compiled,轮廓为 OSM admin_level=8，裁入既有双流区多边形，非民政原件。收入和学校等指标沿用所在区的公开数字，不是街道公报。人口按该区常住人口做面积分摊。,"Outline is OSM admin_level 8 clipped into the existing Shuangliu polygon, not a civil-affairs original. Income and covariates are the parent district figures, not a street bulletin. Population is an area share of the district total."
osm18646071,chengdu,万安街道,万安街道,55000,cny_pc,72,58,60,70,62,58,74,4.2,compiled,轮廓为 OSM admin_level=8，裁入既有双流区多边形，非民政原件。收入和学校等指标沿用所在区的公开数字，不是街道公报。人口按该区常住人口做面积分摊。,"Outline is OSM admin_level 8 clipped into the existing Shuangliu polygon, not a civil-affairs original. Income and covariates are the parent district figures, not a street bulletin. Population is an area share of the district total."
osm18646070,chengdu,兴隆街道,兴隆街道,55000,cny_pc,72,58,60,70,62,58,74,5.7,compiled,轮廓为 OSM admin_level=8，裁入既有双流区多边形，非民政原件。收入和学校等指标沿用所在区的公开数字，不是街道公报。人口按该区常住人口做面积分摊。,"Outline is OSM admin_level 8 clipped into the existing Shuangliu polygon, not a civil-affairs original. Income and covariates are the parent district figures, not a street bulletin. Population is an area share of the district total."
osm18646069,chengdu,太平街道,太平街道,55000,cny_pc,72,58,60,70,62,58,74,11.6,compiled,轮廓为 OSM admin_level=8，裁入既有双流区多边形，非民政原件。收入和学校等指标沿用所在区的公开数字，不是街道公报。人口按该区常住人口做面积分摊。,"Outline is OSM admin_level 8 clipped into the existing Shuangliu polygon, not a civil-affairs original. Income and covariates are the parent district figures, not a street bulletin. Population is an area share of the district total."
osm18646065,chengdu,正兴街道,正兴街道,55000,cny_pc,72,58,60,70,62,58,74,6.6,compiled,轮廓为 OSM admin_level=8，裁入既有双流区多边形，非民政原件。收入和学校等指标沿用所在区的公开数字，不是街道公报。人口按该区常住人口做面积分摊。,"Outline is OSM admin_level 8 clipped into the existing Shuangliu polygon, not a civil-affairs original. Income and covariates are the parent district figures, not a street bulletin. Population is an area share of the district total."
osm18646068,chengdu,永兴街道,永兴街道,55000,cny_pc,72,58,60,70,62,58,74,11.0,compiled,轮廓为 OSM admin_level=8，裁入既有双流区多边形，非民政原件。收入和学校等指标沿用所在区的公开数字，不是街道公报。人口按该区常住人口做面积分摊。,"Outline is OSM admin_level 8 clipped into the existing Shuangliu polygon, not a civil-affairs original. Income and covariates are the parent district figures, not a street bulletin. Population is an area share of the district total."
osm18646066,chengdu,煎茶街道,煎茶街道,55000,cny_pc,72,58,60,70,62,58,74,8.4,compiled,轮廓为 OSM admin_level=8，裁入既有双流区多边形，非民政原件。收入和学校等指标沿用所在区的公开数字，不是街道公报。人口按该区常住人口做面积分摊。,"Outline is OSM admin_level 8 clipped into the existing Shuangliu polygon, not a civil-affairs original. Income and covariates are the parent district figures, not a street bulletin. Population is an area share of the district total."
osm18646067,chengdu,籍田街道,籍田街道,55000,cny_pc,72,58,60,70,62,58,74,13.8,compiled,轮廓为 OSM admin_level=8，裁入既有双流区多边形，非民政原件。收入和学校等指标沿用所在区的公开数字，不是街道公报。人口按该区常住人口做面积分摊。,"Outline is OSM admin_level 8 clipped into the existing Shuangliu polygon, not a civil-affairs original. Income and covariates are the parent district figures, not a street bulletin. Population is an area share of the district total."
osm18646059,chengdu,东升街道,东升街道,55000,cny_pc,72,58,60,70,62,58,74,7.2,compiled,轮廓为 OSM admin_level=8，裁入既有双流区多边形，非民政原件。收入和学校等指标沿用所在区的公开数字，不是街道公报。人口按该区常住人口做面积分摊。,"Outline is OSM admin_level 8 clipped into the existing Shuangliu polygon, not a civil-affairs original. Income and covariates are the parent district figures, not a street bulletin. Population is an area share of the district total."
osm18646057,chengdu,九江街道,九江街道,55000,cny_pc,72,58,60,70,62,58,74,5.0,compiled,轮廓为 OSM admin_level=8，裁入既有双流区多边形，非民政原件。收入和学校等指标沿用所在区的公开数字，不是街道公报。人口按该区常住人口做面积分摊。,"Outline is OSM admin_level 8 clipped into the existing Shuangliu polygon, not a civil-affairs original. Income and covariates are the parent district figures, not a street bulletin. Population is an area share of the district total."
osm18646064,chengdu,怡心街道,怡心街道,55000,cny_pc,72,58,60,70,62,58,74,4.3,compiled,轮廓为 OSM admin_level=8，裁入既有双流区多边形，非民政原件。收入和学校等指标沿用所在区的公开数字，不是街道公报。人口按该区常住人口做面积分摊。,"Outline is OSM admin_level 8 clipped into the existing Shuangliu polygon, not a civil-affairs original. Income and covariates are the parent district figures, not a street bulletin. Population is an area share of the district total."
osm18646060,chengdu,西航港街道,西航港街道,55000,cny_pc,72,58,60,70,62,58,74,5.3,compiled,轮廓为 OSM admin_level=8，裁入既有双流区多边形，非民政原件。收入和学校等指标沿用所在区的公开数字，不是街道公报。人口按该区常住人口做面积分摊。,"Outline is OSM admin_level 8 clipped into the existing Shuangliu polygon, not a civil-affairs original. Income and covariates are the parent district figures, not a street bulletin. Population is an area share of the district total."
osm18646061,chengdu,黄甲街道,黄甲街道,55000,cny_pc,72,58,60,70,62,58,74,8.1,compiled,轮廓为 OSM admin_level=8，裁入既有双流区多边形，非民政原件。收入和学校等指标沿用所在区的公开数字，不是街道公报。人口按该区常住人口做面积分摊。,"Outline is OSM admin_level 8 clipped into the existing Shuangliu polygon, not a civil-affairs original. Income and covariates are the parent district figures, not a street bulletin. Population is an area share of the district total."
osm18646058,chengdu,黄水镇,黄水镇,55000,cny_pc,72,58,60,70,62,58,74,9.2,compiled,轮廓为 OSM admin_level=8，裁入既有双流区多边形，非民政原件。收入和学校等指标沿用所在区的公开数字，不是街道公报。人口按该区常住人口做面积分摊。,"Outline is OSM admin_level 8 clipped into the existing Shuangliu polygon, not a civil-affairs original. Income and covariates are the parent district figures, not a street bulletin. Population is an area share of the district total."
osm18646056,chengdu,彭镇,彭镇,55000,cny_pc,72,58,60,70,62,58,74,10.8,compiled,轮廓为 OSM admin_level=8，裁入既有双流区多边形，非民政原件。收入和学校等指标沿用所在区的公开数字，不是街道公报。人口按该区常住人口做面积分摊。,"Outline is OSM admin_level 8 clipped into the existing Shuangliu polygon, not a civil-affairs original. Income and covariates are the parent district figures, not a street bulletin. Population is an area share of the district total."
osm18646062,chengdu,永安镇,永安镇,55000,cny_pc,72,58,60,70,62,58,74,7.9,compiled,轮廓为 OSM admin_level=8，裁入既有双流区多边形，非民政原件。收入和学校等指标沿用所在区的公开数字，不是街道公报。人口按该区常住人口做面积分摊。,"Outline is OSM admin_level 8 clipped into the existing Shuangliu polygon, not a civil-affairs original. Income and covariates are the parent district figures, not a street bulletin. Population is an area share of the district total."
osm18646063,chengdu,黄龙溪镇,黄龙溪镇,55000,cny_pc,72,58,60,70,62,58,74,6.9,compiled,轮廓为 OSM admin_level=8，裁入既有双流区多边形，非民政原件。收入和学校等指标沿用所在区的公开数字，不是街道公报。人口按该区常住人口做面积分摊。,"Outline is OSM admin_level 8 clipped into the existing Shuangliu polygon, not a civil-affairs original. Income and covariates are the parent district figures, not a street bulletin. Population is an area share of the district total."
osm9637961,chengdu,德源街道,Deyuan Subdistrict,54500,cny_pc,73,62,60,70,66,58,68,9.1,compiled,轮廓为 OSM admin_level=8，裁入既有郫都区多边形，非民政原件。收入和学校等指标沿用所在区的公开数字，不是街道公报。人口按该区常住人口做面积分摊。,"Outline is OSM admin_level 8 clipped into the existing Pidu polygon, not a civil-affairs original. Income and covariates are the parent district figures, not a street bulletin. Population is an area share of the district total."
osm9406664,chengdu,犀浦街道,Xipu Subdistrict,54500,cny_pc,73,62,60,70,66,58,68,6.1,compiled,轮廓为 OSM admin_level=8，裁入既有郫都区多边形，非民政原件。收入和学校等指标沿用所在区的公开数字，不是街道公报。人口按该区常住人口做面积分摊。,"Outline is OSM admin_level 8 clipped into the existing Pidu polygon, not a civil-affairs original. Income and covariates are the parent district figures, not a street bulletin. Population is an area share of the district total."
osm10062196,chengdu,红光街道,Hongguang Subdistrict,54500,cny_pc,73,62,60,70,66,58,68,9.5,compiled,轮廓为 OSM admin_level=8，裁入既有郫都区多边形，非民政原件。收入和学校等指标沿用所在区的公开数字，不是街道公报。人口按该区常住人口做面积分摊。,"Outline is OSM admin_level 8 clipped into the existing Pidu polygon, not a civil-affairs original. Income and covariates are the parent district figures, not a street bulletin. Population is an area share of the district total."
osm8341913,chengdu,合作街道,Hezuo Subdistrict,54500,cny_pc,73,62,60,70,66,58,68,5.4,compiled,轮廓为 OSM admin_level=8，裁入既有郫都区多边形，非民政原件。收入和学校等指标沿用所在区的公开数字，不是街道公报。人口按该区常住人口做面积分摊。,"Outline is OSM admin_level 8 clipped into the existing Pidu polygon, not a civil-affairs original. Income and covariates are the parent district figures, not a street bulletin. Population is an area share of the district total."
osm10062217,chengdu,郫筒街道,Pitong Subdistrict,54500,cny_pc,73,62,60,70,66,58,68,11.1,compiled,轮廓为 OSM admin_level=8，裁入既有郫都区多边形，非民政原件。收入和学校等指标沿用所在区的公开数字，不是街道公报。人口按该区常住人口做面积分摊。,"Outline is OSM admin_level 8 clipped into the existing Pidu polygon, not a civil-affairs original. Income and covariates are the parent district figures, not a street bulletin. Population is an area share of the district total."
osm11127188,chengdu,友爱镇,You'ai,54500,cny_pc,73,62,60,70,66,58,68,21.9,compiled,轮廓为 OSM admin_level=8，裁入既有郫都区多边形，非民政原件。收入和学校等指标沿用所在区的公开数字，不是街道公报。人口按该区常住人口做面积分摊。,"Outline is OSM admin_level 8 clipped into the existing Pidu polygon, not a civil-affairs original. Income and covariates are the parent district figures, not a street bulletin. Population is an area share of the district total."
osm11127189,chengdu,安德街道,Ande Subdistrict,54500,cny_pc,73,62,60,70,66,58,68,18.2,compiled,轮廓为 OSM admin_level=8，裁入既有郫都区多边形，非民政原件。收入和学校等指标沿用所在区的公开数字，不是街道公报。人口按该区常住人口做面积分摊。,"Outline is OSM admin_level 8 clipped into the existing Pidu polygon, not a civil-affairs original. Income and covariates are the parent district figures, not a street bulletin. Population is an area share of the district total."
osm11127261,chengdu,唐昌镇,Tangchang,54500,cny_pc,73,62,60,70,66,58,68,24.2,compiled,轮廓为 OSM admin_level=8，裁入既有郫都区多边形，非民政原件。收入和学校等指标沿用所在区的公开数字，不是街道公报。人口按该区常住人口做面积分摊。,"Outline is OSM admin_level 8 clipped into the existing Pidu polygon, not a civil-affairs original. Income and covariates are the parent district figures, not a street bulletin. Population is an area share of the district total."
osm11127262,chengdu,三道堰镇,Sandaoyan,54500,cny_pc,73,62,60,70,66,58,68,11.0,compiled,轮廓为 OSM admin_level=8，裁入既有郫都区多边形，非民政原件。收入和学校等指标沿用所在区的公开数字，不是街道公报。人口按该区常住人口做面积分摊。,"Outline is OSM admin_level 8 clipped into the existing Pidu polygon, not a civil-affairs original. Income and covariates are the parent district figures, not a street bulletin. Population is an area share of the district total."
osm11127314,chengdu,团结街道,Tuanjie Subdistrict,54500,cny_pc,73,62,60,70,66,58,68,9.1,compiled,轮廓为 OSM admin_level=8，裁入既有郫都区多边形，非民政原件。收入和学校等指标沿用所在区的公开数字，不是街道公报。人口按该区常住人口做面积分摊。,"Outline is OSM admin_level 8 clipped into the existing Pidu polygon, not a civil-affairs original. Income and covariates are the parent district figures, not a street bulletin. Population is an area share of the district total."
osm11127315,chengdu,安靖街道,Anjing Subdistrict,54500,cny_pc,73,62,60,70,66,58,68,6.8,compiled,轮廓为 OSM admin_level=8，裁入既有郫都区多边形，非民政原件。收入和学校等指标沿用所在区的公开数字，不是街道公报。人口按该区常住人口做面积分摊。,"Outline is OSM admin_level 8 clipped into the existing Pidu polygon, not a civil-affairs original. Income and covariates are the parent district figures, not a street bulletin. Population is an area share of the district total."
osm8341912,chengdu,西园街道,Xiyuan,54500,cny_pc,73,62,60,70,66,58,68,8.4,compiled,轮廓为 OSM admin_level=8，裁入既有郫都区多边形，非民政原件。收入和学校等指标沿用所在区的公开数字，不是街道公报。人口按该区常住人口做面积分摊。,"Outline is OSM admin_level 8 clipped into the existing Pidu polygon, not a civil-affairs original. Income and covariates are the parent district figures, not a street bulletin. Population is an area share of the district total."
osm11241278,chengdu,安西镇,Anxi,52000,cny_pc,62,42,56,66,50,60,58,3.9,compiled,轮廓为 OSM admin_level=8，裁入既有新津区多边形，非民政原件。收入和学校等指标沿用所在区的公开数字，不是街道公报。人口按该区常住人口做面积分摊。,"Outline is OSM admin_level 8 clipped into the existing Xinjin polygon, not a civil-affairs original. Income and covariates are the parent district figures, not a street bulletin. Population is an area share of the district total."
osm11241277,chengdu,兴义镇,Xingyi,52000,cny_pc,62,42,56,66,50,60,58,4.3,compiled,轮廓为 OSM admin_level=8，裁入既有新津区多边形，非民政原件。收入和学校等指标沿用所在区的公开数字，不是街道公报。人口按该区常住人口做面积分摊。,"Outline is OSM admin_level 8 clipped into the existing Xinjin polygon, not a civil-affairs original. Income and covariates are the parent district figures, not a street bulletin. Population is an area share of the district total."
osm19229806,chengdu,宝墩镇,宝墩镇,52000,cny_pc,62,42,56,66,50,60,58,4.2,compiled,轮廓为 OSM admin_level=8，裁入既有新津区多边形，非民政原件。收入和学校等指标沿用所在区的公开数字，不是街道公报。人口按该区常住人口做面积分摊。,"Outline is OSM admin_level 8 clipped into the existing Xinjin polygon, not a civil-affairs original. Income and covariates are the parent district figures, not a street bulletin. Population is an area share of the district total."
osm19229803,chengdu,花桥街道,花桥街道,52000,cny_pc,62,42,56,66,50,60,58,3.5,compiled,轮廓为 OSM admin_level=8，裁入既有新津区多边形，非民政原件。收入和学校等指标沿用所在区的公开数字，不是街道公报。人口按该区常住人口做面积分摊。,"Outline is OSM admin_level 8 clipped into the existing Xinjin polygon, not a civil-affairs original. Income and covariates are the parent district figures, not a street bulletin. Population is an area share of the district total."
osm19229804,chengdu,花源街道,花源街道,52000,cny_pc,62,42,56,66,50,60,58,3.6,compiled,轮廓为 OSM admin_level=8，裁入既有新津区多边形，非民政原件。收入和学校等指标沿用所在区的公开数字，不是街道公报。人口按该区常住人口做面积分摊。,"Outline is OSM admin_level 8 clipped into the existing Xinjin polygon, not a civil-affairs original. Income and covariates are the parent district figures, not a street bulletin. Population is an area share of the district total."
osm19229802,chengdu,普兴街道,普兴街道,52000,cny_pc,62,42,56,66,50,60,58,8.1,compiled,轮廓为 OSM admin_level=8，裁入既有新津区多边形，非民政原件。收入和学校等指标沿用所在区的公开数字，不是街道公报。人口按该区常住人口做面积分摊。,"Outline is OSM admin_level 8 clipped into the existing Xinjin polygon, not a civil-affairs original. Income and covariates are the parent district figures, not a street bulletin. Population is an area share of the district total."
osm19229805,chengdu,五津街道,五津街道,52000,cny_pc,62,42,56,66,50,60,58,2.3,compiled,轮廓为 OSM admin_level=8，裁入既有新津区多边形，非民政原件。收入和学校等指标沿用所在区的公开数字，不是街道公报。人口按该区常住人口做面积分摊。,"Outline is OSM admin_level 8 clipped into the existing Xinjin polygon, not a civil-affairs original. Income and covariates are the parent district figures, not a street bulletin. Population is an area share of the district total."
osm19229801,chengdu,永商镇,永商镇,52000,cny_pc,62,42,56,66,50,60,58,6.5,compiled,轮廓为 OSM admin_level=8，裁入既有新津区多边形，非民政原件。收入和学校等指标沿用所在区的公开数字，不是街道公报。人口按该区常住人口做面积分摊。,"Outline is OSM admin_level 8 clipped into the existing Xinjin polygon, not a civil-affairs original. Income and covariates are the parent district figures, not a street bulletin. Population is an area share of the district total."
osm19225645,chengdu,白果街道,白果街道,43200,cny_pc,52,32,48,60,38,62,42,3.9,compiled,轮廓为 OSM admin_level=8，裁入既有金堂县多边形，非民政原件。收入和学校等指标沿用所在区的公开数字，不是街道公报。人口按该区常住人口做面积分摊。,"Outline is OSM admin_level 8 clipped into the existing Jintang polygon, not a civil-affairs original. Income and covariates are the parent district figures, not a street bulletin. Population is an area share of the district total."
osm19225650,chengdu,福兴镇,福兴镇,43200,cny_pc,52,32,48,60,38,62,42,5.1,compiled,轮廓为 OSM admin_level=8，裁入既有金堂县多边形，非民政原件。收入和学校等指标沿用所在区的公开数字，不是街道公报。人口按该区常住人口做面积分摊。,"Outline is OSM admin_level 8 clipped into the existing Jintang polygon, not a civil-affairs original. Income and covariates are the parent district figures, not a street bulletin. Population is an area share of the district total."
osm19225643,chengdu,高板街道,高板街道,43200,cny_pc,52,32,48,60,38,62,42,6.9,compiled,轮廓为 OSM admin_level=8，裁入既有金堂县多边形，非民政原件。收入和学校等指标沿用所在区的公开数字，不是街道公报。人口按该区常住人口做面积分摊。,"Outline is OSM admin_level 8 clipped into the existing Jintang polygon, not a civil-affairs original. Income and covariates are the parent district figures, not a street bulletin. Population is an area share of the district total."
osm19225653,chengdu,官仓街道,官仓街道,43200,cny_pc,52,32,48,60,38,62,42,4.1,compiled,轮廓为 OSM admin_level=8，裁入既有金堂县多边形，非民政原件。收入和学校等指标沿用所在区的公开数字，不是街道公报。人口按该区常住人口做面积分摊。,"Outline is OSM admin_level 8 clipped into the existing Jintang polygon, not a civil-affairs original. Income and covariates are the parent district figures, not a street bulletin. Population is an area share of the district total."
osm19225646,chengdu,淮口街道,淮口街道,43200,cny_pc,52,32,48,60,38,62,42,7.6,compiled,轮廓为 OSM admin_level=8，裁入既有金堂县多边形，非民政原件。收入和学校等指标沿用所在区的公开数字，不是街道公报。人口按该区常住人口做面积分摊。,"Outline is OSM admin_level 8 clipped into the existing Jintang polygon, not a civil-affairs original. Income and covariates are the parent district figures, not a street bulletin. Population is an area share of the district total."
osm19225647,chengdu,金龙镇,金龙镇,43200,cny_pc,52,32,48,60,38,62,42,2.8,compiled,轮廓为 OSM admin_level=8，裁入既有金堂县多边形，非民政原件。收入和学校等指标沿用所在区的公开数字，不是街道公报。人口按该区常住人口做面积分摊。,"Outline is OSM admin_level 8 clipped into the existing Jintang polygon, not a civil-affairs original. Income and covariates are the parent district figures, not a street bulletin. Population is an area share of the district total."
osm19225651,chengdu,栖贤街道,栖贤街道,43200,cny_pc,52,32,48,60,38,62,42,7.1,compiled,轮廓为 OSM admin_level=8，裁入既有金堂县多边形，非民政原件。收入和学校等指标沿用所在区的公开数字，不是街道公报。人口按该区常住人口做面积分摊。,"Outline is OSM admin_level 8 clipped into the existing Jintang polygon, not a civil-affairs original. Income and covariates are the parent district figures, not a street bulletin. Population is an area share of the district total."
osm19225648,chengdu,三溪镇,三溪镇,43200,cny_pc,52,32,48,60,38,62,42,3.9,compiled,轮廓为 OSM admin_level=8，裁入既有金堂县多边形，非民政原件。收入和学校等指标沿用所在区的公开数字，不是街道公报。人口按该区常住人口做面积分摊。,"Outline is OSM admin_level 8 clipped into the existing Jintang polygon, not a civil-affairs original. Income and covariates are the parent district figures, not a street bulletin. Population is an area share of the district total."
osm19225638,chengdu,土桥镇,土桥镇,43200,cny_pc,52,32,48,60,38,62,42,2.7,compiled,轮廓为 OSM admin_level=8，裁入既有金堂县多边形，非民政原件。收入和学校等指标沿用所在区的公开数字，不是街道公报。人口按该区常住人口做面积分摊。,"Outline is OSM admin_level 8 clipped into the existing Jintang polygon, not a civil-affairs original. Income and covariates are the parent district figures, not a street bulletin. Population is an area share of the district total."
osm19225644,chengdu,五凤镇,五凤镇,43200,cny_pc,52,32,48,60,38,62,42,4.2,compiled,轮廓为 OSM admin_level=8，裁入既有金堂县多边形，非民政原件。收入和学校等指标沿用所在区的公开数字，不是街道公报。人口按该区常住人口做面积分摊。,"Outline is OSM admin_level 8 clipped into the existing Jintang polygon, not a civil-affairs original. Income and covariates are the parent district figures, not a street bulletin. Population is an area share of the district total."
osm19225639,chengdu,又新镇,又新镇,43200,cny_pc,52,32,48,60,38,62,42,3.5,compiled,轮廓为 OSM admin_level=8，裁入既有金堂县多边形，非民政原件。收入和学校等指标沿用所在区的公开数字，不是街道公报。人口按该区常住人口做面积分摊。,"Outline is OSM admin_level 8 clipped into the existing Jintang polygon, not a civil-affairs original. Income and covariates are the parent district figures, not a street bulletin. Population is an area share of the district total."
osm19225640,chengdu,云合镇,云合镇,43200,cny_pc,52,32,48,60,38,62,42,3.0,compiled,轮廓为 OSM admin_level=8，裁入既有金堂县多边形，非民政原件。收入和学校等指标沿用所在区的公开数字，不是街道公报。人口按该区常住人口做面积分摊。,"Outline is OSM admin_level 8 clipped into the existing Jintang polygon, not a civil-affairs original. Income and covariates are the parent district figures, not a street bulletin. Population is an area share of the district total."
osm19225649,chengdu,赵家镇,赵家镇,43200,cny_pc,52,32,48,60,38,62,42,4.2,compiled,轮廓为 OSM admin_level=8，裁入既有金堂县多边形，非民政原件。收入和学校等指标沿用所在区的公开数字，不是街道公报。人口按该区常住人口做面积分摊。,"Outline is OSM admin_level 8 clipped into the existing Jintang polygon, not a civil-affairs original. Income and covariates are the parent district figures, not a street bulletin. Population is an area share of the district total."
osm19225652,chengdu,赵镇街道,赵镇街道,43200,cny_pc,52,32,48,60,38,62,42,6.2,compiled,轮廓为 OSM admin_level=8，裁入既有金堂县多边形，非民政原件。收入和学校等指标沿用所在区的公开数字，不是街道公报。人口按该区常住人口做面积分摊。,"Outline is OSM admin_level 8 clipped into the existing Jintang polygon, not a civil-affairs original. Income and covariates are the parent district figures, not a street bulletin. Population is an area share of the district total."
osm19225641,chengdu,竹篙镇,竹篙镇,43200,cny_pc,52,32,48,60,38,62,42,8.4,compiled,轮廓为 OSM admin_level=8，裁入既有金堂县多边形，非民政原件。收入和学校等指标沿用所在区的公开数字，不是街道公报。人口按该区常住人口做面积分摊。,"Outline is OSM admin_level 8 clipped into the existing Jintang polygon, not a civil-affairs original. Income and covariates are the parent district figures, not a street bulletin. Population is an area share of the district total."
osm19225642,chengdu,转龙镇,转龙镇,43200,cny_pc,52,32,48,60,38,62,42,6.5,compiled,轮廓为 OSM admin_level=8，裁入既有金堂县多边形，非民政原件。收入和学校等指标沿用所在区的公开数字，不是街道公报。人口按该区常住人口做面积分摊。,"Outline is OSM admin_level 8 clipped into the existing Jintang polygon, not a civil-affairs original. Income and covariates are the parent district figures, not a street bulletin. Population is an area share of the district total."
510129,chengdu,大邑县,Dayi,43800,cny_pc,54,30,48,58,32,62,40,51.2,compiled,旅游与农业县。,Tourism and agriculture.
osm19229739,chengdu,朝阳湖镇,朝阳湖镇,42100,cny_pc,50,28,46,56,30,62,36,2.9,compiled,轮廓为 OSM admin_level=8，裁入既有蒲江县多边形，非民政原件。收入和学校等指标沿用所在区的公开数字，不是街道公报。人口按该区常住人口做面积分摊。,"Outline is OSM admin_level 8 clipped into the existing Pujiang polygon, not a civil-affairs original. Income and covariates are the parent district figures, not a street bulletin. Population is an area share of the district total."
osm19229738,chengdu,成佳镇,成佳镇,42100,cny_pc,50,28,46,56,30,62,36,1.8,compiled,轮廓为 OSM admin_level=8，裁入既有蒲江县多边形，非民政原件。收入和学校等指标沿用所在区的公开数字，不是街道公报。人口按该区常住人口做面积分摊。,"Outline is OSM admin_level 8 clipped into the existing Pujiang polygon, not a civil-affairs original. Income and covariates are the parent district figures, not a street bulletin. Population is an area share of the district total."
osm19229736,chengdu,大塘镇,大塘镇,42100,cny_pc,50,28,46,56,30,62,36,1.3,compiled,轮廓为 OSM admin_level=8，裁入既有蒲江县多边形，非民政原件。收入和学校等指标沿用所在区的公开数字，不是街道公报。人口按该区常住人口做面积分摊。,"Outline is OSM admin_level 8 clipped into the existing Pujiang polygon, not a civil-affairs original. Income and covariates are the parent district figures, not a street bulletin. Population is an area share of the district total."
osm19229737,chengdu,大兴镇,大兴镇,42100,cny_pc,50,28,46,56,30,62,36,2.7,compiled,轮廓为 OSM admin_level=8，裁入既有蒲江县多边形，非民政原件。收入和学校等指标沿用所在区的公开数字，不是街道公报。人口按该区常住人口做面积分摊。,"Outline is OSM admin_level 8 clipped into the existing Pujiang polygon, not a civil-affairs original. Income and covariates are the parent district figures, not a street bulletin. Population is an area share of the district total."
osm19229735,chengdu,甘溪镇,甘溪镇,42100,cny_pc,50,28,46,56,30,62,36,1.3,compiled,轮廓为 OSM admin_level=8，裁入既有蒲江县多边形，非民政原件。收入和学校等指标沿用所在区的公开数字，不是街道公报。人口按该区常住人口做面积分摊。,"Outline is OSM admin_level 8 clipped into the existing Pujiang polygon, not a civil-affairs original. Income and covariates are the parent district figures, not a street bulletin. Population is an area share of the district total."
osm19229742,chengdu,鹤山街道,鹤山街道,42100,cny_pc,50,28,46,56,30,62,36,6.1,compiled,轮廓为 OSM admin_level=8，裁入既有蒲江县多边形，非民政原件。收入和学校等指标沿用所在区的公开数字，不是街道公报。人口按该区常住人口做面积分摊。,"Outline is OSM admin_level 8 clipped into the existing Pujiang polygon, not a civil-affairs original. Income and covariates are the parent district figures, not a street bulletin. Population is an area share of the district total."
osm19229741,chengdu,寿安街道,寿安街道,42100,cny_pc,50,28,46,56,30,62,36,4.9,compiled,轮廓为 OSM admin_level=8，裁入既有蒲江县多边形，非民政原件。收入和学校等指标沿用所在区的公开数字，不是街道公报。人口按该区常住人口做面积分摊。,"Outline is OSM admin_level 8 clipped into the existing Pujiang polygon, not a civil-affairs original. Income and covariates are the parent district figures, not a street bulletin. Population is an area share of the district total."
osm19229740,chengdu,西来镇,西来镇,42100,cny_pc,50,28,46,56,30,62,36,5.3,compiled,轮廓为 OSM admin_level=8，裁入既有蒲江县多边形，非民政原件。收入和学校等指标沿用所在区的公开数字，不是街道公报。人口按该区常住人口做面积分摊。,"Outline is OSM admin_level 8 clipped into the existing Pujiang polygon, not a civil-affairs original. Income and covariates are the parent district figures, not a street bulletin. Population is an area share of the district total."
osm11221365,chengdu,灌口街道,Guankou Subdistrict,49200,cny_pc,64,40,54,62,42,58,50,0.5,compiled,轮廓为 OSM admin_level=8，裁入既有都江堰市多边形，非民政原件。收入和学校等指标沿用所在区的公开数字，不是街道公报。人口按该区常住人口做面积分摊。,"Outline is OSM admin_level 8 clipped into the existing Dujiangyan polygon, not a civil-affairs original. Income and covariates are the parent district figures, not a street bulletin. Population is an area share of the district total."
osm11221364,chengdu,龙池镇,Longchi,49200,cny_pc,64,40,54,62,42,58,50,28.4,compiled,轮廓为 OSM admin_level=8，裁入既有都江堰市多边形，非民政原件。收入和学校等指标沿用所在区的公开数字，不是街道公报。人口按该区常住人口做面积分摊。,"Outline is OSM admin_level 8 clipped into the existing Dujiangyan polygon, not a civil-affairs original. Income and covariates are the parent district figures, not a street bulletin. Population is an area share of the district total."
osm19221500,chengdu,奎光塔街道,奎光塔街道,49200,cny_pc,64,40,54,62,42,58,50,0.8,compiled,轮廓为 OSM admin_level=8，裁入既有都江堰市多边形，非民政原件。收入和学校等指标沿用所在区的公开数字，不是街道公报。人口按该区常住人口做面积分摊。,"Outline is OSM admin_level 8 clipped into the existing Dujiangyan polygon, not a civil-affairs original. Income and covariates are the parent district figures, not a street bulletin. Population is an area share of the district total."
osm19221495,chengdu,聚源镇,聚源镇,49200,cny_pc,64,40,54,62,42,58,50,4.6,compiled,轮廓为 OSM admin_level=8，裁入既有都江堰市多边形，非民政原件。收入和学校等指标沿用所在区的公开数字，不是街道公报。人口按该区常住人口做面积分摊。,"Outline is OSM admin_level 8 clipped into the existing Dujiangyan polygon, not a civil-affairs original. Income and covariates are the parent district figures, not a street bulletin. Population is an area share of the district total."
osm19221497,chengdu,蒲阳街道,蒲阳街道,49200,cny_pc,64,40,54,62,42,58,50,6.9,compiled,轮廓为 OSM admin_level=8，裁入既有都江堰市多边形，非民政原件。收入和学校等指标沿用所在区的公开数字，不是街道公报。人口按该区常住人口做面积分摊。,"Outline is OSM admin_level 8 clipped into the existing Dujiangyan polygon, not a civil-affairs original. Income and covariates are the parent district figures, not a street bulletin. Population is an area share of the district total."
osm19221492,chengdu,青城山镇,青城山镇,49200,cny_pc,64,40,54,62,42,58,50,12.0,compiled,轮廓为 OSM admin_level=8，裁入既有都江堰市多边形，非民政原件。收入和学校等指标沿用所在区的公开数字，不是街道公报。人口按该区常住人口做面积分摊。,"Outline is OSM admin_level 8 clipped into the existing Dujiangyan polygon, not a civil-affairs original. Income and covariates are the parent district figures, not a street bulletin. Population is an area share of the district total."
osm19221494,chengdu,石羊镇,石羊镇,49200,cny_pc,64,40,54,62,42,58,50,5.7,compiled,轮廓为 OSM admin_level=8，裁入既有都江堰市多边形，非民政原件。收入和学校等指标沿用所在区的公开数字，不是街道公报。人口按该区常住人口做面积分摊。,"Outline is OSM admin_level 8 clipped into the existing Dujiangyan polygon, not a civil-affairs original. Income and covariates are the parent district figures, not a street bulletin. Population is an area share of the district total."
osm19221496,chengdu,天马镇,天马镇,49200,cny_pc,64,40,54,62,42,58,50,4.6,compiled,轮廓为 OSM admin_level=8，裁入既有都江堰市多边形，非民政原件。收入和学校等指标沿用所在区的公开数字，不是街道公报。人口按该区常住人口做面积分摊。,"Outline is OSM admin_level 8 clipped into the existing Dujiangyan polygon, not a civil-affairs original. Income and covariates are the parent district figures, not a street bulletin. Population is an area share of the district total."
osm19221499,chengdu,幸福街道,幸福街道,49200,cny_pc,64,40,54,62,42,58,50,0.8,compiled,轮廓为 OSM admin_level=8，裁入既有都江堰市多边形，非民政原件。收入和学校等指标沿用所在区的公开数字，不是街道公报。人口按该区常住人口做面积分摊。,"Outline is OSM admin_level 8 clipped into the existing Dujiangyan polygon, not a civil-affairs original. Income and covariates are the parent district figures, not a street bulletin. Population is an area share of the district total."
osm19221498,chengdu,银杏街道,银杏街道,49200,cny_pc,64,40,54,62,42,58,50,1.0,compiled,轮廓为 OSM admin_level=8，裁入既有都江堰市多边形，非民政原件。收入和学校等指标沿用所在区的公开数字，不是街道公报。人口按该区常住人口做面积分摊。,"Outline is OSM admin_level 8 clipped into the existing Dujiangyan polygon, not a civil-affairs original. Income and covariates are the parent district figures, not a street bulletin. Population is an area share of the district total."
osm19221493,chengdu,玉堂街道,玉堂街道,49200,cny_pc,64,40,54,62,42,58,50,5.7,compiled,轮廓为 OSM admin_level=8，裁入既有都江堰市多边形，非民政原件。收入和学校等指标沿用所在区的公开数字，不是街道公报。人口按该区常住人口做面积分摊。,"Outline is OSM admin_level 8 clipped into the existing Dujiangyan polygon, not a civil-affairs original. Income and covariates are the parent district figures, not a street bulletin. Population is an area share of the district total."
510182,chengdu,彭州市,Pengzhou,47200,cny_pc,56,34,50,60,44,60,46,77.5,compiled,石化与农业。,Petrochemical and agriculture.
510183,chengdu,邛崃市,Qionglai,45100,cny_pc,54,32,48,58,36,60,42,65.3,compiled,酒业与农业县域。,Liquor and agriculture.
osm6679988,chengdu,崇阳街道,Chongyang,46500,cny_pc,56,34,50,60,38,60,44,2.0,compiled,轮廓为 OSM admin_level=8，裁入既有崇州市多边形，非民政原件。收入和学校等指标沿用所在区的公开数字，不是街道公报。人口按该区常住人口做面积分摊。,"Outline is OSM admin_level 8 clipped into the existing Chongzhou polygon, not a civil-affairs original. Income and covariates are the parent district figures, not a street bulletin. Population is an area share of the district total."
osm19225458,chengdu,白头镇,白头镇,46500,cny_pc,56,34,50,60,38,60,44,4.6,compiled,轮廓为 OSM admin_level=8，裁入既有崇州市多边形，非民政原件。收入和学校等指标沿用所在区的公开数字，不是街道公报。人口按该区常住人口做面积分摊。,"Outline is OSM admin_level 8 clipped into the existing Chongzhou polygon, not a civil-affairs original. Income and covariates are the parent district figures, not a street bulletin. Population is an area share of the district total."
osm19225462,chengdu,崇庆街道,崇庆街道,46500,cny_pc,56,34,50,60,38,60,44,2.1,compiled,轮廓为 OSM admin_level=8，裁入既有崇州市多边形，非民政原件。收入和学校等指标沿用所在区的公开数字，不是街道公报。人口按该区常住人口做面积分摊。,"Outline is OSM admin_level 8 clipped into the existing Chongzhou polygon, not a civil-affairs original. Income and covariates are the parent district figures, not a street bulletin. Population is an area share of the district total."
osm19225461,chengdu,大划街道,大划街道,46500,cny_pc,56,34,50,60,38,60,44,1.4,compiled,轮廓为 OSM admin_level=8，裁入既有崇州市多边形，非民政原件。收入和学校等指标沿用所在区的公开数字，不是街道公报。人口按该区常住人口做面积分摊。,"Outline is OSM admin_level 8 clipped into the existing Chongzhou polygon, not a civil-affairs original. Income and covariates are the parent district figures, not a street bulletin. Population is an area share of the district total."
osm19225464,chengdu,道明镇,道明镇,46500,cny_pc,56,34,50,60,38,60,44,4.7,compiled,轮廓为 OSM admin_level=8，裁入既有崇州市多边形，非民政原件。收入和学校等指标沿用所在区的公开数字，不是街道公报。人口按该区常住人口做面积分摊。,"Outline is OSM admin_level 8 clipped into the existing Chongzhou polygon, not a civil-affairs original. Income and covariates are the parent district figures, not a street bulletin. Population is an area share of the district total."
osm19225466,chengdu,观胜镇,观胜镇,46500,cny_pc,56,34,50,60,38,60,44,2.7,compiled,轮廓为 OSM admin_level=8，裁入既有崇州市多边形，非民政原件。收入和学校等指标沿用所在区的公开数字，不是街道公报。人口按该区常住人口做面积分摊。,"Outline is OSM admin_level 8 clipped into the existing Chongzhou polygon, not a civil-affairs original. Income and covariates are the parent district figures, not a street bulletin. Population is an area share of the district total."
osm19225468,chengdu,怀远镇,怀远镇,46500,cny_pc,56,34,50,60,38,60,44,5.4,compiled,轮廓为 OSM admin_level=8，裁入既有崇州市多边形，非民政原件。收入和学校等指标沿用所在区的公开数字，不是街道公报。人口按该区常住人口做面积分摊。,"Outline is OSM admin_level 8 clipped into the existing Chongzhou polygon, not a civil-affairs original. Income and covariates are the parent district figures, not a street bulletin. Population is an area share of the district total."
osm19225460,chengdu,江源街道,江源街道,46500,cny_pc,56,34,50,60,38,60,44,1.8,compiled,轮廓为 OSM admin_level=8，裁入既有崇州市多边形，非民政原件。收入和学校等指标沿用所在区的公开数字，不是街道公报。人口按该区常住人口做面积分摊。,"Outline is OSM admin_level 8 clipped into the existing Chongzhou polygon, not a civil-affairs original. Income and covariates are the parent district figures, not a street bulletin. Population is an area share of the district total."
osm19225469,chengdu,街子镇,街子镇,46500,cny_pc,56,34,50,60,38,60,44,8.8,compiled,轮廓为 OSM admin_level=8，裁入既有崇州市多边形，非民政原件。收入和学校等指标沿用所在区的公开数字，不是街道公报。人口按该区常住人口做面积分摊。,"Outline is OSM admin_level 8 clipped into the existing Chongzhou polygon, not a civil-affairs original. Income and covariates are the parent district figures, not a street bulletin. Population is an area share of the district total."
osm19225465,chengdu,廖家镇,廖家镇,46500,cny_pc,56,34,50,60,38,60,44,2.9,compiled,轮廓为 OSM admin_level=8，裁入既有崇州市多边形，非民政原件。收入和学校等指标沿用所在区的公开数字，不是街道公报。人口按该区常住人口做面积分摊。,"Outline is OSM admin_level 8 clipped into the existing Chongzhou polygon, not a civil-affairs original. Income and covariates are the parent district figures, not a street bulletin. Population is an area share of the district total."
osm19225457,chengdu,隆兴镇,隆兴镇,46500,cny_pc,56,34,50,60,38,60,44,3.5,compiled,轮廓为 OSM admin_level=8，裁入既有崇州市多边形，非民政原件。收入和学校等指标沿用所在区的公开数字，不是街道公报。人口按该区常住人口做面积分摊。,"Outline is OSM admin_level 8 clipped into the existing Chongzhou polygon, not a civil-affairs original. Income and covariates are the parent district figures, not a street bulletin. Population is an area share of the district total."
osm19225459,chengdu,三江街道,三江街道,46500,cny_pc,56,34,50,60,38,60,44,3.1,compiled,轮廓为 OSM admin_level=8，裁入既有崇州市多边形，非民政原件。收入和学校等指标沿用所在区的公开数字，不是街道公报。人口按该区常住人口做面积分摊。,"Outline is OSM admin_level 8 clipped into the existing Chongzhou polygon, not a civil-affairs original. Income and covariates are the parent district figures, not a street bulletin. Population is an area share of the district total."
osm19225470,chengdu,文井江镇,文井江镇,46500,cny_pc,56,34,50,60,38,60,44,23.2,compiled,轮廓为 OSM admin_level=8，裁入既有崇州市多边形，非民政原件。收入和学校等指标沿用所在区的公开数字，不是街道公报。人口按该区常住人口做面积分摊。,"Outline is OSM admin_level 8 clipped into the existing Chongzhou polygon, not a civil-affairs original. Income and covariates are the parent district figures, not a street bulletin. Population is an area share of the district total."
osm19225463,chengdu,羊马街道,羊马街道,46500,cny_pc,56,34,50,60,38,60,44,2.7,compiled,轮廓为 OSM admin_level=8，裁入既有崇州市多边形，非民政原件。收入和学校等指标沿用所在区的公开数字，不是街道公报。人口按该区常住人口做面积分摊。,"Outline is OSM admin_level 8 clipped into the existing Chongzhou polygon, not a civil-affairs original. Income and covariates are the parent district figures, not a street bulletin. Population is an area share of the district total."
osm19225467,chengdu,元通镇,元通镇,46500,cny_pc,56,34,50,60,38,60,44,3.2,compiled,轮廓为 OSM admin_level=8，裁入既有崇州市多边形，非民政原件。收入和学校等指标沿用所在区的公开数字，不是街道公报。人口按该区常住人口做面积分摊。,"Outline is OSM admin_level 8 clipped into the existing Chongzhou polygon, not a civil-affairs original. Income and covariates are the parent district figures, not a street bulletin. Population is an area share of the district total."
510185,chengdu,简阳市,Jianyang,44100,cny_pc,52,36,48,60,40,62,48,108.4,compiled,东部新区门户，学校体系仍偏县域。,Eastern gateway; still county-style schools.
osm8504430,hangzhou,清波街道,清波街道,82665,cny_pc,86,72,86,58,86,40,94,2.6,compiled,轮廓为 OSM admin_level=8，裁入既有上城区多边形，非民政原件。收入和学校等指标沿用所在区的公开数字，不是街道公报。人口按该区常住人口做面积分摊。,"Outline is OSM admin_level 8 clipped into the existing Shangcheng polygon, not a civil-affairs original. Income and covariates are the parent district figures, not a street bulletin. Population is an area share of the district total."
osm8504429,hangzhou,湖滨街道,湖滨街道,82665,cny_pc,86,72,86,58,86,40,94,1.8,compiled,轮廓为 OSM admin_level=8，裁入既有上城区多边形，非民政原件。收入和学校等指标沿用所在区的公开数字，不是街道公报。人口按该区常住人口做面积分摊。,"Outline is OSM admin_level 8 clipped into the existing Shangcheng polygon, not a civil-affairs original. Income and covariates are the parent district figures, not a street bulletin. Population is an area share of the district total."
osm8504434,hangzhou,小营街道,小营街道,82665,cny_pc,86,72,86,58,86,40,94,3.4,compiled,轮廓为 OSM admin_level=8，裁入既有上城区多边形，非民政原件。收入和学校等指标沿用所在区的公开数字，不是街道公报。人口按该区常住人口做面积分摊。,"Outline is OSM admin_level 8 clipped into the existing Shangcheng polygon, not a civil-affairs original. Income and covariates are the parent district figures, not a street bulletin. Population is an area share of the district total."
osm8504432,hangzhou,南星街道,南星街道,82665,cny_pc,86,72,86,58,86,40,94,9.7,compiled,轮廓为 OSM admin_level=8，裁入既有上城区多边形，非民政原件。收入和学校等指标沿用所在区的公开数字，不是街道公报。人口按该区常住人口做面积分摊。,"Outline is OSM admin_level 8 clipped into the existing Shangcheng polygon, not a civil-affairs original. Income and covariates are the parent district figures, not a street bulletin. Population is an area share of the district total."
osm8504431,hangzhou,紫阳街道,紫阳街道,82665,cny_pc,86,72,86,58,86,40,94,7.3,compiled,轮廓为 OSM admin_level=8，裁入既有上城区多边形，非民政原件。收入和学校等指标沿用所在区的公开数字，不是街道公报。人口按该区常住人口做面积分摊。,"Outline is OSM admin_level 8 clipped into the existing Shangcheng polygon, not a civil-affairs original. Income and covariates are the parent district figures, not a street bulletin. Population is an area share of the district total."
osm8504433,hangzhou,望江街道,望江街道,82665,cny_pc,86,72,86,58,86,40,94,5.3,compiled,轮廓为 OSM admin_level=8，裁入既有上城区多边形，非民政原件。收入和学校等指标沿用所在区的公开数字，不是街道公报。人口按该区常住人口做面积分摊。,"Outline is OSM admin_level 8 clipped into the existing Shangcheng polygon, not a civil-affairs original. Income and covariates are the parent district figures, not a street bulletin. Population is an area share of the district total."
osm9086418,hangzhou,凯旋街道,凯旋街道,82665,cny_pc,86,72,86,58,86,40,94,3.8,compiled,轮廓为 OSM admin_level=8，裁入既有上城区多边形，非民政原件。收入和学校等指标沿用所在区的公开数字，不是街道公报。人口按该区常住人口做面积分摊。,"Outline is OSM admin_level 8 clipped into the existing Shangcheng polygon, not a civil-affairs original. Income and covariates are the parent district figures, not a street bulletin. Population is an area share of the district total."
osm9086403,hangzhou,采荷街道,采荷街道,82665,cny_pc,86,72,86,58,86,40,94,3.0,compiled,轮廓为 OSM admin_level=8，裁入既有上城区多边形，非民政原件。收入和学校等指标沿用所在区的公开数字，不是街道公报。人口按该区常住人口做面积分摊。,"Outline is OSM admin_level 8 clipped into the existing Shangcheng polygon, not a civil-affairs original. Income and covariates are the parent district figures, not a street bulletin. Population is an area share of the district total."
osm9088442,hangzhou,闸弄口街道,闸弄口街道,82665,cny_pc,86,72,86,58,86,40,94,4.5,compiled,轮廓为 OSM admin_level=8，裁入既有上城区多边形，非民政原件。收入和学校等指标沿用所在区的公开数字，不是街道公报。人口按该区常住人口做面积分摊。,"Outline is OSM admin_level 8 clipped into the existing Shangcheng polygon, not a civil-affairs original. Income and covariates are the parent district figures, not a street bulletin. Population is an area share of the district total."
osm9086435,hangzhou,四季青街道,四季青街道,82665,cny_pc,86,72,86,58,86,40,94,12.9,compiled,轮廓为 OSM admin_level=8，裁入既有上城区多边形，非民政原件。收入和学校等指标沿用所在区的公开数字，不是街道公报。人口按该区常住人口做面积分摊。,"Outline is OSM admin_level 8 clipped into the existing Shangcheng polygon, not a civil-affairs original. Income and covariates are the parent district figures, not a street bulletin. Population is an area share of the district total."
osm9088437,hangzhou,彭埠街道,彭埠街道,82665,cny_pc,86,72,86,58,86,40,94,22.2,compiled,轮廓为 OSM admin_level=8，裁入既有上城区多边形，非民政原件。收入和学校等指标沿用所在区的公开数字，不是街道公报。人口按该区常住人口做面积分摊。,"Outline is OSM admin_level 8 clipped into the existing Shangcheng polygon, not a civil-affairs original. Income and covariates are the parent district figures, not a street bulletin. Population is an area share of the district total."
osm10706644,hangzhou,笕桥街道,笕桥街道,82665,cny_pc,86,72,86,58,86,40,94,23.5,compiled,轮廓为 OSM admin_level=8，裁入既有上城区多边形，非民政原件。收入和学校等指标沿用所在区的公开数字，不是街道公报。人口按该区常住人口做面积分摊。,"Outline is OSM admin_level 8 clipped into the existing Shangcheng polygon, not a civil-affairs original. Income and covariates are the parent district figures, not a street bulletin. Population is an area share of the district total."
osm10706643,hangzhou,丁兰街道,丁兰街道,82665,cny_pc,86,72,86,58,86,40,94,19.2,compiled,轮廓为 OSM admin_level=8，裁入既有上城区多边形，非民政原件。收入和学校等指标沿用所在区的公开数字，不是街道公报。人口按该区常住人口做面积分摊。,"Outline is OSM admin_level 8 clipped into the existing Shangcheng polygon, not a civil-affairs original. Income and covariates are the parent district figures, not a street bulletin. Population is an area share of the district total."
osm10706642,hangzhou,九堡街道,九堡街道,82665,cny_pc,86,72,86,58,86,40,94,19.8,compiled,轮廓为 OSM admin_level=8，裁入既有上城区多边形，非民政原件。收入和学校等指标沿用所在区的公开数字，不是街道公报。人口按该区常住人口做面积分摊。,"Outline is OSM admin_level 8 clipped into the existing Shangcheng polygon, not a civil-affairs original. Income and covariates are the parent district figures, not a street bulletin. Population is an area share of the district total."
osm16613271,hangzhou,长庆街道,长庆街道,83039,cny_pc,80,64,82,66,78,48,90,1.7,compiled,轮廓为 OSM admin_level=8，裁入既有拱墅区多边形，非民政原件。收入和学校等指标沿用所在区的公开数字，不是街道公报。人口按该区常住人口做面积分摊。,"Outline is OSM admin_level 8 clipped into the existing Gongshu polygon, not a civil-affairs original. Income and covariates are the parent district figures, not a street bulletin. Population is an area share of the district total."
osm16613272,hangzhou,武林街道,武林街道,83039,cny_pc,80,64,82,66,78,48,90,1.5,compiled,轮廓为 OSM admin_level=8，裁入既有拱墅区多边形，非民政原件。收入和学校等指标沿用所在区的公开数字，不是街道公报。人口按该区常住人口做面积分摊。,"Outline is OSM admin_level 8 clipped into the existing Gongshu polygon, not a civil-affairs original. Income and covariates are the parent district figures, not a street bulletin. Population is an area share of the district total."
osm16613270,hangzhou,潮鸣街道,Chaoming Subdistrict,83039,cny_pc,80,64,82,66,78,48,90,2.3,compiled,轮廓为 OSM admin_level=8，裁入既有拱墅区多边形，非民政原件。收入和学校等指标沿用所在区的公开数字，不是街道公报。人口按该区常住人口做面积分摊。,"Outline is OSM admin_level 8 clipped into the existing Gongshu polygon, not a civil-affairs original. Income and covariates are the parent district figures, not a street bulletin. Population is an area share of the district total."
osm16613273,hangzhou,天水街道,天水街道,83039,cny_pc,80,64,82,66,78,48,90,1.6,compiled,轮廓为 OSM admin_level=8，裁入既有拱墅区多边形，非民政原件。收入和学校等指标沿用所在区的公开数字，不是街道公报。人口按该区常住人口做面积分摊。,"Outline is OSM admin_level 8 clipped into the existing Gongshu polygon, not a civil-affairs original. Income and covariates are the parent district figures, not a street bulletin. Population is an area share of the district total."
osm8310303,hangzhou,朝晖街道,朝晖街道,83039,cny_pc,80,64,82,66,78,48,90,3.5,compiled,轮廓为 OSM admin_level=8，裁入既有拱墅区多边形，非民政原件。收入和学校等指标沿用所在区的公开数字，不是街道公报。人口按该区常住人口做面积分摊。,"Outline is OSM admin_level 8 clipped into the existing Gongshu polygon, not a civil-affairs original. Income and covariates are the parent district figures, not a street bulletin. Population is an area share of the district total."
osm8280750,hangzhou,米市巷街道,米市巷街道,83039,cny_pc,80,64,82,66,78,48,90,2.1,compiled,轮廓为 OSM admin_level=8，裁入既有拱墅区多边形，非民政原件。收入和学校等指标沿用所在区的公开数字，不是街道公报。人口按该区常住人口做面积分摊。,"Outline is OSM admin_level 8 clipped into the existing Gongshu polygon, not a civil-affairs original. Income and covariates are the parent district figures, not a street bulletin. Population is an area share of the district total."
osm8310302,hangzhou,文晖街道,文晖街道,83039,cny_pc,80,64,82,66,78,48,90,4.9,compiled,轮廓为 OSM admin_level=8，裁入既有拱墅区多边形，非民政原件。收入和学校等指标沿用所在区的公开数字，不是街道公报。人口按该区常住人口做面积分摊。,"Outline is OSM admin_level 8 clipped into the existing Gongshu polygon, not a civil-affairs original. Income and covariates are the parent district figures, not a street bulletin. Population is an area share of the district total."
osm8310301,hangzhou,东新街道,东新街道,83039,cny_pc,80,64,82,66,78,48,90,8.2,compiled,轮廓为 OSM admin_level=8，裁入既有拱墅区多边形，非民政原件。收入和学校等指标沿用所在区的公开数字，不是街道公报。人口按该区常住人口做面积分摊。,"Outline is OSM admin_level 8 clipped into the existing Gongshu polygon, not a civil-affairs original. Income and covariates are the parent district figures, not a street bulletin. Population is an area share of the district total."
osm8280744,hangzhou,上塘街道,上塘街道,83039,cny_pc,80,64,82,66,78,48,90,11.4,compiled,轮廓为 OSM admin_level=8，裁入既有拱墅区多边形，非民政原件。收入和学校等指标沿用所在区的公开数字，不是街道公报。人口按该区常住人口做面积分摊。,"Outline is OSM admin_level 8 clipped into the existing Gongshu polygon, not a civil-affairs original. Income and covariates are the parent district figures, not a street bulletin. Population is an area share of the district total."
osm8280749,hangzhou,大关街道,大关街道,83039,cny_pc,80,64,82,66,78,48,90,1.9,compiled,轮廓为 OSM admin_level=8，裁入既有拱墅区多边形，非民政原件。收入和学校等指标沿用所在区的公开数字，不是街道公报。人口按该区常住人口做面积分摊。,"Outline is OSM admin_level 8 clipped into the existing Gongshu polygon, not a civil-affairs original. Income and covariates are the parent district figures, not a street bulletin. Population is an area share of the district total."
osm8280751,hangzhou,湖墅街道,湖墅街道,83039,cny_pc,80,64,82,66,78,48,90,1.7,compiled,轮廓为 OSM admin_level=8，裁入既有拱墅区多边形，非民政原件。收入和学校等指标沿用所在区的公开数字，不是街道公报。人口按该区常住人口做面积分摊。,"Outline is OSM admin_level 8 clipped into the existing Gongshu polygon, not a civil-affairs original. Income and covariates are the parent district figures, not a street bulletin. Population is an area share of the district total."
osm8308932,hangzhou,小河街道,小河街道,83039,cny_pc,80,64,82,66,78,48,90,3.4,compiled,轮廓为 OSM admin_level=8，裁入既有拱墅区多边形，非民政原件。收入和学校等指标沿用所在区的公开数字，不是街道公报。人口按该区常住人口做面积分摊。,"Outline is OSM admin_level 8 clipped into the existing Gongshu polygon, not a civil-affairs original. Income and covariates are the parent district figures, not a street bulletin. Population is an area share of the district total."
osm8308929,hangzhou,拱宸桥街道,拱宸桥街道,83039,cny_pc,80,64,82,66,78,48,90,3.4,compiled,轮廓为 OSM admin_level=8，裁入既有拱墅区多边形，非民政原件。收入和学校等指标沿用所在区的公开数字，不是街道公报。人口按该区常住人口做面积分摊。,"Outline is OSM admin_level 8 clipped into the existing Gongshu polygon, not a civil-affairs original. Income and covariates are the parent district figures, not a street bulletin. Population is an area share of the district total."
osm8308931,hangzhou,和睦街道,和睦街道,83039,cny_pc,80,64,82,66,78,48,90,1.5,compiled,轮廓为 OSM admin_level=8，裁入既有拱墅区多边形，非民政原件。收入和学校等指标沿用所在区的公开数字，不是街道公报。人口按该区常住人口做面积分摊。,"Outline is OSM admin_level 8 clipped into the existing Gongshu polygon, not a civil-affairs original. Income and covariates are the parent district figures, not a street bulletin. Population is an area share of the district total."
osm8308930,hangzhou,祥符街道,祥符街道,83039,cny_pc,80,64,82,66,78,48,90,19.1,compiled,轮廓为 OSM admin_level=8，裁入既有拱墅区多边形，非民政原件。收入和学校等指标沿用所在区的公开数字，不是街道公报。人口按该区常住人口做面积分摊。,"Outline is OSM admin_level 8 clipped into the existing Gongshu polygon, not a civil-affairs original. Income and covariates are the parent district figures, not a street bulletin. Population is an area share of the district total."
osm8310300,hangzhou,石桥街道,石桥街道,83039,cny_pc,80,64,82,66,78,48,90,11.6,compiled,轮廓为 OSM admin_level=8，裁入既有拱墅区多边形，非民政原件。收入和学校等指标沿用所在区的公开数字，不是街道公报。人口按该区常住人口做面积分摊。,"Outline is OSM admin_level 8 clipped into the existing Gongshu polygon, not a civil-affairs original. Income and covariates are the parent district figures, not a street bulletin. Population is an area share of the district total."
osm8308928,hangzhou,康桥街道,康桥街道,83039,cny_pc,80,64,82,66,78,48,90,14.1,compiled,轮廓为 OSM admin_level=8，裁入既有拱墅区多边形，非民政原件。收入和学校等指标沿用所在区的公开数字，不是街道公报。人口按该区常住人口做面积分摊。,"Outline is OSM admin_level 8 clipped into the existing Gongshu polygon, not a civil-affairs original. Income and covariates are the parent district figures, not a street bulletin. Population is an area share of the district total."
osm8308927,hangzhou,半山街道,半山街道,83039,cny_pc,80,64,82,66,78,48,90,24.9,compiled,轮廓为 OSM admin_level=8，裁入既有拱墅区多边形，非民政原件。收入和学校等指标沿用所在区的公开数字，不是街道公报。人口按该区常住人口做面积分摊。,"Outline is OSM admin_level 8 clipped into the existing Gongshu polygon, not a civil-affairs original. Income and covariates are the parent district figures, not a street bulletin. Population is an area share of the district total."
osm8281243,hangzhou,双浦镇,双浦镇,86521,cny_pc,92,94,88,62,90,42,88,29.7,compiled,轮廓为 OSM admin_level=8，裁入既有西湖区多边形，非民政原件。收入和学校等指标沿用所在区的公开数字，不是街道公报。人口按该区常住人口做面积分摊。,"Outline is OSM admin_level 8 clipped into the existing Xihu polygon, not a civil-affairs original. Income and covariates are the parent district figures, not a street bulletin. Population is an area share of the district total."
osm8289173,hangzhou,三墩镇,三墩镇,86521,cny_pc,92,94,88,62,90,42,88,14.3,compiled,轮廓为 OSM admin_level=8，裁入既有西湖区多边形，非民政原件。收入和学校等指标沿用所在区的公开数字，不是街道公报。人口按该区常住人口做面积分摊。,"Outline is OSM admin_level 8 clipped into the existing Xihu polygon, not a civil-affairs original. Income and covariates are the parent district figures, not a street bulletin. Population is an area share of the district total."
osm16612019,hangzhou,蒋村街道,蒋村街道,86521,cny_pc,92,94,88,62,90,42,88,5.5,compiled,轮廓为 OSM admin_level=8，裁入既有西湖区多边形，非民政原件。收入和学校等指标沿用所在区的公开数字，不是街道公报。人口按该区常住人口做面积分摊。,"Outline is OSM admin_level 8 clipped into the existing Xihu polygon, not a civil-affairs original. Income and covariates are the parent district figures, not a street bulletin. Population is an area share of the district total."
osm8281235,hangzhou,转塘街道,转塘街道,86521,cny_pc,92,94,88,62,90,42,88,27.9,compiled,轮廓为 OSM admin_level=8，裁入既有西湖区多边形，非民政原件。收入和学校等指标沿用所在区的公开数字，不是街道公报。人口按该区常住人口做面积分摊。,"Outline is OSM admin_level 8 clipped into the existing Xihu polygon, not a civil-affairs original. Income and covariates are the parent district figures, not a street bulletin. Population is an area share of the district total."
osm8289174,hangzhou,西湖街道,西湖街道,86521,cny_pc,92,94,88,62,90,42,88,15.2,compiled,轮廓为 OSM admin_level=8，裁入既有西湖区多边形，非民政原件。收入和学校等指标沿用所在区的公开数字，不是街道公报。人口按该区常住人口做面积分摊。,"Outline is OSM admin_level 8 clipped into the existing Xihu polygon, not a civil-affairs original. Income and covariates are the parent district figures, not a street bulletin. Population is an area share of the district total."
osm8289207,hangzhou,留下街道,留下街道,86521,cny_pc,92,94,88,62,90,42,88,12.3,compiled,轮廓为 OSM admin_level=8，裁入既有西湖区多边形，非民政原件。收入和学校等指标沿用所在区的公开数字，不是街道公报。人口按该区常住人口做面积分摊。,"Outline is OSM admin_level 8 clipped into the existing Xihu polygon, not a civil-affairs original. Income and covariates are the parent district figures, not a street bulletin. Population is an area share of the district total."
osm16609305,hangzhou,文新街道,文新街道,86521,cny_pc,92,94,88,62,90,42,88,1.5,compiled,轮廓为 OSM admin_level=8，裁入既有西湖区多边形，非民政原件。收入和学校等指标沿用所在区的公开数字，不是街道公报。人口按该区常住人口做面积分摊。,"Outline is OSM admin_level 8 clipped into the existing Xihu polygon, not a civil-affairs original. Income and covariates are the parent district figures, not a street bulletin. Population is an area share of the district total."
osm16612018,hangzhou,古荡街道,古荡街道,86521,cny_pc,92,94,88,62,90,42,88,1.8,compiled,轮廓为 OSM admin_level=8，裁入既有西湖区多边形，非民政原件。收入和学校等指标沿用所在区的公开数字，不是街道公报。人口按该区常住人口做面积分摊。,"Outline is OSM admin_level 8 clipped into the existing Xihu polygon, not a civil-affairs original. Income and covariates are the parent district figures, not a street bulletin. Population is an area share of the district total."
osm13038439,hangzhou,翠苑街道,翠苑街道,86521,cny_pc,92,94,88,62,90,42,88,1.5,compiled,轮廓为 OSM admin_level=8，裁入既有西湖区多边形，非民政原件。收入和学校等指标沿用所在区的公开数字，不是街道公报。人口按该区常住人口做面积分摊。,"Outline is OSM admin_level 8 clipped into the existing Xihu polygon, not a civil-affairs original. Income and covariates are the parent district figures, not a street bulletin. Population is an area share of the district total."
osm8289205,hangzhou,灵隐街道,灵隐街道,86521,cny_pc,92,94,88,62,90,42,88,2.1,compiled,轮廓为 OSM admin_level=8，裁入既有西湖区多边形，非民政原件。收入和学校等指标沿用所在区的公开数字，不是街道公报。人口按该区常住人口做面积分摊。,"Outline is OSM admin_level 8 clipped into the existing Xihu polygon, not a civil-affairs original. Income and covariates are the parent district figures, not a street bulletin. Population is an area share of the district total."
osm13039584,hangzhou,西溪街道,西溪街道,86521,cny_pc,92,94,88,62,90,42,88,1.1,compiled,轮廓为 OSM admin_level=8，裁入既有西湖区多边形，非民政原件。收入和学校等指标沿用所在区的公开数字，不是街道公报。人口按该区常住人口做面积分摊。,"Outline is OSM admin_level 8 clipped into the existing Xihu polygon, not a civil-affairs original. Income and covariates are the parent district figures, not a street bulletin. Population is an area share of the district total."
osm8289206,hangzhou,北山街道,北山街道,86521,cny_pc,92,94,88,62,90,42,88,4.2,compiled,轮廓为 OSM admin_level=8，裁入既有西湖区多边形，非民政原件。收入和学校等指标沿用所在区的公开数字，不是街道公报。人口按该区常住人口做面积分摊。,"Outline is OSM admin_level 8 clipped into the existing Xihu polygon, not a civil-affairs original. Income and covariates are the parent district figures, not a street bulletin. Population is an area share of the district total."
osm8281212,hangzhou,西兴街道,西兴街道,83205,cny_pc,80,86,86,58,98,50,84,13.5,compiled,轮廓为 OSM admin_level=8，裁入既有滨江区多边形，非民政原件。收入和学校等指标沿用所在区的公开数字，不是街道公报。人口按该区常住人口做面积分摊。,"Outline is OSM admin_level 8 clipped into the existing Binjiang polygon, not a civil-affairs original. Income and covariates are the parent district figures, not a street bulletin. Population is an area share of the district total."
osm8281211,hangzhou,长河街道,长河街道,83205,cny_pc,80,86,86,58,98,50,84,20.8,compiled,轮廓为 OSM admin_level=8，裁入既有滨江区多边形，非民政原件。收入和学校等指标沿用所在区的公开数字，不是街道公报。人口按该区常住人口做面积分摊。,"Outline is OSM admin_level 8 clipped into the existing Binjiang polygon, not a civil-affairs original. Income and covariates are the parent district figures, not a street bulletin. Population is an area share of the district total."
osm8281210,hangzhou,浦沿街道,浦沿街道,83205,cny_pc,80,86,86,58,98,50,84,20.0,compiled,轮廓为 OSM admin_level=8，裁入既有滨江区多边形，非民政原件。收入和学校等指标沿用所在区的公开数字，不是街道公报。人口按该区常住人口做面积分摊。,"Outline is OSM admin_level 8 clipped into the existing Binjiang polygon, not a civil-affairs original. Income and covariates are the parent district figures, not a street bulletin. Population is an area share of the district total."
osm17731547,hangzhou,北干街道,北干街道,74161,cny_pc,72,52,72,72,76,60,80,3.4,compiled,轮廓为 OSM admin_level=8，裁入既有萧山区多边形，非民政原件。收入和学校等指标沿用所在区的公开数字，不是街道公报。人口按该区常住人口做面积分摊。,"Outline is OSM admin_level 8 clipped into the existing Xiaoshan polygon, not a civil-affairs original. Income and covariates are the parent district figures, not a street bulletin. Population is an area share of the district total."
osm10571798,hangzhou,城厢街道,城厢街道,74161,cny_pc,72,52,72,72,76,60,80,3.6,compiled,轮廓为 OSM admin_level=8，裁入既有萧山区多边形，非民政原件。收入和学校等指标沿用所在区的公开数字，不是街道公报。人口按该区常住人口做面积分摊。,"Outline is OSM admin_level 8 clipped into the existing Xiaoshan polygon, not a civil-affairs original. Income and covariates are the parent district figures, not a street bulletin. Population is an area share of the district total."
osm10571799,hangzhou,蜀山街道,蜀山街道,74161,cny_pc,72,52,72,72,76,60,80,7.4,compiled,轮廓为 OSM admin_level=8，裁入既有萧山区多边形，非民政原件。收入和学校等指标沿用所在区的公开数字，不是街道公报。人口按该区常住人口做面积分摊。,"Outline is OSM admin_level 8 clipped into the existing Xiaoshan polygon, not a civil-affairs original. Income and covariates are the parent district figures, not a street bulletin. Population is an area share of the district total."
osm10571727,hangzhou,宁围街道,宁围街道,74161,cny_pc,72,52,72,72,76,60,80,12.8,compiled,轮廓为 OSM admin_level=8，裁入既有萧山区多边形，非民政原件。收入和学校等指标沿用所在区的公开数字，不是街道公报。人口按该区常住人口做面积分摊。,"Outline is OSM admin_level 8 clipped into the existing Xiaoshan polygon, not a civil-affairs original. Income and covariates are the parent district figures, not a street bulletin. Population is an area share of the district total."
osm10571746,hangzhou,新街街道,新街街道,74161,cny_pc,72,52,72,72,76,60,80,12.2,compiled,轮廓为 OSM admin_level=8，裁入既有萧山区多边形，非民政原件。收入和学校等指标沿用所在区的公开数字，不是街道公报。人口按该区常住人口做面积分摊。,"Outline is OSM admin_level 8 clipped into the existing Xiaoshan polygon, not a civil-affairs original. Income and covariates are the parent district figures, not a street bulletin. Population is an area share of the district total."
osm17731549,hangzhou,靖江街道,靖江街道,74161,cny_pc,72,52,72,72,76,60,80,4.9,compiled,轮廓为 OSM admin_level=8，裁入既有萧山区多边形，非民政原件。收入和学校等指标沿用所在区的公开数字，不是街道公报。人口按该区常住人口做面积分摊。,"Outline is OSM admin_level 8 clipped into the existing Xiaoshan polygon, not a civil-affairs original. Income and covariates are the parent district figures, not a street bulletin. Population is an area share of the district total."
osm12489074,hangzhou,盈丰街道,盈丰街道,74161,cny_pc,72,52,72,72,76,60,80,4.9,compiled,轮廓为 OSM admin_level=8，裁入既有萧山区多边形，非民政原件。收入和学校等指标沿用所在区的公开数字，不是街道公报。人口按该区常住人口做面积分摊。,"Outline is OSM admin_level 8 clipped into the existing Xiaoshan polygon, not a civil-affairs original. Income and covariates are the parent district figures, not a street bulletin. Population is an area share of the district total."
osm17731550,hangzhou,南阳街道,南阳街道,74161,cny_pc,72,52,72,72,76,60,80,6.6,compiled,轮廓为 OSM admin_level=8，裁入既有萧山区多边形，非民政原件。收入和学校等指标沿用所在区的公开数字，不是街道公报。人口按该区常住人口做面积分摊。,"Outline is OSM admin_level 8 clipped into the existing Xiaoshan polygon, not a civil-affairs original. Income and covariates are the parent district figures, not a street bulletin. Population is an area share of the district total."
osm9660253,hangzhou,闻堰街道,Wenyan,74161,cny_pc,72,52,72,72,76,60,80,4.8,compiled,轮廓为 OSM admin_level=8，裁入既有萧山区多边形，非民政原件。收入和学校等指标沿用所在区的公开数字，不是街道公报。人口按该区常住人口做面积分摊。,"Outline is OSM admin_level 8 clipped into the existing Xiaoshan polygon, not a civil-affairs original. Income and covariates are the parent district figures, not a street bulletin. Population is an area share of the district total."
osm17731541,hangzhou,新塘街道,新塘街道,74161,cny_pc,72,52,72,72,76,60,80,7.7,compiled,轮廓为 OSM admin_level=8，裁入既有萧山区多边形，非民政原件。收入和学校等指标沿用所在区的公开数字，不是街道公报。人口按该区常住人口做面积分摊。,"Outline is OSM admin_level 8 clipped into the existing Xiaoshan polygon, not a civil-affairs original. Income and covariates are the parent district figures, not a street bulletin. Population is an area share of the district total."
osm9674945,hangzhou,所前镇,Suoqian,74161,cny_pc,72,52,72,72,76,60,80,9.6,compiled,轮廓为 OSM admin_level=8，裁入既有萧山区多边形，非民政原件。收入和学校等指标沿用所在区的公开数字，不是街道公报。人口按该区常住人口做面积分摊。,"Outline is OSM admin_level 8 clipped into the existing Xiaoshan polygon, not a civil-affairs original. Income and covariates are the parent district figures, not a street bulletin. Population is an area share of the district total."
osm9674944,hangzhou,临浦镇,Lingpu,74161,cny_pc,72,52,72,72,76,60,80,9.1,compiled,轮廓为 OSM admin_level=8，裁入既有萧山区多边形，非民政原件。收入和学校等指标沿用所在区的公开数字，不是街道公报。人口按该区常住人口做面积分摊。,"Outline is OSM admin_level 8 clipped into the existing Xiaoshan polygon, not a civil-affairs original. Income and covariates are the parent district figures, not a street bulletin. Population is an area share of the district total."
osm13706409,hangzhou,瓜沥镇,Guali,74161,cny_pc,72,52,72,72,76,60,80,27.4,compiled,轮廓为 OSM admin_level=8，裁入既有萧山区多边形，非民政原件。收入和学校等指标沿用所在区的公开数字，不是街道公报。人口按该区常住人口做面积分摊。,"Outline is OSM admin_level 8 clipped into the existing Xiaoshan polygon, not a civil-affairs original. Income and covariates are the parent district figures, not a street bulletin. Population is an area share of the district total."
osm13706461,hangzhou,益农镇,Yinong,74161,cny_pc,72,52,72,72,76,60,80,10.0,compiled,轮廓为 OSM admin_level=8，裁入既有萧山区多边形，非民政原件。收入和学校等指标沿用所在区的公开数字，不是街道公报。人口按该区常住人口做面积分摊。,"Outline is OSM admin_level 8 clipped into the existing Xiaoshan polygon, not a civil-affairs original. Income and covariates are the parent district figures, not a street bulletin. Population is an area share of the district total."
osm13706429,hangzhou,党湾镇,Dangwan,74161,cny_pc,72,52,72,72,76,60,80,7.0,compiled,轮廓为 OSM admin_level=8，裁入既有萧山区多边形，非民政原件。收入和学校等指标沿用所在区的公开数字，不是街道公报。人口按该区常住人口做面积分摊。,"Outline is OSM admin_level 8 clipped into the existing Xiaoshan polygon, not a civil-affairs original. Income and covariates are the parent district figures, not a street bulletin. Population is an area share of the district total."
osm9674911,hangzhou,义桥镇,义桥镇,74161,cny_pc,72,52,72,72,76,60,80,13.0,compiled,轮廓为 OSM admin_level=8，裁入既有萧山区多边形，非民政原件。收入和学校等指标沿用所在区的公开数字，不是街道公报。人口按该区常住人口做面积分摊。,"Outline is OSM admin_level 8 clipped into the existing Xiaoshan polygon, not a civil-affairs original. Income and covariates are the parent district figures, not a street bulletin. Population is an area share of the district total."
osm17731544,hangzhou,戴村镇,戴村镇,74161,cny_pc,72,52,72,72,76,60,80,13.5,compiled,轮廓为 OSM admin_level=8，裁入既有萧山区多边形，非民政原件。收入和学校等指标沿用所在区的公开数字，不是街道公报。人口按该区常住人口做面积分摊。,"Outline is OSM admin_level 8 clipped into the existing Xiaoshan polygon, not a civil-affairs original. Income and covariates are the parent district figures, not a street bulletin. Population is an area share of the district total."
osm17731546,hangzhou,楼塔镇,楼塔镇,74161,cny_pc,72,52,72,72,76,60,80,10.2,compiled,轮廓为 OSM admin_level=8，裁入既有萧山区多边形，非民政原件。收入和学校等指标沿用所在区的公开数字，不是街道公报。人口按该区常住人口做面积分摊。,"Outline is OSM admin_level 8 clipped into the existing Xiaoshan polygon, not a civil-affairs original. Income and covariates are the parent district figures, not a street bulletin. Population is an area share of the district total."
osm17731545,hangzhou,河上镇,河上镇,74161,cny_pc,72,52,72,72,76,60,80,13.6,compiled,轮廓为 OSM admin_level=8，裁入既有萧山区多边形，非民政原件。收入和学校等指标沿用所在区的公开数字，不是街道公报。人口按该区常住人口做面积分摊。,"Outline is OSM admin_level 8 clipped into the existing Xiaoshan polygon, not a civil-affairs original. Income and covariates are the parent district figures, not a street bulletin. Population is an area share of the district total."
osm17731543,hangzhou,浦阳镇,浦阳镇,74161,cny_pc,72,52,72,72,76,60,80,9.5,compiled,轮廓为 OSM admin_level=8，裁入既有萧山区多边形，非民政原件。收入和学校等指标沿用所在区的公开数字，不是街道公报。人口按该区常住人口做面积分摊。,"Outline is OSM admin_level 8 clipped into the existing Xiaoshan polygon, not a civil-affairs original. Income and covariates are the parent district figures, not a street bulletin. Population is an area share of the district total."
osm17731542,hangzhou,进化镇,进化镇,74161,cny_pc,72,52,72,72,76,60,80,18.8,compiled,轮廓为 OSM admin_level=8，裁入既有萧山区多边形，非民政原件。收入和学校等指标沿用所在区的公开数字，不是街道公报。人口按该区常住人口做面积分摊。,"Outline is OSM admin_level 8 clipped into the existing Xiaoshan polygon, not a civil-affairs original. Income and covariates are the parent district figures, not a street bulletin. Population is an area share of the district total."
osm17731548,hangzhou,衙前镇,衙前镇,74161,cny_pc,72,52,72,72,76,60,80,4.0,compiled,轮廓为 OSM admin_level=8，裁入既有萧山区多边形，非民政原件。收入和学校等指标沿用所在区的公开数字，不是街道公报。人口按该区常住人口做面积分摊。,"Outline is OSM admin_level 8 clipped into the existing Xiaoshan polygon, not a civil-affairs original. Income and covariates are the parent district figures, not a street bulletin. Population is an area share of the district total."
osm8283082,hangzhou,五常街道,五常街道,75245,cny_pc,78,82,76,64,94,52,82,3.7,compiled,轮廓为 OSM admin_level=8，裁入既有余杭区多边形，非民政原件。收入和学校等指标沿用所在区的公开数字，不是街道公报。人口按该区常住人口做面积分摊。,"Outline is OSM admin_level 8 clipped into the existing Yuhang polygon, not a civil-affairs original. Income and covariates are the parent district figures, not a street bulletin. Population is an area share of the district total."
osm8273085,hangzhou,仁和街道,仁和街道,75245,cny_pc,78,82,76,64,94,52,82,11.4,compiled,轮廓为 OSM admin_level=8，裁入既有余杭区多边形，非民政原件。收入和学校等指标沿用所在区的公开数字，不是街道公报。人口按该区常住人口做面积分摊。,"Outline is OSM admin_level 8 clipped into the existing Yuhang polygon, not a civil-affairs original. Income and covariates are the parent district figures, not a street bulletin. Population is an area share of the district total."
osm8283100,hangzhou,仓前街道,仓前街道,75245,cny_pc,78,82,76,64,94,52,82,6.8,compiled,轮廓为 OSM admin_level=8，裁入既有余杭区多边形，非民政原件。收入和学校等指标沿用所在区的公开数字，不是街道公报。人口按该区常住人口做面积分摊。,"Outline is OSM admin_level 8 clipped into the existing Yuhang polygon, not a civil-affairs original. Income and covariates are the parent district figures, not a street bulletin. Population is an area share of the district total."
osm8283102,hangzhou,余杭街道,余杭街道,75245,cny_pc,78,82,76,64,94,52,82,14.9,compiled,轮廓为 OSM admin_level=8，裁入既有余杭区多边形，非民政原件。收入和学校等指标沿用所在区的公开数字，不是街道公报。人口按该区常住人口做面积分摊。,"Outline is OSM admin_level 8 clipped into the existing Yuhang polygon, not a civil-affairs original. Income and covariates are the parent district figures, not a street bulletin. Population is an area share of the district total."
osm8283084,hangzhou,中泰街道,中泰街道,75245,cny_pc,78,82,76,64,94,52,82,10.6,compiled,轮廓为 OSM admin_level=8，裁入既有余杭区多边形，非民政原件。收入和学校等指标沿用所在区的公开数字，不是街道公报。人口按该区常住人口做面积分摊。,"Outline is OSM admin_level 8 clipped into the existing Yuhang polygon, not a civil-affairs original. Income and covariates are the parent district figures, not a street bulletin. Population is an area share of the district total."
osm8520052,hangzhou,径山镇,径山镇,75245,cny_pc,78,82,76,64,94,52,82,21.2,compiled,轮廓为 OSM admin_level=8，裁入既有余杭区多边形，非民政原件。收入和学校等指标沿用所在区的公开数字，不是街道公报。人口按该区常住人口做面积分摊。,"Outline is OSM admin_level 8 clipped into the existing Yuhang polygon, not a civil-affairs original. Income and covariates are the parent district figures, not a street bulletin. Population is an area share of the district total."
osm8484198,hangzhou,瓶窑镇,瓶窑镇,75245,cny_pc,78,82,76,64,94,52,82,19.0,compiled,轮廓为 OSM admin_level=8，裁入既有余杭区多边形，非民政原件。收入和学校等指标沿用所在区的公开数字，不是街道公报。人口按该区常住人口做面积分摊。,"Outline is OSM admin_level 8 clipped into the existing Yuhang polygon, not a civil-affairs original. Income and covariates are the parent district figures, not a street bulletin. Population is an area share of the district total."
osm8273083,hangzhou,良渚街道,良渚街道,75245,cny_pc,78,82,76,64,94,52,82,16.4,compiled,轮廓为 OSM admin_level=8，裁入既有余杭区多边形，非民政原件。收入和学校等指标沿用所在区的公开数字，不是街道公报。人口按该区常住人口做面积分摊。,"Outline is OSM admin_level 8 clipped into the existing Yuhang polygon, not a civil-affairs original. Income and covariates are the parent district figures, not a street bulletin. Population is an area share of the district total."
osm8283083,hangzhou,闲林街道,闲林街道,75245,cny_pc,78,82,76,64,94,52,82,8.2,compiled,轮廓为 OSM admin_level=8，裁入既有余杭区多边形，非民政原件。收入和学校等指标沿用所在区的公开数字，不是街道公报。人口按该区常住人口做面积分摊。,"Outline is OSM admin_level 8 clipped into the existing Yuhang polygon, not a civil-affairs original. Income and covariates are the parent district figures, not a street bulletin. Population is an area share of the district total."
osm8520047,hangzhou,黄湖镇,黄湖镇,75245,cny_pc,78,82,76,64,94,52,82,8.6,compiled,轮廓为 OSM admin_level=8，裁入既有余杭区多边形，非民政原件。收入和学校等指标沿用所在区的公开数字，不是街道公报。人口按该区常住人口做面积分摊。,"Outline is OSM admin_level 8 clipped into the existing Yuhang polygon, not a civil-affairs original. Income and covariates are the parent district figures, not a street bulletin. Population is an area share of the district total."
osm8513186,hangzhou,百丈镇,百丈镇,75245,cny_pc,78,82,76,64,94,52,82,9.1,compiled,轮廓为 OSM admin_level=8，裁入既有余杭区多边形，非民政原件。收入和学校等指标沿用所在区的公开数字，不是街道公报。人口按该区常住人口做面积分摊。,"Outline is OSM admin_level 8 clipped into the existing Yuhang polygon, not a civil-affairs original. Income and covariates are the parent district figures, not a street bulletin. Population is an area share of the district total."
osm8520046,hangzhou,鸬鸟镇,鸬鸟镇,75245,cny_pc,78,82,76,64,94,52,82,10.6,compiled,轮廓为 OSM admin_level=8，裁入既有余杭区多边形，非民政原件。收入和学校等指标沿用所在区的公开数字，不是街道公报。人口按该区常住人口做面积分摊。,"Outline is OSM admin_level 8 clipped into the existing Yuhang polygon, not a civil-affairs original. Income and covariates are the parent district figures, not a street bulletin. Population is an area share of the district total."
osm8870909,hangzhou,东洲街道,东洲街道,65581,cny_pc,64,42,64,68,58,62,60,3.2,compiled,轮廓为 OSM admin_level=8，裁入既有富阳区多边形，非民政原件。收入和学校等指标沿用所在区的公开数字，不是街道公报。人口按该区常住人口做面积分摊。,"Outline is OSM admin_level 8 clipped into the existing Fuyang polygon, not a civil-affairs original. Income and covariates are the parent district figures, not a street bulletin. Population is an area share of the district total."
osm8870908,hangzhou,银湖街道,银湖街道,65581,cny_pc,64,42,64,68,58,62,60,7.4,compiled,轮廓为 OSM admin_level=8，裁入既有富阳区多边形，非民政原件。收入和学校等指标沿用所在区的公开数字，不是街道公报。人口按该区常住人口做面积分摊。,"Outline is OSM admin_level 8 clipped into the existing Fuyang polygon, not a civil-affairs original. Income and covariates are the parent district figures, not a street bulletin. Population is an area share of the district total."
osm8869516,hangzhou,渔山乡,渔山乡,65581,cny_pc,64,42,64,68,58,62,60,1.8,compiled,轮廓为 OSM admin_level=8，裁入既有富阳区多边形，非民政原件。收入和学校等指标沿用所在区的公开数字，不是街道公报。人口按该区常住人口做面积分摊。,"Outline is OSM admin_level 8 clipped into the existing Fuyang polygon, not a civil-affairs original. Income and covariates are the parent district figures, not a street bulletin. Population is an area share of the district total."
osm8869517,hangzhou,里山镇,里山镇,65581,cny_pc,64,42,64,68,58,62,60,1.2,compiled,轮廓为 OSM admin_level=8，裁入既有富阳区多边形，非民政原件。收入和学校等指标沿用所在区的公开数字，不是街道公报。人口按该区常住人口做面积分摊。,"Outline is OSM admin_level 8 clipped into the existing Fuyang polygon, not a civil-affairs original. Income and covariates are the parent district figures, not a street bulletin. Population is an area share of the district total."
osm20151544,hangzhou,富春街道,富春街道,65581,cny_pc,64,42,64,68,58,62,60,5.0,compiled,轮廓为 OSM admin_level=8，裁入既有富阳区多边形，非民政原件。收入和学校等指标沿用所在区的公开数字，不是街道公报。人口按该区常住人口做面积分摊。,"Outline is OSM admin_level 8 clipped into the existing Fuyang polygon, not a civil-affairs original. Income and covariates are the parent district figures, not a street bulletin. Population is an area share of the district total."
osm20151543,hangzhou,春江街道,春江街道,65581,cny_pc,64,42,64,68,58,62,60,2.0,compiled,轮廓为 OSM admin_level=8，裁入既有富阳区多边形，非民政原件。收入和学校等指标沿用所在区的公开数字，不是街道公报。人口按该区常住人口做面积分摊。,"Outline is OSM admin_level 8 clipped into the existing Fuyang polygon, not a civil-affairs original. Income and covariates are the parent district figures, not a street bulletin. Population is an area share of the district total."
osm20151542,hangzhou,鹿山街道,鹿山街道,65581,cny_pc,64,42,64,68,58,62,60,3.0,compiled,轮廓为 OSM admin_level=8，裁入既有富阳区多边形，非民政原件。收入和学校等指标沿用所在区的公开数字，不是街道公报。人口按该区常住人口做面积分摊。,"Outline is OSM admin_level 8 clipped into the existing Fuyang polygon, not a civil-affairs original. Income and covariates are the parent district figures, not a street bulletin. Population is an area share of the district total."
osm20151530,hangzhou,环山乡,环山乡,65581,cny_pc,64,42,64,68,58,62,60,1.8,compiled,轮廓为 OSM admin_level=8，裁入既有富阳区多边形，非民政原件。收入和学校等指标沿用所在区的公开数字，不是街道公报。人口按该区常住人口做面积分摊。,"Outline is OSM admin_level 8 clipped into the existing Fuyang polygon, not a civil-affairs original. Income and covariates are the parent district figures, not a street bulletin. Population is an area share of the district total."
osm20151541,hangzhou,大源镇,大源镇,65581,cny_pc,64,42,64,68,58,62,60,4.9,compiled,轮廓为 OSM admin_level=8，裁入既有富阳区多边形，非民政原件。收入和学校等指标沿用所在区的公开数字，不是街道公报。人口按该区常住人口做面积分摊。,"Outline is OSM admin_level 8 clipped into the existing Fuyang polygon, not a civil-affairs original. Income and covariates are the parent district figures, not a street bulletin. Population is an area share of the district total."
osm20151540,hangzhou,灵桥镇,灵桥镇,65581,cny_pc,64,42,64,68,58,62,60,2.6,compiled,轮廓为 OSM admin_level=8，裁入既有富阳区多边形，非民政原件。收入和学校等指标沿用所在区的公开数字，不是街道公报。人口按该区常住人口做面积分摊。,"Outline is OSM admin_level 8 clipped into the existing Fuyang polygon, not a civil-affairs original. Income and covariates are the parent district figures, not a street bulletin. Population is an area share of the district total."
osm20151528,hangzhou,常安镇,常安镇,65581,cny_pc,64,42,64,68,58,62,60,3.0,compiled,轮廓为 OSM admin_level=8，裁入既有富阳区多边形，非民政原件。收入和学校等指标沿用所在区的公开数字，不是街道公报。人口按该区常住人口做面积分摊。,"Outline is OSM admin_level 8 clipped into the existing Fuyang polygon, not a civil-affairs original. Income and covariates are the parent district figures, not a street bulletin. Population is an area share of the district total."
osm20151531,hangzhou,场口镇,场口镇,65581,cny_pc,64,42,64,68,58,62,60,2.7,compiled,轮廓为 OSM admin_level=8，裁入既有富阳区多边形，非民政原件。收入和学校等指标沿用所在区的公开数字，不是街道公报。人口按该区常住人口做面积分摊。,"Outline is OSM admin_level 8 clipped into the existing Fuyang polygon, not a civil-affairs original. Income and covariates are the parent district figures, not a street bulletin. Population is an area share of the district total."
osm20151532,hangzhou,新桐乡,新桐乡,65581,cny_pc,64,42,64,68,58,62,60,2.3,compiled,轮廓为 OSM admin_level=8，裁入既有富阳区多边形，非民政原件。收入和学校等指标沿用所在区的公开数字，不是街道公报。人口按该区常住人口做面积分摊。,"Outline is OSM admin_level 8 clipped into the existing Fuyang polygon, not a civil-affairs original. Income and covariates are the parent district figures, not a street bulletin. Population is an area share of the district total."
osm20151533,hangzhou,渌渚镇,渌渚镇,65581,cny_pc,64,42,64,68,58,62,60,3.7,compiled,轮廓为 OSM admin_level=8，裁入既有富阳区多边形，非民政原件。收入和学校等指标沿用所在区的公开数字，不是街道公报。人口按该区常住人口做面积分摊。,"Outline is OSM admin_level 8 clipped into the existing Fuyang polygon, not a civil-affairs original. Income and covariates are the parent district figures, not a street bulletin. Population is an area share of the district total."
osm20151537,hangzhou,新登镇,新登镇,65581,cny_pc,64,42,64,68,58,62,60,8.3,compiled,轮廓为 OSM admin_level=8，裁入既有富阳区多边形，非民政原件。收入和学校等指标沿用所在区的公开数字，不是街道公报。人口按该区常住人口做面积分摊。,"Outline is OSM admin_level 8 clipped into the existing Fuyang polygon, not a civil-affairs original. Income and covariates are the parent district figures, not a street bulletin. Population is an area share of the district total."
osm20151534,hangzhou,胥口镇,胥口镇,65581,cny_pc,64,42,64,68,58,62,60,3.2,compiled,轮廓为 OSM admin_level=8，裁入既有富阳区多边形，非民政原件。收入和学校等指标沿用所在区的公开数字，不是街道公报。人口按该区常住人口做面积分摊。,"Outline is OSM admin_level 8 clipped into the existing Fuyang polygon, not a civil-affairs original. Income and covariates are the parent district figures, not a street bulletin. Population is an area share of the district total."
osm20151536,hangzhou,洞桥镇,洞桥镇,65581,cny_pc,64,42,64,68,58,62,60,6.7,compiled,轮廓为 OSM admin_level=8，裁入既有富阳区多边形，非民政原件。收入和学校等指标沿用所在区的公开数字，不是街道公报。人口按该区常住人口做面积分摊。,"Outline is OSM admin_level 8 clipped into the existing Fuyang polygon, not a civil-affairs original. Income and covariates are the parent district figures, not a street bulletin. Population is an area share of the district total."
osm20151535,hangzhou,万市镇,万市镇,65581,cny_pc,64,42,64,68,58,62,60,7.4,compiled,轮廓为 OSM admin_level=8，裁入既有富阳区多边形，非民政原件。收入和学校等指标沿用所在区的公开数字，不是街道公报。人口按该区常住人口做面积分摊。,"Outline is OSM admin_level 8 clipped into the existing Fuyang polygon, not a civil-affairs original. Income and covariates are the parent district figures, not a street bulletin. Population is an area share of the district total."
osm20151538,hangzhou,永昌镇,永昌镇,65581,cny_pc,64,42,64,68,58,62,60,2.4,compiled,轮廓为 OSM admin_level=8，裁入既有富阳区多边形，非民政原件。收入和学校等指标沿用所在区的公开数字，不是街道公报。人口按该区常住人口做面积分摊。,"Outline is OSM admin_level 8 clipped into the existing Fuyang polygon, not a civil-affairs original. Income and covariates are the parent district figures, not a street bulletin. Population is an area share of the district total."
osm20151529,hangzhou,龙门镇,龙门镇,65581,cny_pc,64,42,64,68,58,62,60,1.3,compiled,轮廓为 OSM admin_level=8，裁入既有富阳区多边形，非民政原件。收入和学校等指标沿用所在区的公开数字，不是街道公报。人口按该区常住人口做面积分摊。,"Outline is OSM admin_level 8 clipped into the existing Fuyang polygon, not a civil-affairs original. Income and covariates are the parent district figures, not a street bulletin. Population is an area share of the district total."
osm20151525,hangzhou,上官乡,上官乡,65581,cny_pc,64,42,64,68,58,62,60,1.3,compiled,轮廓为 OSM admin_level=8，裁入既有富阳区多边形，非民政原件。收入和学校等指标沿用所在区的公开数字，不是街道公报。人口按该区常住人口做面积分摊。,"Outline is OSM admin_level 8 clipped into the existing Fuyang polygon, not a civil-affairs original. Income and covariates are the parent district figures, not a street bulletin. Population is an area share of the district total."
osm20151527,hangzhou,湖源乡,湖源乡,65581,cny_pc,64,42,64,68,58,62,60,6.0,compiled,轮廓为 OSM admin_level=8，裁入既有富阳区多边形，非民政原件。收入和学校等指标沿用所在区的公开数字，不是街道公报。人口按该区常住人口做面积分摊。,"Outline is OSM admin_level 8 clipped into the existing Fuyang polygon, not a civil-affairs original. Income and covariates are the parent district figures, not a street bulletin. Population is an area share of the district total."
osm20151526,hangzhou,常绿镇,常绿镇,65581,cny_pc,64,42,64,68,58,62,60,2.3,compiled,轮廓为 OSM admin_level=8，裁入既有富阳区多边形，非民政原件。收入和学校等指标沿用所在区的公开数字，不是街道公报。人口按该区常住人口做面积分摊。,"Outline is OSM admin_level 8 clipped into the existing Fuyang polygon, not a civil-affairs original. Income and covariates are the parent district figures, not a street bulletin. Population is an area share of the district total."
osm20151539,hangzhou,春建乡,春建乡,65581,cny_pc,64,42,64,68,58,62,60,2.2,compiled,轮廓为 OSM admin_level=8，裁入既有富阳区多边形，非民政原件。收入和学校等指标沿用所在区的公开数字，不是街道公报。人口按该区常住人口做面积分摊。,"Outline is OSM admin_level 8 clipped into the existing Fuyang polygon, not a civil-affairs original. Income and covariates are the parent district figures, not a street bulletin. Population is an area share of the district total."
osm8309067,hangzhou,玲珑街道,玲珑街道,58499,cny_pc,60,48,60,66,50,64,50,2.4,compiled,轮廓为 OSM admin_level=8，裁入既有临安区多边形，非民政原件。收入和学校等指标沿用所在区的公开数字，不是街道公报。人口按该区常住人口做面积分摊。,"Outline is OSM admin_level 8 clipped into the existing Lin'an polygon, not a civil-affairs original. Income and covariates are the parent district figures, not a street bulletin. Population is an area share of the district total."
osm8319931,hangzhou,锦南街道,锦南街道,58499,cny_pc,60,48,60,66,50,64,50,0.9,compiled,轮廓为 OSM admin_level=8，裁入既有临安区多边形，非民政原件。收入和学校等指标沿用所在区的公开数字，不是街道公报。人口按该区常住人口做面积分摊。,"Outline is OSM admin_level 8 clipped into the existing Lin'an polygon, not a civil-affairs original. Income and covariates are the parent district figures, not a street bulletin. Population is an area share of the district total."
osm8318539,hangzhou,锦城街道,锦城街道,58499,cny_pc,60,48,60,66,50,64,50,1.2,compiled,轮廓为 OSM admin_level=8，裁入既有临安区多边形，非民政原件。收入和学校等指标沿用所在区的公开数字，不是街道公报。人口按该区常住人口做面积分摊。,"Outline is OSM admin_level 8 clipped into the existing Lin'an polygon, not a civil-affairs original. Income and covariates are the parent district figures, not a street bulletin. Population is an area share of the district total."
osm8318540,hangzhou,锦北街道,锦北街道,58499,cny_pc,60,48,60,66,50,64,50,1.7,compiled,轮廓为 OSM admin_level=8，裁入既有临安区多边形，非民政原件。收入和学校等指标沿用所在区的公开数字，不是街道公报。人口按该区常住人口做面积分摊。,"Outline is OSM admin_level 8 clipped into the existing Lin'an polygon, not a civil-affairs original. Income and covariates are the parent district figures, not a street bulletin. Population is an area share of the district total."
osm8319678,hangzhou,青山湖街道,青山湖街道,58499,cny_pc,60,48,60,66,50,64,50,2.9,compiled,轮廓为 OSM admin_level=8，裁入既有临安区多边形，非民政原件。收入和学校等指标沿用所在区的公开数字，不是街道公报。人口按该区常住人口做面积分摊。,"Outline is OSM admin_level 8 clipped into the existing Lin'an polygon, not a civil-affairs original. Income and covariates are the parent district figures, not a street bulletin. Population is an area share of the district total."
osm8318541,hangzhou,高虹镇,高虹镇,58499,cny_pc,60,48,60,66,50,64,50,2.4,compiled,轮廓为 OSM admin_level=8，裁入既有临安区多边形，非民政原件。收入和学校等指标沿用所在区的公开数字，不是街道公报。人口按该区常住人口做面积分摊。,"Outline is OSM admin_level 8 clipped into the existing Lin'an polygon, not a civil-affairs original. Income and covariates are the parent district figures, not a street bulletin. Population is an area share of the district total."
osm8309068,hangzhou,太湖源镇,太湖源镇,58499,cny_pc,60,48,60,66,50,64,50,5.0,compiled,轮廓为 OSM admin_level=8，裁入既有临安区多边形，非民政原件。收入和学校等指标沿用所在区的公开数字，不是街道公报。人口按该区常住人口做面积分摊。,"Outline is OSM admin_level 8 clipped into the existing Lin'an polygon, not a civil-affairs original. Income and covariates are the parent district figures, not a street bulletin. Population is an area share of the district total."
osm8300029,hangzhou,於潜镇,於潜镇,58499,cny_pc,60,48,60,66,50,64,50,5.4,compiled,轮廓为 OSM admin_level=8，裁入既有临安区多边形，非民政原件。收入和学校等指标沿用所在区的公开数字，不是街道公报。人口按该区常住人口做面积分摊。,"Outline is OSM admin_level 8 clipped into the existing Lin'an polygon, not a civil-affairs original. Income and covariates are the parent district figures, not a street bulletin. Population is an area share of the district total."
osm8296696,hangzhou,太阳镇,太阳镇,58499,cny_pc,60,48,60,66,50,64,50,4.4,compiled,轮廓为 OSM admin_level=8，裁入既有临安区多边形，非民政原件。收入和学校等指标沿用所在区的公开数字，不是街道公报。人口按该区常住人口做面积分摊。,"Outline is OSM admin_level 8 clipped into the existing Lin'an polygon, not a civil-affairs original. Income and covariates are the parent district figures, not a street bulletin. Population is an area share of the district total."
osm8300028,hangzhou,潜川镇,潜川镇,58499,cny_pc,60,48,60,66,50,64,50,3.6,compiled,轮廓为 OSM admin_level=8，裁入既有临安区多边形，非民政原件。收入和学校等指标沿用所在区的公开数字，不是街道公报。人口按该区常住人口做面积分摊。,"Outline is OSM admin_level 8 clipped into the existing Lin'an polygon, not a civil-affairs original. Income and covariates are the parent district figures, not a street bulletin. Population is an area share of the district total."
osm8296694,hangzhou,昌化镇,昌化镇,58499,cny_pc,60,48,60,66,50,64,50,4.8,compiled,轮廓为 OSM admin_level=8，裁入既有临安区多边形，非民政原件。收入和学校等指标沿用所在区的公开数字，不是街道公报。人口按该区常住人口做面积分摊。,"Outline is OSM admin_level 8 clipped into the existing Lin'an polygon, not a civil-affairs original. Income and covariates are the parent district figures, not a street bulletin. Population is an area share of the district total."
osm8296695,hangzhou,河桥镇,河桥镇,58499,cny_pc,60,48,60,66,50,64,50,3.9,compiled,轮廓为 OSM admin_level=8，裁入既有临安区多边形，非民政原件。收入和学校等指标沿用所在区的公开数字，不是街道公报。人口按该区常住人口做面积分摊。,"Outline is OSM admin_level 8 clipped into the existing Lin'an polygon, not a civil-affairs original. Income and covariates are the parent district figures, not a street bulletin. Population is an area share of the district total."
osm8299539,hangzhou,湍口镇,湍口镇,58499,cny_pc,60,48,60,66,50,64,50,4.3,compiled,轮廓为 OSM admin_level=8，裁入既有临安区多边形，非民政原件。收入和学校等指标沿用所在区的公开数字，不是街道公报。人口按该区常住人口做面积分摊。,"Outline is OSM admin_level 8 clipped into the existing Lin'an polygon, not a civil-affairs original. Income and covariates are the parent district figures, not a street bulletin. Population is an area share of the district total."
osm8288772,hangzhou,清凉峰镇,清凉峰镇,58499,cny_pc,60,48,60,66,50,64,50,6.1,compiled,轮廓为 OSM admin_level=8，裁入既有临安区多边形，非民政原件。收入和学校等指标沿用所在区的公开数字，不是街道公报。人口按该区常住人口做面积分摊。,"Outline is OSM admin_level 8 clipped into the existing Lin'an polygon, not a civil-affairs original. Income and covariates are the parent district figures, not a street bulletin. Population is an area share of the district total."
osm8288771,hangzhou,岛石镇,岛石镇,58499,cny_pc,60,48,60,66,50,64,50,2.9,compiled,轮廓为 OSM admin_level=8，裁入既有临安区多边形，非民政原件。收入和学校等指标沿用所在区的公开数字，不是街道公报。人口按该区常住人口做面积分摊。,"Outline is OSM admin_level 8 clipped into the existing Lin'an polygon, not a civil-affairs original. Income and covariates are the parent district figures, not a street bulletin. Population is an area share of the district total."
osm8319684,hangzhou,板桥镇,板桥镇,58499,cny_pc,60,48,60,66,50,64,50,2.8,compiled,轮廓为 OSM admin_level=8，裁入既有临安区多边形，非民政原件。收入和学校等指标沿用所在区的公开数字，不是街道公报。人口按该区常住人口做面积分摊。,"Outline is OSM admin_level 8 clipped into the existing Lin'an polygon, not a civil-affairs original. Income and covariates are the parent district figures, not a street bulletin. Population is an area share of the district total."
osm8308999,hangzhou,天目山镇,天目山镇,58499,cny_pc,60,48,60,66,50,64,50,5.0,compiled,轮廓为 OSM admin_level=8，裁入既有临安区多边形，非民政原件。收入和学校等指标沿用所在区的公开数字，不是街道公报。人口按该区常住人口做面积分摊。,"Outline is OSM admin_level 8 clipped into the existing Lin'an polygon, not a civil-affairs original. Income and covariates are the parent district figures, not a street bulletin. Population is an area share of the district total."
osm8294200,hangzhou,龙岗镇,龙岗镇,58499,cny_pc,60,48,60,66,50,64,50,5.5,compiled,轮廓为 OSM admin_level=8，裁入既有临安区多边形，非民政原件。收入和学校等指标沿用所在区的公开数字，不是街道公报。人口按该区常住人口做面积分摊。,"Outline is OSM admin_level 8 clipped into the existing Lin'an polygon, not a civil-affairs original. Income and covariates are the parent district figures, not a street bulletin. Population is an area share of the district total."
osm13706339,hangzhou,围垦区,围垦区,77946,cny_pc,72,80,74,68,82,58,76,4.4,compiled,轮廓为 OSM admin_level=8，裁入既有钱塘区多边形，非民政原件。收入和学校等指标沿用所在区的公开数字，不是街道公报。人口按该区常住人口做面积分摊。,"Outline is OSM admin_level 8 clipped into the existing Qiantang polygon, not a civil-affairs original. Income and covariates are the parent district figures, not a street bulletin. Population is an area share of the district total."
osm8272980,hangzhou,下沙街道,下沙街道,77946,cny_pc,72,80,74,68,82,58,76,7.8,compiled,轮廓为 OSM admin_level=8，裁入既有钱塘区多边形，非民政原件。收入和学校等指标沿用所在区的公开数字，不是街道公报。人口按该区常住人口做面积分摊。,"Outline is OSM admin_level 8 clipped into the existing Qiantang polygon, not a civil-affairs original. Income and covariates are the parent district figures, not a street bulletin. Population is an area share of the district total."
osm8272979,hangzhou,白杨街道,白杨街道,77946,cny_pc,72,80,74,68,82,58,76,8.9,compiled,轮廓为 OSM admin_level=8，裁入既有钱塘区多边形，非民政原件。收入和学校等指标沿用所在区的公开数字，不是街道公报。人口按该区常住人口做面积分摊。,"Outline is OSM admin_level 8 clipped into the existing Qiantang polygon, not a civil-affairs original. Income and covariates are the parent district figures, not a street bulletin. Population is an area share of the district total."
osm13705741,hangzhou,河庄街道,河庄街道,77946,cny_pc,72,80,74,68,82,58,76,13.0,compiled,轮廓为 OSM admin_level=8，裁入既有钱塘区多边形，非民政原件。收入和学校等指标沿用所在区的公开数字，不是街道公报。人口按该区常住人口做面积分摊。,"Outline is OSM admin_level 8 clipped into the existing Qiantang polygon, not a civil-affairs original. Income and covariates are the parent district figures, not a street bulletin. Population is an area share of the district total."
osm8273233,hangzhou,义蓬街道,Yipeng,77946,cny_pc,72,80,74,68,82,58,76,8.7,compiled,轮廓为 OSM admin_level=8，裁入既有钱塘区多边形，非民政原件。收入和学校等指标沿用所在区的公开数字，不是街道公报。人口按该区常住人口做面积分摊。,"Outline is OSM admin_level 8 clipped into the existing Qiantang polygon, not a civil-affairs original. Income and covariates are the parent district figures, not a street bulletin. Population is an area share of the district total."
osm8273236,hangzhou,新湾街道,Xinwan,77946,cny_pc,72,80,74,68,82,58,76,3.3,compiled,轮廓为 OSM admin_level=8，裁入既有钱塘区多边形，非民政原件。收入和学校等指标沿用所在区的公开数字，不是街道公报。人口按该区常住人口做面积分摊。,"Outline is OSM admin_level 8 clipped into the existing Qiantang polygon, not a civil-affairs original. Income and covariates are the parent district figures, not a street bulletin. Population is an area share of the district total."
osm8273235,hangzhou,临江街道,Linjiang,77946,cny_pc,72,80,74,68,82,58,76,9.1,compiled,轮廓为 OSM admin_level=8，裁入既有钱塘区多边形，非民政原件。收入和学校等指标沿用所在区的公开数字，不是街道公报。人口按该区常住人口做面积分摊。,"Outline is OSM admin_level 8 clipped into the existing Qiantang polygon, not a civil-affairs original. Income and covariates are the parent district figures, not a street bulletin. Population is an area share of the district total."
osm8273234,hangzhou,前进街道,Qianjin,77946,cny_pc,72,80,74,68,82,58,76,7.0,compiled,轮廓为 OSM admin_level=8，裁入既有钱塘区多边形，非民政原件。收入和学校等指标沿用所在区的公开数字，不是街道公报。人口按该区常住人口做面积分摊。,"Outline is OSM admin_level 8 clipped into the existing Qiantang polygon, not a civil-affairs original. Income and covariates are the parent district figures, not a street bulletin. Population is an area share of the district total."
osm13082098,hangzhou,围垦区,围垦区,77946,cny_pc,72,80,74,68,82,58,76,18.0,compiled,轮廓为 OSM admin_level=8，裁入既有钱塘区多边形，非民政原件。收入和学校等指标沿用所在区的公开数字，不是街道公报。人口按该区常住人口做面积分摊。,"Outline is OSM admin_level 8 clipped into the existing Qiantang polygon, not a civil-affairs original. Income and covariates are the parent district figures, not a street bulletin. Population is an area share of the district total."
osm8921762,hangzhou,乔司街道,乔司街道,77011,cny_pc,74,58,74,70,72,58,78,11.7,compiled,轮廓为 OSM admin_level=8，裁入既有临平区多边形，非民政原件。收入和学校等指标沿用所在区的公开数字，不是街道公报。人口按该区常住人口做面积分摊。,"Outline is OSM admin_level 8 clipped into the existing Linping polygon, not a civil-affairs original. Income and covariates are the parent district figures, not a street bulletin. Population is an area share of the district total."
osm8921653,hangzhou,南苑街道,南苑街道,77011,cny_pc,74,58,74,70,72,58,78,11.0,compiled,轮廓为 OSM admin_level=8，裁入既有临平区多边形，非民政原件。收入和学校等指标沿用所在区的公开数字，不是街道公报。人口按该区常住人口做面积分摊。,"Outline is OSM admin_level 8 clipped into the existing Linping polygon, not a civil-affairs original. Income and covariates are the parent district figures, not a street bulletin. Population is an area share of the district total."
osm6652680,hangzhou,星桥街道,Xingqiao,77011,cny_pc,74,58,74,70,72,58,78,7.1,compiled,轮廓为 OSM admin_level=8，裁入既有临平区多边形，非民政原件。收入和学校等指标沿用所在区的公开数字，不是街道公报。人口按该区常住人口做面积分摊。,"Outline is OSM admin_level 8 clipped into the existing Linping polygon, not a civil-affairs original. Income and covariates are the parent district figures, not a street bulletin. Population is an area share of the district total."
osm8921635,hangzhou,临平街道,临平街道,77011,cny_pc,74,58,74,70,72,58,78,14.0,compiled,轮廓为 OSM admin_level=8，裁入既有临平区多边形，非民政原件。收入和学校等指标沿用所在区的公开数字，不是街道公报。人口按该区常住人口做面积分摊。,"Outline is OSM admin_level 8 clipped into the existing Linping polygon, not a civil-affairs original. Income and covariates are the parent district figures, not a street bulletin. Population is an area share of the district total."
osm8921595,hangzhou,塘栖镇,塘栖镇,77011,cny_pc,74,58,74,70,72,58,78,31.9,compiled,轮廓为 OSM admin_level=8，裁入既有临平区多边形，非民政原件。收入和学校等指标沿用所在区的公开数字，不是街道公报。人口按该区常住人口做面积分摊。,"Outline is OSM admin_level 8 clipped into the existing Linping polygon, not a civil-affairs original. Income and covariates are the parent district figures, not a street bulletin. Population is an area share of the district total."
osm8495817,hangzhou,崇贤街道,崇贤街道,77011,cny_pc,74,58,74,70,72,58,78,15.0,compiled,轮廓为 OSM admin_level=8，裁入既有临平区多边形，非民政原件。收入和学校等指标沿用所在区的公开数字，不是街道公报。人口按该区常住人口做面积分摊。,"Outline is OSM admin_level 8 clipped into the existing Linping polygon, not a civil-affairs original. Income and covariates are the parent district figures, not a street bulletin. Population is an area share of the district total."
osm8921634,hangzhou,运河街道,运河街道,77011,cny_pc,74,58,74,70,72,58,78,22.0,compiled,轮廓为 OSM admin_level=8，裁入既有临平区多边形，非民政原件。收入和学校等指标沿用所在区的公开数字，不是街道公报。人口按该区常住人口做面积分摊。,"Outline is OSM admin_level 8 clipped into the existing Linping polygon, not a civil-affairs original. Income and covariates are the parent district figures, not a street bulletin. Population is an area share of the district total."
osm20152376,hangzhou,桐君街道,桐君街道,58549,cny_pc,56,34,58,64,42,64,44,1.6,compiled,轮廓为 OSM admin_level=8，裁入既有桐庐县多边形，非民政原件。收入和学校等指标沿用所在区的公开数字，不是街道公报。人口按该区常住人口做面积分摊。,"Outline is OSM admin_level 8 clipped into the existing Tonglu polygon, not a civil-affairs original. Income and covariates are the parent district figures, not a street bulletin. Population is an area share of the district total."
osm20152373,hangzhou,凤川街道,凤川街道,58549,cny_pc,56,34,58,64,42,64,44,4.1,compiled,轮廓为 OSM admin_level=8，裁入既有桐庐县多边形，非民政原件。收入和学校等指标沿用所在区的公开数字，不是街道公报。人口按该区常住人口做面积分摊。,"Outline is OSM admin_level 8 clipped into the existing Tonglu polygon, not a civil-affairs original. Income and covariates are the parent district figures, not a street bulletin. Population is an area share of the district total."
osm20152377,hangzhou,旧县街道,旧县街道,58549,cny_pc,56,34,58,64,42,64,44,0.8,compiled,轮廓为 OSM admin_level=8，裁入既有桐庐县多边形，非民政原件。收入和学校等指标沿用所在区的公开数字，不是街道公报。人口按该区常住人口做面积分摊。,"Outline is OSM admin_level 8 clipped into the existing Tonglu polygon, not a civil-affairs original. Income and covariates are the parent district figures, not a street bulletin. Population is an area share of the district total."
osm20152374,hangzhou,城南街道,城南街道,58549,cny_pc,56,34,58,64,42,64,44,2.1,compiled,轮廓为 OSM admin_level=8，裁入既有桐庐县多边形，非民政原件。收入和学校等指标沿用所在区的公开数字，不是街道公报。人口按该区常住人口做面积分摊。,"Outline is OSM admin_level 8 clipped into the existing Tonglu polygon, not a civil-affairs original. Income and covariates are the parent district figures, not a street bulletin. Population is an area share of the district total."
osm20152372,hangzhou,新合乡,新合乡,58549,cny_pc,56,34,58,64,42,64,44,1.9,compiled,轮廓为 OSM admin_level=8，裁入既有桐庐县多边形，非民政原件。收入和学校等指标沿用所在区的公开数字，不是街道公报。人口按该区常住人口做面积分摊。,"Outline is OSM admin_level 8 clipped into the existing Tonglu polygon, not a civil-affairs original. Income and covariates are the parent district figures, not a street bulletin. Population is an area share of the district total."
osm20152375,hangzhou,富春江镇,富春江镇,58549,cny_pc,56,34,58,64,42,64,44,5.1,compiled,轮廓为 OSM admin_level=8，裁入既有桐庐县多边形，非民政原件。收入和学校等指标沿用所在区的公开数字，不是街道公报。人口按该区常住人口做面积分摊。,"Outline is OSM admin_level 8 clipped into the existing Tonglu polygon, not a civil-affairs original. Income and covariates are the parent district figures, not a street bulletin. Population is an area share of the district total."
osm20152371,hangzhou,江南镇,江南镇,58549,cny_pc,56,34,58,64,42,64,44,2.0,compiled,轮廓为 OSM admin_level=8，裁入既有桐庐县多边形，非民政原件。收入和学校等指标沿用所在区的公开数字，不是街道公报。人口按该区常住人口做面积分摊。,"Outline is OSM admin_level 8 clipped into the existing Tonglu polygon, not a civil-affairs original. Income and covariates are the parent district figures, not a street bulletin. Population is an area share of the district total."
osm20152379,hangzhou,莪山畲族乡,莪山畲族乡,58549,cny_pc,56,34,58,64,42,64,44,0.7,compiled,轮廓为 OSM admin_level=8，裁入既有桐庐县多边形，非民政原件。收入和学校等指标沿用所在区的公开数字，不是街道公报。人口按该区常住人口做面积分摊。,"Outline is OSM admin_level 8 clipped into the existing Tonglu polygon, not a civil-affairs original. Income and covariates are the parent district figures, not a street bulletin. Population is an area share of the district total."
osm20152380,hangzhou,钟山乡,钟山乡,58549,cny_pc,56,34,58,64,42,64,44,2.8,compiled,轮廓为 OSM admin_level=8，裁入既有桐庐县多边形，非民政原件。收入和学校等指标沿用所在区的公开数字，不是街道公报。人口按该区常住人口做面积分摊。,"Outline is OSM admin_level 8 clipped into the existing Tonglu polygon, not a civil-affairs original. Income and covariates are the parent district figures, not a street bulletin. Population is an area share of the district total."
osm20152378,hangzhou,横村镇,横村镇,58549,cny_pc,56,34,58,64,42,64,44,3.0,compiled,轮廓为 OSM admin_level=8，裁入既有桐庐县多边形，非民政原件。收入和学校等指标沿用所在区的公开数字，不是街道公报。人口按该区常住人口做面积分摊。,"Outline is OSM admin_level 8 clipped into the existing Tonglu polygon, not a civil-affairs original. Income and covariates are the parent district figures, not a street bulletin. Population is an area share of the district total."
osm20152381,hangzhou,瑶琳镇,瑶琳镇,58549,cny_pc,56,34,58,64,42,64,44,5.3,compiled,轮廓为 OSM admin_level=8，裁入既有桐庐县多边形，非民政原件。收入和学校等指标沿用所在区的公开数字，不是街道公报。人口按该区常住人口做面积分摊。,"Outline is OSM admin_level 8 clipped into the existing Tonglu polygon, not a civil-affairs original. Income and covariates are the parent district figures, not a street bulletin. Population is an area share of the district total."
osm20152383,hangzhou,百江镇,百江镇,58549,cny_pc,56,34,58,64,42,64,44,6.0,compiled,轮廓为 OSM admin_level=8，裁入既有桐庐县多边形，非民政原件。收入和学校等指标沿用所在区的公开数字，不是街道公报。人口按该区常住人口做面积分摊。,"Outline is OSM admin_level 8 clipped into the existing Tonglu polygon, not a civil-affairs original. Income and covariates are the parent district figures, not a street bulletin. Population is an area share of the district total."
osm20152382,hangzhou,分水镇,分水镇,58549,cny_pc,56,34,58,64,42,64,44,7.5,compiled,轮廓为 OSM admin_level=8，裁入既有桐庐县多边形，非民政原件。收入和学校等指标沿用所在区的公开数字，不是街道公报。人口按该区常住人口做面积分摊。,"Outline is OSM admin_level 8 clipped into the existing Tonglu polygon, not a civil-affairs original. Income and covariates are the parent district figures, not a street bulletin. Population is an area share of the district total."
osm20152384,hangzhou,合村乡,合村乡,58549,cny_pc,56,34,58,64,42,64,44,3.0,compiled,轮廓为 OSM admin_level=8，裁入既有桐庐县多边形，非民政原件。收入和学校等指标沿用所在区的公开数字，不是街道公报。人口按该区常住人口做面积分摊。,"Outline is OSM admin_level 8 clipped into the existing Tonglu polygon, not a civil-affairs original. Income and covariates are the parent district figures, not a street bulletin. Population is an area share of the district total."
osm8088037,hangzhou,中洲镇,中洲镇,39762,cny_pc,48,26,50,60,30,66,34,1.2,compiled,轮廓为 OSM admin_level=8，裁入既有淳安县多边形，非民政原件。收入和学校等指标沿用所在区的公开数字，不是街道公报。人口按该区常住人口做面积分摊。,"Outline is OSM admin_level 8 clipped into the existing Chun'an polygon, not a civil-affairs original. Income and covariates are the parent district figures, not a street bulletin. Population is an area share of the district total."
osm8088038,hangzhou,汾口镇,汾口镇,39762,cny_pc,48,26,50,60,30,66,34,1.6,compiled,轮廓为 OSM admin_level=8，裁入既有淳安县多边形，非民政原件。收入和学校等指标沿用所在区的公开数字，不是街道公报。人口按该区常住人口做面积分摊。,"Outline is OSM admin_level 8 clipped into the existing Chun'an polygon, not a civil-affairs original. Income and covariates are the parent district figures, not a street bulletin. Population is an area share of the district total."
osm8088289,hangzhou,浪川乡,浪川乡,39762,cny_pc,48,26,50,60,30,66,34,0.8,compiled,轮廓为 OSM admin_level=8，裁入既有淳安县多边形，非民政原件。收入和学校等指标沿用所在区的公开数字，不是街道公报。人口按该区常住人口做面积分摊。,"Outline is OSM admin_level 8 clipped into the existing Chun'an polygon, not a civil-affairs original. Income and covariates are the parent district figures, not a street bulletin. Population is an area share of the district total."
osm8088290,hangzhou,姜家镇,姜家镇,39762,cny_pc,48,26,50,60,30,66,34,1.8,compiled,轮廓为 OSM admin_level=8，裁入既有淳安县多边形，非民政原件。收入和学校等指标沿用所在区的公开数字，不是街道公报。人口按该区常住人口做面积分摊。,"Outline is OSM admin_level 8 clipped into the existing Chun'an polygon, not a civil-affairs original. Income and covariates are the parent district figures, not a street bulletin. Population is an area share of the district total."
osm8088860,hangzhou,安阳乡,安阳乡,39762,cny_pc,48,26,50,60,30,66,34,1.2,compiled,轮廓为 OSM admin_level=8，裁入既有淳安县多边形，非民政原件。收入和学校等指标沿用所在区的公开数字，不是街道公报。人口按该区常住人口做面积分摊。,"Outline is OSM admin_level 8 clipped into the existing Chun'an polygon, not a civil-affairs original. Income and covariates are the parent district figures, not a street bulletin. Population is an area share of the district total."
osm8089098,hangzhou,梓桐镇,梓桐镇,39762,cny_pc,48,26,50,60,30,66,34,1.3,compiled,轮廓为 OSM admin_level=8，裁入既有淳安县多边形，非民政原件。收入和学校等指标沿用所在区的公开数字，不是街道公报。人口按该区常住人口做面积分摊。,"Outline is OSM admin_level 8 clipped into the existing Chun'an polygon, not a civil-affairs original. Income and covariates are the parent district figures, not a street bulletin. Population is an area share of the district total."
osm8089099,hangzhou,界首乡,界首乡,39762,cny_pc,48,26,50,60,30,66,34,1.6,compiled,轮廓为 OSM admin_level=8，裁入既有淳安县多边形，非民政原件。收入和学校等指标沿用所在区的公开数字，不是街道公报。人口按该区常住人口做面积分摊。,"Outline is OSM admin_level 8 clipped into the existing Chun'an polygon, not a civil-affairs original. Income and covariates are the parent district figures, not a street bulletin. Population is an area share of the district total."
osm8089160,hangzhou,里商乡,里商乡,39762,cny_pc,48,26,50,60,30,66,34,2.3,compiled,轮廓为 OSM admin_level=8，裁入既有淳安县多边形，非民政原件。收入和学校等指标沿用所在区的公开数字，不是街道公报。人口按该区常住人口做面积分摊。,"Outline is OSM admin_level 8 clipped into the existing Chun'an polygon, not a civil-affairs original. Income and covariates are the parent district figures, not a street bulletin. Population is an area share of the district total."
osm8089470,hangzhou,千岛湖镇,千岛湖镇,39762,cny_pc,48,26,50,60,30,66,34,3.2,compiled,轮廓为 OSM admin_level=8，裁入既有淳安县多边形，非民政原件。收入和学校等指标沿用所在区的公开数字，不是街道公报。人口按该区常住人口做面积分摊。,"Outline is OSM admin_level 8 clipped into the existing Chun'an polygon, not a civil-affairs original. Income and covariates are the parent district figures, not a street bulletin. Population is an area share of the district total."
osm8088291,hangzhou,枫树岭镇,枫树岭镇,39762,cny_pc,48,26,50,60,30,66,34,2.1,compiled,轮廓为 OSM admin_level=8，裁入既有淳安县多边形，非民政原件。收入和学校等指标沿用所在区的公开数字，不是街道公报。人口按该区常住人口做面积分摊。,"Outline is OSM admin_level 8 clipped into the existing Chun'an polygon, not a civil-affairs original. Income and covariates are the parent district figures, not a street bulletin. Population is an area share of the district total."
osm8089471,hangzhou,石林镇,石林镇,39762,cny_pc,48,26,50,60,30,66,34,0.9,compiled,轮廓为 OSM admin_level=8，裁入既有淳安县多边形，非民政原件。收入和学校等指标沿用所在区的公开数字，不是街道公报。人口按该区常住人口做面积分摊。,"Outline is OSM admin_level 8 clipped into the existing Chun'an polygon, not a civil-affairs original. Income and covariates are the parent district figures, not a street bulletin. Population is an area share of the district total."
osm8089817,hangzhou,金峰乡,金峰乡,39762,cny_pc,48,26,50,60,30,66,34,1.1,compiled,轮廓为 OSM admin_level=8，裁入既有淳安县多边形，非民政原件。收入和学校等指标沿用所在区的公开数字，不是街道公报。人口按该区常住人口做面积分摊。,"Outline is OSM admin_level 8 clipped into the existing Chun'an polygon, not a civil-affairs original. Income and covariates are the parent district figures, not a street bulletin. Population is an area share of the district total."
osm8091164,hangzhou,鸠坑乡,鸠坑乡,39762,cny_pc,48,26,50,60,30,66,34,0.7,compiled,轮廓为 OSM admin_level=8，裁入既有淳安县多边形，非民政原件。收入和学校等指标沿用所在区的公开数字，不是街道公报。人口按该区常住人口做面积分摊。,"Outline is OSM admin_level 8 clipped into the existing Chun'an polygon, not a civil-affairs original. Income and covariates are the parent district figures, not a street bulletin. Population is an area share of the district total."
osm8091165,hangzhou,威坪镇,威坪镇,39762,cny_pc,48,26,50,60,30,66,34,2.1,compiled,轮廓为 OSM admin_level=8，裁入既有淳安县多边形，非民政原件。收入和学校等指标沿用所在区的公开数字，不是街道公报。人口按该区常住人口做面积分摊。,"Outline is OSM admin_level 8 clipped into the existing Chun'an polygon, not a civil-affairs original. Income and covariates are the parent district figures, not a street bulletin. Population is an area share of the district total."
osm8088649,hangzhou,大墅镇,大墅镇,39762,cny_pc,48,26,50,60,30,66,34,1.1,compiled,轮廓为 OSM admin_level=8，裁入既有淳安县多边形，非民政原件。收入和学校等指标沿用所在区的公开数字，不是街道公报。人口按该区常住人口做面积分摊。,"Outline is OSM admin_level 8 clipped into the existing Chun'an polygon, not a civil-affairs original. Income and covariates are the parent district figures, not a street bulletin. Population is an area share of the district total."
osm8091166,hangzhou,宋村乡,宋村乡,39762,cny_pc,48,26,50,60,30,66,34,0.6,compiled,轮廓为 OSM admin_level=8，裁入既有淳安县多边形，非民政原件。收入和学校等指标沿用所在区的公开数字，不是街道公报。人口按该区常住人口做面积分摊。,"Outline is OSM admin_level 8 clipped into the existing Chun'an polygon, not a civil-affairs original. Income and covariates are the parent district figures, not a street bulletin. Population is an area share of the district total."
osm8092437,hangzhou,王阜乡,王阜乡,39762,cny_pc,48,26,50,60,30,66,34,1.2,compiled,轮廓为 OSM admin_level=8，裁入既有淳安县多边形，非民政原件。收入和学校等指标沿用所在区的公开数字，不是街道公报。人口按该区常住人口做面积分摊。,"Outline is OSM admin_level 8 clipped into the existing Chun'an polygon, not a civil-affairs original. Income and covariates are the parent district figures, not a street bulletin. Population is an area share of the district total."
osm8092521,hangzhou,屏门乡,屏门乡,39762,cny_pc,48,26,50,60,30,66,34,1.2,compiled,轮廓为 OSM admin_level=8，裁入既有淳安县多边形，非民政原件。收入和学校等指标沿用所在区的公开数字，不是街道公报。人口按该区常住人口做面积分摊。,"Outline is OSM admin_level 8 clipped into the existing Chun'an polygon, not a civil-affairs original. Income and covariates are the parent district figures, not a street bulletin. Population is an area share of the district total."
osm8094350,hangzhou,瑶山乡,瑶山乡,39762,cny_pc,48,26,50,60,30,66,34,0.8,compiled,轮廓为 OSM admin_level=8，裁入既有淳安县多边形，非民政原件。收入和学校等指标沿用所在区的公开数字，不是街道公报。人口按该区常住人口做面积分摊。,"Outline is OSM admin_level 8 clipped into the existing Chun'an polygon, not a civil-affairs original. Income and covariates are the parent district figures, not a street bulletin. Population is an area share of the district total."
osm8094543,hangzhou,临岐镇,临岐镇,39762,cny_pc,48,26,50,60,30,66,34,1.6,compiled,轮廓为 OSM admin_level=8，裁入既有淳安县多边形，非民政原件。收入和学校等指标沿用所在区的公开数字，不是街道公报。人口按该区常住人口做面积分摊。,"Outline is OSM admin_level 8 clipped into the existing Chun'an polygon, not a civil-affairs original. Income and covariates are the parent district figures, not a street bulletin. Population is an area share of the district total."
osm8094544,hangzhou,文昌镇,文昌镇,39762,cny_pc,48,26,50,60,30,66,34,1.7,compiled,轮廓为 OSM admin_level=8，裁入既有淳安县多边形，非民政原件。收入和学校等指标沿用所在区的公开数字，不是街道公报。人口按该区常住人口做面积分摊。,"Outline is OSM admin_level 8 clipped into the existing Chun'an polygon, not a civil-affairs original. Income and covariates are the parent district figures, not a street bulletin. Population is an area share of the district total."
osm8094558,hangzhou,富文乡,富文乡,39762,cny_pc,48,26,50,60,30,66,34,0.9,compiled,轮廓为 OSM admin_level=8，裁入既有淳安县多边形，非民政原件。收入和学校等指标沿用所在区的公开数字，不是街道公报。人口按该区常住人口做面积分摊。,"Outline is OSM admin_level 8 clipped into the existing Chun'an polygon, not a civil-affairs original. Income and covariates are the parent district figures, not a street bulletin. Population is an area share of the district total."
osm8092341,hangzhou,左口乡,左口乡,39762,cny_pc,48,26,50,60,30,66,34,1.1,compiled,轮廓为 OSM admin_level=8，裁入既有淳安县多边形，非民政原件。收入和学校等指标沿用所在区的公开数字，不是街道公报。人口按该区常住人口做面积分摊。,"Outline is OSM admin_level 8 clipped into the existing Chun'an polygon, not a civil-affairs original. Income and covariates are the parent district figures, not a street bulletin. Population is an area share of the district total."
osm20155947,hangzhou,大洋镇,大洋镇,50907,cny_pc,52,30,54,62,38,64,40,4.3,compiled,轮廓为 OSM admin_level=8，裁入既有建德市多边形，非民政原件。收入和学校等指标沿用所在区的公开数字，不是街道公报。人口按该区常住人口做面积分摊。,"Outline is OSM admin_level 8 clipped into the existing Jiande polygon, not a civil-affairs original. Income and covariates are the parent district figures, not a street bulletin. Population is an area share of the district total."
osm20155946,hangzhou,梅城镇,梅城镇,50907,cny_pc,52,30,54,62,38,64,40,2.9,compiled,轮廓为 OSM admin_level=8，裁入既有建德市多边形，非民政原件。收入和学校等指标沿用所在区的公开数字，不是街道公报。人口按该区常住人口做面积分摊。,"Outline is OSM admin_level 8 clipped into the existing Jiande polygon, not a civil-affairs original. Income and covariates are the parent district figures, not a street bulletin. Population is an area share of the district total."
osm20155944,hangzhou,三都镇,三都镇,50907,cny_pc,52,30,54,62,38,64,40,3.7,compiled,轮廓为 OSM admin_level=8，裁入既有建德市多边形，非民政原件。收入和学校等指标沿用所在区的公开数字，不是街道公报。人口按该区常住人口做面积分摊。,"Outline is OSM admin_level 8 clipped into the existing Jiande polygon, not a civil-affairs original. Income and covariates are the parent district figures, not a street bulletin. Population is an area share of the district total."
osm20155943,hangzhou,乾潭镇,乾潭镇,50907,cny_pc,52,30,54,62,38,64,40,7.1,compiled,轮廓为 OSM admin_level=8，裁入既有建德市多边形，非民政原件。收入和学校等指标沿用所在区的公开数字，不是街道公报。人口按该区常住人口做面积分摊。,"Outline is OSM admin_level 8 clipped into the existing Jiande polygon, not a civil-affairs original. Income and covariates are the parent district figures, not a street bulletin. Population is an area share of the district total."
osm20155945,hangzhou,杨村桥镇,杨村桥镇,50907,cny_pc,52,30,54,62,38,64,40,2.5,compiled,轮廓为 OSM admin_level=8，裁入既有建德市多边形，非民政原件。收入和学校等指标沿用所在区的公开数字，不是街道公报。人口按该区常住人口做面积分摊。,"Outline is OSM admin_level 8 clipped into the existing Jiande polygon, not a civil-affairs original. Income and covariates are the parent district figures, not a street bulletin. Population is an area share of the district total."
osm20155948,hangzhou,下涯镇,下涯镇,50907,cny_pc,52,30,54,62,38,64,40,3.1,compiled,轮廓为 OSM admin_level=8，裁入既有建德市多边形，非民政原件。收入和学校等指标沿用所在区的公开数字，不是街道公报。人口按该区常住人口做面积分摊。,"Outline is OSM admin_level 8 clipped into the existing Jiande polygon, not a civil-affairs original. Income and covariates are the parent district figures, not a street bulletin. Population is an area share of the district total."
osm20155949,hangzhou,莲花镇,莲花镇,50907,cny_pc,52,30,54,62,38,64,40,1.7,compiled,轮廓为 OSM admin_level=8，裁入既有建德市多边形，非民政原件。收入和学校等指标沿用所在区的公开数字，不是街道公报。人口按该区常住人口做面积分摊。,"Outline is OSM admin_level 8 clipped into the existing Jiande polygon, not a civil-affairs original. Income and covariates are the parent district figures, not a street bulletin. Population is an area share of the district total."
osm20155950,hangzhou,洋溪街道,洋溪街道,50907,cny_pc,52,30,54,62,38,64,40,1.4,compiled,轮廓为 OSM admin_level=8，裁入既有建德市多边形，非民政原件。收入和学校等指标沿用所在区的公开数字，不是街道公报。人口按该区常住人口做面积分摊。,"Outline is OSM admin_level 8 clipped into the existing Jiande polygon, not a civil-affairs original. Income and covariates are the parent district figures, not a street bulletin. Population is an area share of the district total."
osm20155951,hangzhou,新安江街道,新安江街道,50907,cny_pc,52,30,54,62,38,64,40,2.1,compiled,轮廓为 OSM admin_level=8，裁入既有建德市多边形，非民政原件。收入和学校等指标沿用所在区的公开数字，不是街道公报。人口按该区常住人口做面积分摊。,"Outline is OSM admin_level 8 clipped into the existing Jiande polygon, not a civil-affairs original. Income and covariates are the parent district figures, not a street bulletin. Population is an area share of the district total."
osm20155952,hangzhou,更楼街道,更楼街道,50907,cny_pc,52,30,54,62,38,64,40,1.5,compiled,轮廓为 OSM admin_level=8，裁入既有建德市多边形，非民政原件。收入和学校等指标沿用所在区的公开数字，不是街道公报。人口按该区常住人口做面积分摊。,"Outline is OSM admin_level 8 clipped into the existing Jiande polygon, not a civil-affairs original. Income and covariates are the parent district figures, not a street bulletin. Population is an area share of the district total."
osm20155954,hangzhou,寿昌镇,寿昌镇,50907,cny_pc,52,30,54,62,38,64,40,3.0,compiled,轮廓为 OSM admin_level=8，裁入既有建德市多边形，非民政原件。收入和学校等指标沿用所在区的公开数字，不是街道公报。人口按该区常住人口做面积分摊。,"Outline is OSM admin_level 8 clipped into the existing Jiande polygon, not a civil-affairs original. Income and covariates are the parent district figures, not a street bulletin. Population is an area share of the district total."
osm20155953,hangzhou,大慈岩镇,大慈岩镇,50907,cny_pc,52,30,54,62,38,64,40,1.6,compiled,轮廓为 OSM admin_level=8，裁入既有建德市多边形，非民政原件。收入和学校等指标沿用所在区的公开数字，不是街道公报。人口按该区常住人口做面积分摊。,"Outline is OSM admin_level 8 clipped into the existing Jiande polygon, not a civil-affairs original. Income and covariates are the parent district figures, not a street bulletin. Population is an area share of the district total."
osm20155955,hangzhou,航头镇,航头镇,50907,cny_pc,52,30,54,62,38,64,40,3.0,compiled,轮廓为 OSM admin_level=8，裁入既有建德市多边形，非民政原件。收入和学校等指标沿用所在区的公开数字，不是街道公报。人口按该区常住人口做面积分摊。,"Outline is OSM admin_level 8 clipped into the existing Jiande polygon, not a civil-affairs original. Income and covariates are the parent district figures, not a street bulletin. Population is an area share of the district total."
osm20155956,hangzhou,大同镇,大同镇,50907,cny_pc,52,30,54,62,38,64,40,3.3,compiled,轮廓为 OSM admin_level=8，裁入既有建德市多边形，非民政原件。收入和学校等指标沿用所在区的公开数字，不是街道公报。人口按该区常住人口做面积分摊。,"Outline is OSM admin_level 8 clipped into the existing Jiande polygon, not a civil-affairs original. Income and covariates are the parent district figures, not a street bulletin. Population is an area share of the district total."
osm20155957,hangzhou,李家镇,李家镇,50907,cny_pc,52,30,54,62,38,64,40,2.0,compiled,轮廓为 OSM admin_level=8，裁入既有建德市多边形，非民政原件。收入和学校等指标沿用所在区的公开数字，不是街道公报。人口按该区常住人口做面积分摊。,"Outline is OSM admin_level 8 clipped into the existing Jiande polygon, not a civil-affairs original. Income and covariates are the parent district figures, not a street bulletin. Population is an area share of the district total."
osm20155942,hangzhou,钦堂乡,钦堂乡,50907,cny_pc,52,30,54,62,38,64,40,1.1,compiled,轮廓为 OSM admin_level=8，裁入既有建德市多边形，非民政原件。收入和学校等指标沿用所在区的公开数字，不是街道公报。人口按该区常住人口做面积分摊。,"Outline is OSM admin_level 8 clipped into the existing Jiande polygon, not a civil-affairs original. Income and covariates are the parent district figures, not a street bulletin. Population is an area share of the district total."
810001,hongkong,中西区,Central and Western,42000,hkd_hh_m,92,88,86,48,96,40,95,23.6,census,中环金融核心，传统名校与国际学校并存，住房极度昂贵。,"Central finance core; elite and international schools, extreme rents."
810002,hongkong,湾仔区,Wan Chai,40400,hkd_hh_m,90,80,84,50,90,42,94,16.7,census,商住混合，Band 1 学校密度高。,Mixed commercial; dense Band 1 schools.
810003,hongkong,东区,Eastern,31500,hkd_hh_m,82,62,70,64,72,55,86,52.9,census,港岛东，学校中上，公屋与私人楼并存。,Hong Kong East; mix of public and private housing.
810004,hongkong,南区,Southern,33000,hkd_hh_m,80,70,72,58,68,50,70,26.3,census,香港大学所在，海怡/薄扶林差异大。,HKU area; large within-district gaps.
810005,hongkong,油尖旺区,Yau Tsim Mong,27900,hkd_hh_m,74,58,60,62,78,58,92,31.0,census,旺角尖沙咀，就业密度极高，居住拥挤。,"Mong Kok / TST; extreme job density, crowded housing."
810006,hongkong,深水埗区,Sham Shui Po,22000,hkd_hh_m,62,48,42,70,52,72,88,43.1,census,全港住户收入最低，但公营学校网与社交资本并非最弱。,Lowest household income; school net stronger than income rank.
810007,hongkong,九龙城区,Kowloon City,29700,hkd_hh_m,88,75,66,60,70,52,84,41.9,census,传统名校带（喇沙、拔萃），对中产家庭教育机会极强。,"Traditional school belt (La Salle, Diocesan)."
810008,hongkong,黄大仙区,Wong Tai Sin,23300,hkd_hh_m,64,42,48,72,48,70,80,42.7,census,公屋为主，学校中等，社区稳定性高。,Public-housing majority; stable community.
810009,hongkong,观塘区,Kwun Tong,22200,hkd_hh_m,66,50,46,68,58,68,86,67.3,census,工厦转型，学位压力大。,Industrial conversion; tight school seats.
810010,hongkong,荃湾区,Tsuen Wan,31800,hkd_hh_m,76,55,68,64,62,58,78,32.0,census,新界第一代新市镇，学校中上。,First-generation new town; solid schools.
810011,hongkong,屯门区,Tuen Mun,25400,hkd_hh_m,68,58,54,66,50,62,60,50.7,census,岭南大学，通勤时间长削弱就业可达性。,Lingnan University; long commute penalty.
810012,hongkong,元朗区,Yuen Long,27000,hkd_hh_m,65,45,56,64,48,60,55,66.8,census,天水围与元朗市差异大，新移民比例高。,Tin Shui Wai vs Yuen Long town; many new immigrants.
810013,hongkong,北区,North,23300,hkd_hh_m,60,40,50,62,42,58,48,33.4,census,上水粉岭，跨境家庭多，学校竞争与资源并置。,Sheung Shui / Fanling; cross-border families.
810014,hongkong,大埔区,Tai Po,30000,hkd_hh_m,74,52,64,66,50,58,58,31.6,census,新市镇，学校口碑稳定。,New town; stable school reputation.
810015,hongkong,西贡区,Sai Kung,37200,hkd_hh_m,78,55,76,58,58,50,52,48.9,census,将军澳私人屋苑拉高收入，交通依赖铁路。,Tseung Kwan O estates lift income; rail-dependent.
810016,hongkong,沙田区,Sha Tin,27100,hkd_hh_m,84,82,62,68,65,60,80,69.8,census,中文大学所在，Band 1 学校多，公屋与私人楼并存。,"CUHK; many Band 1 schools, mixed tenure."
810017,hongkong,葵青区,Kwai Tsing,23300,hkd_hh_m,64,44,48,68,55,68,82,49.5,census,货柜码头与公屋，就业以蓝领为主。,Container port and public housing.
810018,hongkong,离岛区,Islands,28800,hkd_hh_m,70,40,60,50,45,48,35,18.5,census,东涌新市镇与南丫/长洲差异极大。,Tung Chung vs outlying islands — huge gaps.
